out_idx,time_ns,data_out,phase_acc,sample_in_now,in_count,wptr_now
0,1449204000,x,224522262,485427483,64,64
1,1449797000,x,336783393,485427483,64,64
2,1450389000,x,449044524,485427483,64,64
3,1450982000,x,561305655,485427483,64,64
4,1451574000,x,673566786,485427483,64,64
5,1452167000,x,785827917,485427483,64,64
6,1452760000,x,898089048,485427483,64,64
7,1453352000,x,1010350179,485427483,64,64
8,1453945000,x,1122611310,485427483,64,64
9,1454538000,x,1234872441,485427483,64,64
10,1455130000,x,1347133572,485427483,64,64
11,1455723000,x,1459394703,485427483,64,64
12,1456316000,x,1571655834,485427483,64,64
13,1456908000,x,1683916965,485427483,64,64
14,1457501000,x,1796178096,485427483,64,64
15,1458093000,x,1908439227,485427483,64,64
16,1458686000,x,2020700358,485427483,64,64
17,1459279000,x,2132961489,485427483,64,64
18,1459871000,x,2245222620,485427483,64,64
19,1460464000,x,2357483751,485427483,64,64
20,1461057000,x,2469744882,485427483,64,64
21,1461649000,x,2582006013,485427483,64,64
22,1462242000,x,2694267144,485427483,64,64
23,1462835000,x,2806528275,485427483,64,64
24,1463427000,x,2918789406,485427483,64,64
25,1464020000,x,3031050537,485427483,64,64
26,1464613000,x,3143311668,485427483,64,64
27,1465205000,x,3255572799,485427483,64,64
28,1465798000,x,3367833930,485427483,64,64
29,1466390000,x,3480095061,485427483,64,64
30,1466983000,x,3592356192,485427483,64,64
31,1467576000,x,3704617323,485427483,64,64
32,1468168000,x,3816878454,485427483,64,64
33,1468761000,x,3929139585,485427483,64,64
34,1469354000,x,4041400716,485427483,64,64
35,1469946000,x,4153661847,485427483,64,64
36,1470539000,x,4265922978,485427483,64,64
37,1471132000,x,83216813,344841866,65,65
38,1471724000,x,195477944,344841866,65,65
39,1472317000,x,307739075,344841866,65,65
40,1472909000,x,420000206,344841866,65,65
41,1473502000,x,532261337,344841866,65,65
42,1474095000,x,644522468,344841866,65,65
43,1474687000,x,756783599,344841866,65,65
44,1475280000,x,869044730,344841866,65,65
45,1475873000,x,981305861,344841866,65,65
46,1476465000,x,1093566992,344841866,65,65
47,1477058000,x,1205828123,344841866,65,65
48,1477651000,x,1318089254,344841866,65,65
49,1478243000,x,1430350385,344841866,65,65
50,1478836000,x,1542611516,344841866,65,65
51,1479429000,x,1654872647,344841866,65,65
52,1480021000,x,1767133778,344841866,65,65
53,1480614000,x,1879394909,344841866,65,65
54,1481206000,x,1991656040,344841866,65,65
55,1481799000,x,2103917171,344841866,65,65
56,1482392000,x,2216178302,344841866,65,65
57,1482984000,x,2328439433,344841866,65,65
58,1483577000,x,2440700564,344841866,65,65
59,1484170000,x,2552961695,344841866,65,65
60,1484762000,x,2665222826,344841866,65,65
61,1485355000,x,2777483957,344841866,65,65
62,1485948000,x,2889745088,344841866,65,65
63,1486540000,x,3002006219,344841866,65,65
64,1487133000,x,3114267350,344841866,65,65
65,1487725000,x,3226528481,344841866,65,65
66,1488318000,x,3338789612,344841866,65,65
67,1488911000,x,3451050743,344841866,65,65
68,1489503000,x,3563311874,344841866,65,65
69,1490096000,x,3675573005,344841866,65,65
70,1490689000,x,3787834136,344841866,65,65
71,1491281000,x,3900095267,344841866,65,65
72,1491874000,x,4012356398,344841866,65,65
73,1492467000,x,4124617529,344841866,65,65
74,1493059000,x,4236878660,344841866,65,65
75,1493652000,x,54172495,197299542,66,66
76,1494245000,x,166433626,197299542,66,66
77,1494837000,x,278694757,197299542,66,66
78,1495430000,x,390955888,197299542,66,66
79,1496022000,x,503217019,197299542,66,66
80,1496615000,x,615478150,197299542,66,66
81,1497208000,x,727739281,197299542,66,66
82,1497800000,x,840000412,197299542,66,66
83,1498393000,x,952261543,197299542,66,66
84,1498986000,x,1064522674,197299542,66,66
85,1499578000,x,1176783805,197299542,66,66
86,1500171000,x,1289044936,197299542,66,66
87,1500764000,x,1401306067,197299542,66,66
88,1501356000,x,1513567198,197299542,66,66
89,1501949000,x,1625828329,197299542,66,66
90,1502541000,x,1738089460,197299542,66,66
91,1503134000,x,1850350591,197299542,66,66
92,1503727000,x,1962611722,197299542,66,66
93,1504319000,x,2074872853,197299542,66,66
94,1504912000,x,2187133984,197299542,66,66
95,1505505000,x,2299395115,197299542,66,66
96,1506097000,x,2411656246,197299542,66,66
97,1506690000,x,2523917377,197299542,66,66
98,1507283000,x,2636178508,197299542,66,66
99,1507875000,x,2748439639,197299542,66,66
100,1508468000,x,2860700770,197299542,66,66
101,1509061000,x,2972961901,197299542,66,66
102,1509653000,x,3085223032,197299542,66,66
103,1510246000,x,3197484163,197299542,66,66
104,1510838000,x,3309745294,197299542,66,66
105,1511431000,x,3422006425,197299542,66,66
106,1512024000,x,3534267556,197299542,66,66
107,1512616000,x,3646528687,197299542,66,66
108,1513209000,x,3758789818,197299542,66,66
109,1513802000,x,3871050949,197299542,66,66
110,1514394000,x,3983312080,197299542,66,66
111,1514987000,x,4095573211,197299542,66,66
112,1515580000,x,4207834342,197299542,66,66
113,1516172000,x,25128177,45776973,67,67
114,1516765000,x,137389308,45776973,67,67
115,1517357000,x,249650439,45776973,67,67
116,1517950000,x,361911570,45776973,67,67
117,1518543000,x,474172701,45776973,67,67
118,1519135000,x,586433832,45776973,67,67
119,1519728000,x,698694963,45776973,67,67
120,1520321000,x,810956094,45776973,67,67
121,1520913000,x,923217225,45776973,67,67
122,1521506000,x,1035478356,45776973,67,67
123,1522099000,x,1147739487,45776973,67,67
124,1522691000,x,1260000618,45776973,67,67
125,1523284000,x,1372261749,45776973,67,67
126,1523877000,x,1484522880,45776973,67,67
127,1524469000,x,1596784011,45776973,67,67
128,1525062000,x,1709045142,45776973,67,67
129,1525654000,x,1821306273,45776973,67,67
130,1526247000,x,1933567404,45776973,67,67
131,1526840000,x,2045828535,45776973,67,67
132,1527432000,x,2158089666,45776973,67,67
133,1528025000,x,2270350797,45776973,67,67
134,1528618000,x,2382611928,45776973,67,67
135,1529210000,x,2494873059,45776973,67,67
136,1529803000,x,2607134190,45776973,67,67
137,1530396000,x,2719395321,45776973,67,67
138,1530988000,x,2831656452,45776973,67,67
139,1531581000,x,2943917583,45776973,67,67
140,1532173000,x,3056178714,45776973,67,67
141,1532766000,x,3168439845,45776973,67,67
142,1533359000,x,3280700976,45776973,67,67
143,1533951000,x,3392962107,45776973,67,67
144,1534544000,x,3505223238,45776973,67,67
145,1535137000,x,3617484369,45776973,67,67
146,1535729000,x,3729745500,45776973,67,67
147,1536322000,x,3842006631,45776973,67,67
148,1536915000,x,3954267762,45776973,67,67
149,1537507000,x,4066528893,45776973,67,67
150,1538100000,x,4178790024,45776973,67,67
151,1538693000,x,4291051155,45776973,67,67
152,1539285000,x,108344990,-106669082,68,68
153,1539878000,x,220606121,-106669082,68,68
154,1540470000,x,332867252,-106669082,68,68
155,1541063000,x,445128383,-106669082,68,68
156,1541656000,x,557389514,-106669082,68,68
157,1542248000,x,669650645,-106669082,68,68
158,1542841000,x,781911776,-106669082,68,68
159,1543434000,x,894172907,-106669082,68,68
160,1544026000,x,1006434038,-106669082,68,68
161,1544619000,x,1118695169,-106669082,68,68
162,1545212000,x,1230956300,-106669082,68,68
163,1545804000,x,1343217431,-106669082,68,68
164,1546397000,x,1455478562,-106669082,68,68
165,1546989000,x,1567739693,-106669082,68,68
166,1547582000,x,1680000824,-106669082,68,68
167,1548175000,x,1792261955,-106669082,68,68
168,1548767000,x,1904523086,-106669082,68,68
169,1549360000,x,2016784217,-106669082,68,68
170,1549953000,x,2129045348,-106669082,68,68
171,1550545000,x,2241306479,-106669082,68,68
172,1551138000,x,2353567610,-106669082,68,68
173,1551731000,x,2465828741,-106669082,68,68
174,1552323000,x,2578089872,-106669082,68,68
175,1552916000,x,2690351003,-106669082,68,68
176,1553509000,x,2802612134,-106669082,68,68
177,1554101000,x,2914873265,-106669082,68,68
178,1554694000,x,3027134396,-106669082,68,68
179,1555286000,x,3139395527,-106669082,68,68
180,1555879000,x,3251656658,-106669082,68,68
181,1556472000,x,3363917789,-106669082,68,68
182,1557064000,x,3476178920,-106669082,68,68
183,1557657000,x,3588440051,-106669082,68,68
184,1558250000,x,3700701182,-106669082,68,68
185,1558842000,x,3812962313,-106669082,68,68
186,1559435000,x,3925223444,-106669082,68,68
187,1560028000,x,4037484575,-106669082,68,68
188,1560620000,x,4149745706,-106669082,68,68
189,1561213000,x,4262006837,-106669082,68,68
190,1561805000,x,79300672,-256963237,69,69
191,1562398000,x,191561803,-256963237,69,69
192,1562991000,x,303822934,-256963237,69,69
193,1563583000,x,416084065,-256963237,69,69
194,1564176000,x,528345196,-256963237,69,69
195,1564769000,x,640606327,-256963237,69,69
196,1565361000,x,752867458,-256963237,69,69
197,1565954000,x,865128589,-256963237,69,69
198,1566547000,x,977389720,-256963237,69,69
199,1567139000,x,1089650851,-256963237,69,69
200,1567732000,x,1201911982,-256963237,69,69
201,1568325000,x,1314173113,-256963237,69,69
202,1568917000,x,1426434244,-256963237,69,69
203,1569510000,x,1538695375,-256963237,69,69
204,1570102000,x,1650956506,-256963237,69,69
205,1570695000,x,1763217637,-256963237,69,69
206,1571288000,x,1875478768,-256963237,69,69
207,1571880000,x,1987739899,-256963237,69,69
208,1572473000,x,2100001030,-256963237,69,69
209,1573066000,x,2212262161,-256963237,69,69
210,1573658000,x,2324523292,-256963237,69,69
211,1574251000,x,2436784423,-256963237,69,69
212,1574844000,x,2549045554,-256963237,69,69
213,1575436000,x,2661306685,-256963237,69,69
214,1576029000,x,2773567816,-256963237,69,69
215,1576621000,x,2885828947,-256963237,69,69
216,1577214000,x,2998090078,-256963237,69,69
217,1577807000,x,3110351209,-256963237,69,69
218,1578399000,x,3222612340,-256963237,69,69
219,1578992000,x,3334873471,-256963237,69,69
220,1579585000,x,3447134602,-256963237,69,69
221,1580177000,x,3559395733,-256963237,69,69
222,1580770000,x,3671656864,-256963237,69,69
223,1581363000,x,3783917995,-256963237,69,69
224,1581955000,x,3896179126,-256963237,69,69
225,1582548000,x,4008440257,-256963237,69,69
226,1583141000,x,4120701388,-256963237,69,69
227,1583733000,x,4232962519,-256963237,69,69
228,1584326000,x,50256354,-402073515,70,70
229,1584918000,x,162517485,-402073515,70,70
230,1585511000,x,274778616,-402073515,70,70
231,1586104000,x,387039747,-402073515,70,70
232,1586696000,x,499300878,-402073515,70,70
233,1587289000,x,611562009,-402073515,70,70
234,1587882000,x,723823140,-402073515,70,70
235,1588474000,x,836084271,-402073515,70,70
236,1589067000,x,948345402,-402073515,70,70
237,1589660000,x,1060606533,-402073515,70,70
238,1590252000,x,1172867664,-402073515,70,70
239,1590845000,x,1285128795,-402073515,70,70
240,1591437000,x,1397389926,-402073515,70,70
241,1592030000,x,1509651057,-402073515,70,70
242,1592623000,x,1621912188,-402073515,70,70
243,1593215000,x,1734173319,-402073515,70,70
244,1593808000,x,1846434450,-402073515,70,70
245,1594401000,x,1958695581,-402073515,70,70
246,1594993000,x,2070956712,-402073515,70,70
247,1595586000,x,2183217843,-402073515,70,70
248,1596179000,x,2295478974,-402073515,70,70
249,1596771000,x,2407740105,-402073515,70,70
250,1597364000,x,2520001236,-402073515,70,70
251,1597957000,x,2632262367,-402073515,70,70
252,1598549000,x,2744523498,-402073515,70,70
253,1599142000,x,2856784629,-402073515,70,70
254,1599734000,x,2969045760,-402073515,70,70
255,1600327000,x,3081306891,-402073515,70,70
256,1600920000,x,3193568022,-402073515,70,70
257,1601512000,x,3305829153,-402073515,70,70
258,1602105000,x,3418090284,-402073515,70,70
259,1602698000,x,3530351415,-402073515,70,70
260,1603290000,x,3642612546,-402073515,70,70
261,1603883000,x,3754873677,-402073515,70,70
262,1604476000,x,3867134808,-402073515,70,70
263,1605068000,x,3979395939,-402073515,70,70
264,1605661000,x,4091657070,-402073515,70,70
265,1606253000,x,4203918201,-402073515,70,70
266,1606846000,x,21212036,-539072516,71,71
267,1607439000,x,133473167,-539072516,71,71
268,1608031000,x,245734298,-539072516,71,71
269,1608624000,x,357995429,-539072516,71,71
270,1609217000,x,470256560,-539072516,71,71
271,1609809000,x,582517691,-539072516,71,71
272,1610402000,x,694778822,-539072516,71,71
273,1610995000,x,807039953,-539072516,71,71
274,1611587000,x,919301084,-539072516,71,71
275,1612180000,x,1031562215,-539072516,71,71
276,1612773000,x,1143823346,-539072516,71,71
277,1613365000,x,1256084477,-539072516,71,71
278,1613958000,x,1368345608,-539072516,71,71
279,1614550000,x,1480606739,-539072516,71,71
280,1615143000,x,1592867870,-539072516,71,71
281,1615736000,x,1705129001,-539072516,71,71
282,1616328000,x,1817390132,-539072516,71,71
283,1616921000,x,1929651263,-539072516,71,71
284,1617514000,x,2041912394,-539072516,71,71
285,1618106000,x,2154173525,-539072516,71,71
286,1618699000,x,2266434656,-539072516,71,71
287,1619292000,x,2378695787,-539072516,71,71
288,1619884000,x,2490956918,-539072516,71,71
289,1620477000,x,2603218049,-539072516,71,71
290,1621069000,x,2715479180,-539072516,71,71
291,1621662000,x,2827740311,-539072516,71,71
292,1622255000,x,2940001442,-539072516,71,71
293,1622847000,x,3052262573,-539072516,71,71
294,1623440000,x,3164523704,-539072516,71,71
295,1624033000,x,3276784835,-539072516,71,71
296,1624625000,x,3389045966,-539072516,71,71
297,1625218000,x,3501307097,-539072516,71,71
298,1625811000,x,3613568228,-539072516,71,71
299,1626403000,x,3725829359,-539072516,71,71
300,1626996000,x,3838090490,-539072516,71,71
301,1627589000,x,3950351621,-539072516,71,71
302,1628181000,x,4062612752,-539072516,71,71
303,1628774000,x,4174873883,-539072516,71,71
304,1629366000,x,4287135014,-665196475,72,72
305,1629959000,x,104428849,-665196475,72,72
306,1630552000,x,216689980,-665196475,72,72
307,1631144000,x,328951111,-665196475,72,72
308,1631737000,x,441212242,-665196475,72,72
309,1632330000,x,553473373,-665196475,72,72
310,1632922000,x,665734504,-665196475,72,72
311,1633515000,x,777995635,-665196475,72,72
312,1634108000,x,890256766,-665196475,72,72
313,1634700000,x,1002517897,-665196475,72,72
314,1635293000,x,1114779028,-665196475,72,72
315,1635885000,x,1227040159,-665196475,72,72
316,1636478000,x,1339301290,-665196475,72,72
317,1637071000,x,1451562421,-665196475,72,72
318,1637663000,x,1563823552,-665196475,72,72
319,1638256000,x,1676084683,-665196475,72,72
320,1638849000,x,1788345814,-665196475,72,72
321,1639441000,x,1900606945,-665196475,72,72
322,1640034000,x,2012868076,-665196475,72,72
323,1640627000,x,2125129207,-665196475,72,72
324,1641219000,x,2237390338,-665196475,72,72
325,1641812000,x,2349651469,-665196475,72,72
326,1642405000,x,2461912600,-665196475,72,72
327,1642997000,x,2574173731,-665196475,72,72
328,1643590000,x,2686434862,-665196475,72,72
329,1644182000,x,2798695993,-665196475,72,72
330,1644775000,x,2910957124,-665196475,72,72
331,1645368000,x,3023218255,-665196475,72,72
332,1645960000,x,3135479386,-665196475,72,72
333,1646553000,x,3247740517,-665196475,72,72
334,1647146000,x,3360001648,-665196475,72,72
335,1647738000,x,3472262779,-665196475,72,72
336,1648331000,x,3584523910,-665196475,72,72
337,1648924000,x,3696785041,-665196475,72,72
338,1649516000,x,3809046172,-665196475,72,72
339,1650109000,x,3921307303,-665196475,72,72
340,1650701000,x,4033568434,-665196475,72,72
341,1651294000,x,4145829565,-665196475,72,72
342,1651887000,x,4258090696,-777901017,73,73
343,1652479000,x,75384531,-777901017,73,73
344,1653072000,x,187645662,-777901017,73,73
345,1653665000,x,299906793,-777901017,73,73
346,1654257000,x,412167924,-777901017,73,73
347,1654850000,x,524429055,-777901017,73,73
348,1655443000,x,636690186,-777901017,73,73
349,1656035000,x,748951317,-777901017,73,73
350,1656628000,x,861212448,-777901017,73,73
351,1657221000,x,973473579,-777901017,73,73
352,1657813000,x,1085734710,-777901017,73,73
353,1658406000,x,1197995841,-777901017,73,73
354,1658998000,x,1310256972,-777901017,73,73
355,1659591000,x,1422518103,-777901017,73,73
356,1660184000,x,1534779234,-777901017,73,73
357,1660776000,x,1647040365,-777901017,73,73
358,1661369000,x,1759301496,-777901017,73,73
359,1661962000,x,1871562627,-777901017,73,73
360,1662554000,x,1983823758,-777901017,73,73
361,1663147000,x,2096084889,-777901017,73,73
362,1663740000,x,2208346020,-777901017,73,73
363,1664332000,x,2320607151,-777901017,73,73
364,1664925000,x,2432868282,-777901017,73,73
365,1665517000,x,2545129413,-777901017,73,73
366,1666110000,x,2657390544,-777901017,73,73
367,1666703000,x,2769651675,-777901017,73,73
368,1667295000,x,2881912806,-777901017,73,73
369,1667888000,x,2994173937,-777901017,73,73
370,1668481000,x,3106435068,-777901017,73,73
371,1669073000,x,3218696199,-777901017,73,73
372,1669666000,x,3330957330,-777901017,73,73
373,1670259000,x,3443218461,-777901017,73,73
374,1670851000,x,3555479592,-777901017,73,73
375,1671444000,x,3667740723,-777901017,73,73
376,1672037000,x,3780001854,-777901017,73,73
377,1672629000,x,3892262985,-777901017,73,73
378,1673222000,x,4004524116,-777901017,73,73
379,1673814000,x,4116785247,-777901017,73,73
380,1674407000,x,4229046378,-777901017,73,73
381,1675000000,x,46340213,-874912482,74,74
382,1675592000,x,158601344,-874912482,74,74
383,1676185000,x,270862475,-874912482,74,74
384,1676778000,x,383123606,-874912482,74,74
385,1677370000,x,495384737,-874912482,74,74
386,1677963000,x,607645868,-874912482,74,74
387,1678556000,x,719906999,-874912482,74,74
388,1679148000,x,832168130,-874912482,74,74
389,1679741000,x,944429261,-874912482,74,74
390,1680333000,x,1056690392,-874912482,74,74
391,1680926000,x,1168951523,-874912482,74,74
392,1681519000,x,1281212654,-874912482,74,74
393,1682111000,x,1393473785,-874912482,74,74
394,1682704000,x,1505734916,-874912482,74,74
395,1683297000,x,1617996047,-874912482,74,74
396,1683889000,x,1730257178,-874912482,74,74
397,1684482000,x,1842518309,-874912482,74,74
398,1685075000,x,1954779440,-874912482,74,74
399,1685667000,x,2067040571,-874912482,74,74
400,1686260000,x,2179301702,-874912482,74,74
401,1686853000,x,2291562833,-874912482,74,74
402,1687445000,x,2403823964,-874912482,74,74
403,1688038000,x,2516085095,-874912482,74,74
404,1688630000,x,2628346226,-874912482,74,74
405,1689223000,x,2740607357,-874912482,74,74
406,1689816000,x,2852868488,-874912482,74,74
407,1690408000,x,2965129619,-874912482,74,74
408,1691001000,x,3077390750,-874912482,74,74
409,1691594000,x,3189651881,-874912482,74,74
410,1692186000,x,3301913012,-874912482,74,74
411,1692779000,x,3414174143,-874912482,74,74
412,1693372000,x,3526435274,-874912482,74,74
413,1693964000,x,3638696405,-874912482,74,74
414,1694557000,x,3750957536,-874912482,74,74
415,1695149000,x,3863218667,-874912482,74,74
416,1695742000,x,3975479798,-874912482,74,74
417,1696335000,x,4087740929,-874912482,74,74
418,1696927000,x,4200002060,-874912482,74,74
419,1697520000,x,17295895,-954273800,75,75
420,1698113000,x,129557026,-954273800,75,75
421,1698705000,x,241818157,-954273800,75,75
422,1699298000,x,354079288,-954273800,75,75
423,1699891000,x,466340419,-954273800,75,75
424,1700483000,x,578601550,-954273800,75,75
425,1701076000,x,690862681,-954273800,75,75
426,1701669000,x,803123812,-954273800,75,75
427,1702261000,x,915384943,-954273800,75,75
428,1702854000,x,1027646074,-954273800,75,75
429,1703446000,x,1139907205,-954273800,75,75
430,1704039000,x,1252168336,-954273800,75,75
431,1704632000,x,1364429467,-954273800,75,75
432,1705224000,x,1476690598,-954273800,75,75
433,1705817000,x,1588951729,-954273800,75,75
434,1706410000,x,1701212860,-954273800,75,75
435,1707002000,x,1813473991,-954273800,75,75
436,1707595000,x,1925735122,-954273800,75,75
437,1708188000,x,2037996253,-954273800,75,75
438,1708780000,x,2150257384,-954273800,75,75
439,1709373000,x,2262518515,-954273800,75,75
440,1709965000,x,2374779646,-954273800,75,75
441,1710558000,x,2487040777,-954273800,75,75
442,1711151000,x,2599301908,-954273800,75,75
443,1711743000,x,2711563039,-954273800,75,75
444,1712336000,x,2823824170,-954273800,75,75
445,1712929000,x,2936085301,-954273800,75,75
446,1713521000,x,3048346432,-954273800,75,75
447,1714114000,x,3160607563,-954273800,75,75
448,1714707000,x,3272868694,-954273800,75,75
449,1715299000,x,3385129825,-954273800,75,75
450,1715892000,x,3497390956,-954273800,75,75
451,1716485000,x,3609652087,-954273800,75,75
452,1717077000,x,3721913218,-954273800,75,75
453,1717670000,x,3834174349,-954273800,75,75
454,1718262000,x,3946435480,-954273800,75,75
455,1718855000,x,4058696611,-954273800,75,75
456,1719448000,x,4170957742,-954273800,75,75
457,1720040000,x,4283218873,-1014383965,76,76
458,1720633000,x,100512708,-1014383965,76,76
459,1721226000,x,212773839,-1014383965,76,76
460,1721818000,x,325034970,-1014383965,76,76
461,1722411000,x,437296101,-1014383965,76,76
462,1723004000,x,549557232,-1014383965,76,76
463,1723596000,x,661818363,-1014383965,76,76
464,1724189000,x,774079494,-1014383965,76,76
465,1724781000,x,886340625,-1014383965,76,76
466,1725374000,x,998601756,-1014383965,76,76
467,1725967000,x,1110862887,-1014383965,76,76
468,1726559000,x,1223124018,-1014383965,76,76
469,1727152000,x,1335385149,-1014383965,76,76
470,1727745000,x,1447646280,-1014383965,76,76
471,1728337000,x,1559907411,-1014383965,76,76
472,1728930000,x,1672168542,-1014383965,76,76
473,1729523000,x,1784429673,-1014383965,76,76
474,1730115000,x,1896690804,-1014383965,76,76
475,1730708000,x,2008951935,-1014383965,76,76
476,1731301000,x,2121213066,-1014383965,76,76
477,1731893000,x,2233474197,-1014383965,76,76
478,1732486000,x,2345735328,-1014383965,76,76
479,1733078000,x,2457996459,-1014383965,76,76
480,1733671000,x,2570257590,-1014383965,76,76
481,1734264000,x,2682518721,-1014383965,76,76
482,1734856000,x,2794779852,-1014383965,76,76
483,1735449000,x,2907040983,-1014383965,76,76
484,1736042000,x,3019302114,-1014383965,76,76
485,1736634000,x,3131563245,-1014383965,76,76
486,1737227000,x,3243824376,-1014383965,76,76
487,1737820000,x,3356085507,-1014383965,76,76
488,1738412000,x,3468346638,-1014383965,76,76
489,1739005000,x,3580607769,-1014383965,76,76
490,1739597000,x,3692868900,-1014383965,76,76
491,1740190000,x,3805130031,-1014383965,76,76
492,1740783000,x,3917391162,-1014383965,76,76
493,1741375000,x,4029652293,-1014383965,76,76
494,1741968000,x,4141913424,-1014383965,76,76
495,1742561000,x,4254174555,-1054030338,77,77
496,1743153000,x,71468390,-1054030338,77,77
497,1743746000,x,183729521,-1054030338,77,77
498,1744339000,x,295990652,-1054030338,77,77
499,1744931000,x,408251783,-1054030338,77,77
500,1745524000,x,520512914,-1054030338,77,77
501,1746117000,x,632774045,-1054030338,77,77
502,1746709000,x,745035176,-1054030338,77,77
503,1747302000,x,857296307,-1054030338,77,77
504,1747894000,x,969557438,-1054030338,77,77
505,1748487000,x,1081818569,-1054030338,77,77
506,1749080000,x,1194079700,-1054030338,77,77
507,1749672000,x,1306340831,-1054030338,77,77
508,1750265000,x,1418601962,-1054030338,77,77
509,1750858000,x,1530863093,-1054030338,77,77
510,1751450000,x,1643124224,-1054030338,77,77
511,1752043000,x,1755385355,-1054030338,77,77
512,1752636000,x,1867646486,-1054030338,77,77
513,1753228000,x,1979907617,-1054030338,77,77
514,1753821000,x,2092168748,-1054030338,77,77
515,1754413000,x,2204429879,-1054030338,77,77
516,1755006000,x,2316691010,-1054030338,77,77
517,1755599000,x,2428952141,-1054030338,77,77
518,1756191000,x,2541213272,-1054030338,77,77
519,1756784000,x,2653474403,-1054030338,77,77
520,1757377000,x,2765735534,-1054030338,77,77
521,1757969000,x,2877996665,-1054030338,77,77
522,1758562000,x,2990257796,-1054030338,77,77
523,1759155000,x,3102518927,-1054030338,77,77
524,1759747000,x,3214780058,-1054030338,77,77
525,1760340000,x,3327041189,-1054030338,77,77
526,1760933000,x,3439302320,-1054030338,77,77
527,1761525000,x,3551563451,-1054030338,77,77
528,1762118000,x,3663824582,-1054030338,77,77
529,1762710000,x,3776085713,-1054030338,77,77
530,1763303000,x,3888346844,-1054030338,77,77
531,1763896000,x,4000607975,-1054030338,77,77
532,1764488000,x,4112869106,-1054030338,77,77
533,1765081000,x,4225130237,-1072413109,78,78
534,1765674000,x,42424072,-1072413109,78,78
535,1766266000,x,154685203,-1072413109,78,78
536,1766859000,x,266946334,-1072413109,78,78
537,1767452000,x,379207465,-1072413109,78,78
538,1768044000,x,491468596,-1072413109,78,78
539,1768637000,x,603729727,-1072413109,78,78
540,1769229000,x,715990858,-1072413109,78,78
541,1769822000,x,828251989,-1072413109,78,78
542,1770415000,x,940513120,-1072413109,78,78
543,1771007000,x,1052774251,-1072413109,78,78
544,1771600000,x,1165035382,-1072413109,78,78
545,1772193000,x,1277296513,-1072413109,78,78
546,1772785000,x,1389557644,-1072413109,78,78
547,1773378000,x,1501818775,-1072413109,78,78
548,1773971000,x,1614079906,-1072413109,78,78
549,1774563000,x,1726341037,-1072413109,78,78
550,1775156000,x,1838602168,-1072413109,78,78
551,1775749000,x,1950863299,-1072413109,78,78
552,1776341000,x,2063124430,-1072413109,78,78
553,1776934000,x,2175385561,-1072413109,78,78
554,1777526000,x,2287646692,-1072413109,78,78
555,1778119000,x,2399907823,-1072413109,78,78
556,1778712000,x,2512168954,-1072413109,78,78
557,1779304000,x,2624430085,-1072413109,78,78
558,1779897000,x,2736691216,-1072413109,78,78
559,1780490000,x,2848952347,-1072413109,78,78
560,1781082000,x,2961213478,-1072413109,78,78
561,1781675000,x,3073474609,-1072413109,78,78
562,1782268000,x,3185735740,-1072413109,78,78
563,1782860000,x,3297996871,-1072413109,78,78
564,1783453000,x,3410258002,-1072413109,78,78
565,1784045000,x,3522519133,-1072413109,78,78
566,1784638000,x,3634780264,-1072413109,78,78
567,1785231000,x,3747041395,-1072413109,78,78
568,1785823000,x,3859302526,-1072413109,78,78
569,1786416000,x,3971563657,-1072413109,78,78
570,1787009000,x,4083824788,-1072413109,78,78
571,1787601000,x,4196085919,-1072413109,78,78
572,1788194000,x,13379754,-1069161430,79,79
573,1788787000,x,125640885,-1069161430,79,79
574,1789379000,x,237902016,-1069161430,79,79
575,1789972000,x,350163147,-1069161430,79,79
576,1790565000,x,462424278,-1069161430,79,79
577,1791157000,x,574685409,-1069161430,79,79
578,1791750000,x,686946540,-1069161430,79,79
579,1792342000,x,799207671,-1069161430,79,79
580,1792935000,x,911468802,-1069161430,79,79
581,1793528000,x,1023729933,-1069161430,79,79
582,1794120000,x,1135991064,-1069161430,79,79
583,1794713000,x,1248252195,-1069161430,79,79
584,1795306000,x,1360513326,-1069161430,79,79
585,1795898000,x,1472774457,-1069161430,79,79
586,1796491000,x,1585035588,-1069161430,79,79
587,1797084000,x,1697296719,-1069161430,79,79
588,1797676000,x,1809557850,-1069161430,79,79
589,1798269000,x,1921818981,-1069161430,79,79
590,1798861000,x,2034080112,-1069161430,79,79
591,1799454000,x,2146341243,-1069161430,79,79
592,1800047000,x,2258602374,-1069161430,79,79
593,1800639000,x,2370863505,-1069161430,79,79
594,1801232000,x,2483124636,-1069161430,79,79
595,1801825000,x,2595385767,-1069161430,79,79
596,1802417000,x,2707646898,-1069161430,79,79
597,1803010000,x,2819908029,-1069161430,79,79
598,1803603000,x,2932169160,-1069161430,79,79
599,1804195000,x,3044430291,-1069161430,79,79
600,1804788000,x,3156691422,-1069161430,79,79
601,1805381000,x,3268952553,-1069161430,79,79
602,1805973000,x,3381213684,-1069161430,79,79
603,1806566000,x,3493474815,-1069161430,79,79
604,1807158000,x,3605735946,-1069161430,79,79
605,1807751000,x,3717997077,-1069161430,79,79
606,1808344000,x,3830258208,-1069161430,79,79
607,1808936000,x,3942519339,-1069161430,79,79
608,1809529000,x,4054780470,-1069161430,79,79
609,1810122000,x,4167041601,-1069161430,79,79
610,1810714000,x,4279302732,-1044340899,80,80
611,1811307000,x,96596567,-1044340899,80,80
612,1811900000,x,208857698,-1044340899,80,80
613,1812492000,x,321118829,-1044340899,80,80
614,1813085000,x,433379960,-1044340899,80,80
615,1813677000,x,545641091,-1044340899,80,80
616,1814270000,x,657902222,-1044340899,80,80
617,1814863000,x,770163353,-1044340899,80,80
618,1815455000,x,882424484,-1044340899,80,80
619,1816048000,x,994685615,-1044340899,80,80
620,1816641000,x,1106946746,-1044340899,80,80
621,1817233000,x,1219207877,-1044340899,80,80
622,1817826000,x,1331469008,-1044340899,80,80
623,1818419000,x,1443730139,-1044340899,80,80
624,1819011000,x,1555991270,-1044340899,80,80
625,1819604000,x,1668252401,-1044340899,80,80
626,1820197000,x,1780513532,-1044340899,80,80
627,1820789000,x,1892774663,-1044340899,80,80
628,1821382000,x,2005035794,-1044340899,80,80
629,1821974000,x,2117296925,-1044340899,80,80
630,1822567000,x,2229558056,-1044340899,80,80
631,1823160000,x,2341819187,-1044340899,80,80
632,1823752000,x,2454080318,-1044340899,80,80
633,1824345000,x,2566341449,-1044340899,80,80
634,1824938000,x,2678602580,-1044340899,80,80
635,1825530000,x,2790863711,-1044340899,80,80
636,1826123000,x,2903124842,-1044340899,80,80
637,1826716000,x,3015385973,-1044340899,80,80
638,1827308000,x,3127647104,-1044340899,80,80
639,1827901000,x,3239908235,-1044340899,80,80
640,1828493000,x,3352169366,-1044340899,80,80
641,1829086000,x,3464430497,-1044340899,80,80
642,1829679000,x,3576691628,-1044340899,80,80
643,1830271000,x,3688952759,-1044340899,80,80
644,1830864000,x,3801213890,-1044340899,80,80
645,1831457000,x,3913475021,-1044340899,80,80
646,1832049000,x,4025736152,-1044340899,80,80
647,1832642000,x,4137997283,-1044340899,80,80
648,1833235000,x,4250258414,-998452237,81,81
649,1833827000,x,67552249,-998452237,81,81
650,1834420000,x,179813380,-998452237,81,81
651,1835013000,x,292074511,-998452237,81,81
652,1835605000,x,404335642,-998452237,81,81
653,1836198000,x,516596773,-998452237,81,81
654,1836790000,x,628857904,-998452237,81,81
655,1837383000,x,741119035,-998452237,81,81
656,1837976000,x,853380166,-998452237,81,81
657,1838568000,x,965641297,-998452237,81,81
658,1839161000,x,1077902428,-998452237,81,81
659,1839754000,x,1190163559,-998452237,81,81
660,1840346000,x,1302424690,-998452237,81,81
661,1840939000,x,1414685821,-998452237,81,81
662,1841532000,x,1526946952,-998452237,81,81
663,1842124000,x,1639208083,-998452237,81,81
664,1842717000,x,1751469214,-998452237,81,81
665,1843309000,x,1863730345,-998452237,81,81
666,1843902000,x,1975991476,-998452237,81,81
667,1844495000,x,2088252607,-998452237,81,81
668,1845087000,x,2200513738,-998452237,81,81
669,1845680000,x,2312774869,-998452237,81,81
670,1846273000,x,2425036000,-998452237,81,81
671,1846865000,x,2537297131,-998452237,81,81
672,1847458000,x,2649558262,-998452237,81,81
673,1848051000,x,2761819393,-998452237,81,81
674,1848643000,x,2874080524,-998452237,81,81
675,1849236000,x,2986341655,-998452237,81,81
676,1849829000,x,3098602786,-998452237,81,81
677,1850421000,x,3210863917,-998452237,81,81
678,1851014000,x,3323125048,-998452237,81,81
679,1851606000,x,3435386179,-998452237,81,81
680,1852199000,x,3547647310,-998452237,81,81
681,1852792000,x,3659908441,-998452237,81,81
682,1853384000,x,3772169572,-998452237,81,81
683,1853977000,x,3884430703,-998452237,81,81
684,1854570000,x,3996691834,-998452237,81,81
685,1855162000,x,4108952965,-998452237,81,81
686,1855755000,x,4221214096,-932421183,82,82
687,1856348000,x,38507931,-932421183,82,82
688,1856940000,x,150769062,-932421183,82,82
689,1857533000,x,263030193,-932421183,82,82
690,1858125000,x,375291324,-932421183,82,82
691,1858718000,x,487552455,-932421183,82,82
692,1859311000,x,599813586,-932421183,82,82
693,1859903000,x,712074717,-932421183,82,82
694,1860496000,x,824335848,-932421183,82,82
695,1861089000,x,936596979,-932421183,82,82
696,1861681000,x,1048858110,-932421183,82,82
697,1862274000,x,1161119241,-932421183,82,82
698,1862867000,x,1273380372,-932421183,82,82
699,1863459000,x,1385641503,-932421183,82,82
700,1864052000,x,1497902634,-932421183,82,82
701,1864645000,x,1610163765,-932421183,82,82
702,1865237000,x,1722424896,-932421183,82,82
703,1865830000,x,1834686027,-932421183,82,82
704,1866422000,x,1946947158,-932421183,82,82
705,1867015000,x,2059208289,-932421183,82,82
706,1867608000,x,2171469420,-932421183,82,82
707,1868200000,x,2283730551,-932421183,82,82
708,1868793000,x,2395991682,-932421183,82,82
709,1869386000,x,2508252813,-932421183,82,82
710,1869978000,x,2620513944,-932421183,82,82
711,1870571000,x,2732775075,-932421183,82,82
712,1871164000,x,2845036206,-932421183,82,82
713,1871756000,x,2957297337,-932421183,82,82
714,1872349000,x,3069558468,-932421183,82,82
715,1872941000,x,3181819599,-932421183,82,82
716,1873534000,x,3294080730,-932421183,82,82
717,1874127000,x,3406341861,-932421183,82,82
718,1874719000,x,3518602992,-932421183,82,82
719,1875312000,x,3630864123,-932421183,82,82
720,1875905000,x,3743125254,-932421183,82,82
721,1876497000,x,3855386385,-932421183,82,82
722,1877090000,x,3967647516,-932421183,82,82
723,1877683000,x,4079908647,-932421183,82,82
724,1878275000,x,4192169778,-847579823,83,83
725,1878868000,x,9463613,-847579823,83,83
726,1879461000,x,121724744,-847579823,83,83
727,1880053000,x,233985875,-847579823,83,83
728,1880646000,x,346247006,-847579823,83,83
729,1881238000,x,458508137,-847579823,83,83
730,1881831000,x,570769268,-847579823,83,83
731,1882424000,x,683030399,-847579823,83,83
732,1883016000,x,795291530,-847579823,83,83
733,1883609000,x,907552661,-847579823,83,83
734,1884202000,x,1019813792,-847579823,83,83
735,1884794000,x,1132074923,-847579823,83,83
736,1885387000,x,1244336054,-847579823,83,83
737,1885980000,x,1356597185,-847579823,83,83
738,1886572000,x,1468858316,-847579823,83,83
739,1887165000,x,1581119447,-847579823,83,83
740,1887757000,x,1693380578,-847579823,83,83
741,1888350000,x,1805641709,-847579823,83,83
742,1888943000,x,1917902840,-847579823,83,83
743,1889535000,x,2030163971,-847579823,83,83
744,1890128000,x,2142425102,-847579823,83,83
745,1890721000,x,2254686233,-847579823,83,83
746,1891313000,x,2366947364,-847579823,83,83
747,1891906000,x,2479208495,-847579823,83,83
748,1892499000,x,2591469626,-847579823,83,83
749,1893091000,x,2703730757,-847579823,83,83
750,1893684000,x,2815991888,-847579823,83,83
751,1894277000,x,2928253019,-847579823,83,83
752,1894869000,x,3040514150,-847579823,83,83
753,1895462000,x,3152775281,-847579823,83,83
754,1896054000,x,3265036412,-847579823,83,83
755,1896647000,x,3377297543,-847579823,83,83
756,1897240000,x,3489558674,-847579823,83,83
757,1897832000,x,3601819805,-847579823,83,83
758,1898425000,x,3714080936,-847579823,83,83
759,1899018000,x,3826342067,-847579823,83,83
760,1899610000,x,3938603198,-847579823,83,83
761,1900203000,x,4050864329,-847579823,83,83
762,1900796000,x,4163125460,-745639714,84,84
763,1901388000,x,4275386591,-745639714,84,84
764,1901981000,x,92680426,-745639714,84,84
765,1902573000,x,204941557,-745639714,84,84
766,1903166000,x,317202688,-745639714,84,84
767,1903759000,x,429463819,-745639714,84,84
768,1904351000,x,541724950,-745639714,84,84
769,1904944000,x,653986081,-745639714,84,84
770,1905537000,x,766247212,-745639714,84,84
771,1906129000,x,878508343,-745639714,84,84
772,1906722000,x,990769474,-745639714,84,84
773,1907315000,x,1103030605,-745639714,84,84
774,1907907000,x,1215291736,-745639714,84,84
775,1908500000,x,1327552867,-745639714,84,84
776,1909093000,x,1439813998,-745639714,84,84
777,1909685000,x,1552075129,-745639714,84,84
778,1910278000,x,1664336260,-745639714,84,84
779,1910870000,x,1776597391,-745639714,84,84
780,1911463000,x,1888858522,-745639714,84,84
781,1912056000,x,2001119653,-745639714,84,84
782,1912648000,x,2113380784,-745639714,84,84
783,1913241000,x,2225641915,-745639714,84,84
784,1913834000,x,2337903046,-745639714,84,84
785,1914426000,x,2450164177,-745639714,84,84
786,1915019000,x,2562425308,-745639714,84,84
787,1915612000,x,2674686439,-745639714,84,84
788,1916204000,x,2786947570,-745639714,84,84
789,1916797000,x,2899208701,-745639714,84,84
790,1917389000,x,3011469832,-745639714,84,84
791,1917982000,x,3123730963,-745639714,84,84
792,1918575000,x,3235992094,-745639714,84,84
793,1919167000,x,3348253225,-745639714,84,84
794,1919760000,x,3460514356,-745639714,84,84
795,1920353000,x,3572775487,-745639714,84,84
796,1920945000,x,3685036618,-745639714,84,84
797,1921538000,x,3797297749,-745639714,84,84
798,1922131000,x,3909558880,-745639714,84,84
799,1922723000,x,4021820011,-745639714,84,84
800,1923316000,x,4134081142,-745639714,84,84
801,1923909000,x,4246342273,-628657356,85,85
802,1924501000,x,63636108,-628657356,85,85
803,1925094000,x,175897239,-628657356,85,85
804,1925686000,x,288158370,-628657356,85,85
805,1926279000,x,400419501,-628657356,85,85
806,1926872000,x,512680632,-628657356,85,85
807,1927464000,x,624941763,-628657356,85,85
808,1928057000,x,737202894,-628657356,85,85
809,1928650000,x,849464025,-628657356,85,85
810,1929242000,x,961725156,-628657356,85,85
811,1929835000,x,1073986287,-628657356,85,85
812,1930428000,x,1186247418,-628657356,85,85
813,1931020000,x,1298508549,-628657356,85,85
814,1931613000,x,1410769680,-628657356,85,85
815,1932205000,x,1523030811,-628657356,85,85
816,1932798000,x,1635291942,-628657356,85,85
817,1933391000,x,1747553073,-628657356,85,85
818,1933983000,x,1859814204,-628657356,85,85
819,1934576000,x,1972075335,-628657356,85,85
820,1935169000,x,2084336466,-628657356,85,85
821,1935761000,x,2196597597,-628657356,85,85
822,1936354000,x,2308858728,-628657356,85,85
823,1936947000,x,2421119859,-628657356,85,85
824,1937539000,x,2533380990,-628657356,85,85
825,1938132000,x,2645642121,-628657356,85,85
826,1938725000,x,2757903252,-628657356,85,85
827,1939317000,x,2870164383,-628657356,85,85
828,1939910000,x,2982425514,-628657356,85,85
829,1940502000,x,3094686645,-628657356,85,85
830,1941095000,x,3206947776,-628657356,85,85
831,1941688000,x,3319208907,-628657356,85,85
832,1942280000,x,3431470038,-628657356,85,85
833,1942873000,x,3543731169,-628657356,85,85
834,1943466000,x,3655992300,-628657356,85,85
835,1944058000,x,3768253431,-628657356,85,85
836,1944651000,x,3880514562,-628657356,85,85
837,1945244000,x,3992775693,-628657356,85,85
838,1945836000,x,4105036824,-628657356,85,85
839,1946429000,x,4217297955,-498992706,86,86
840,1947021000,x,34591790,-498992706,86,86
841,1947614000,x,146852921,-498992706,86,86
842,1948207000,x,259114052,-498992706,86,86
843,1948799000,x,371375183,-498992706,86,86
844,1949392000,x,483636314,-498992706,86,86
845,1949985000,x,595897445,-498992706,86,86
846,1950577000,x,708158576,-498992706,86,86
847,1951170000,x,820419707,-498992706,86,86
848,1951763000,x,932680838,-498992706,86,86
849,1952355000,x,1044941969,-498992706,86,86
850,1952948000,x,1157203100,-498992706,86,86
851,1953541000,x,1269464231,-498992706,86,86
852,1954133000,x,1381725362,-498992706,86,86
853,1954726000,x,1493986493,-498992706,86,86
854,1955318000,x,1606247624,-498992706,86,86
855,1955911000,x,1718508755,-498992706,86,86
856,1956504000,x,1830769886,-498992706,86,86
857,1957096000,x,1943031017,-498992706,86,86
858,1957689000,x,2055292148,-498992706,86,86
859,1958282000,x,2167553279,-498992706,86,86
860,1958874000,x,2279814410,-498992706,86,86
861,1959467000,x,2392075541,-498992706,86,86
862,1960060000,x,2504336672,-498992706,86,86
863,1960652000,x,2616597803,-498992706,86,86
864,1961245000,x,2728858934,-498992706,86,86
865,1961837000,x,2841120065,-498992706,86,86
866,1962430000,x,2953381196,-498992706,86,86
867,1963023000,x,3065642327,-498992706,86,86
868,1963615000,x,3177903458,-498992706,86,86
869,1964208000,x,3290164589,-498992706,86,86
870,1964801000,x,3402425720,-498992706,86,86
871,1965393000,x,3514686851,-498992706,86,86
872,1965986000,x,3626947982,-498992706,86,86
873,1966579000,x,3739209113,-498992706,86,86
874,1967171000,x,3851470244,-498992706,86,86
875,1967764000,x,3963731375,-498992706,86,86
876,1968357000,x,4075992506,-498992706,86,86
877,1968949000,x,4188253637,-359261569,87,87
878,1969542000,x,5547472,-359261569,87,87
879,1970134000,x,117808603,-359261569,87,87
880,1970727000,x,230069734,-359261569,87,87
881,1971320000,x,342330865,-359261569,87,87
882,1971912000,x,454591996,-359261569,87,87
883,1972505000,x,566853127,-359261569,87,87
884,1973098000,x,679114258,-359261569,87,87
885,1973690000,x,791375389,-359261569,87,87
886,1974283000,x,903636520,-359261569,87,87
887,1974876000,x,1015897651,-359261569,87,87
888,1975468000,x,1128158782,-359261569,87,87
889,1976061000,x,1240419913,-359261569,87,87
890,1976653000,x,1352681044,-359261569,87,87
891,1977246000,x,1464942175,-359261569,87,87
892,1977839000,x,1577203306,-359261569,87,87
893,1978431000,x,1689464437,-359261569,87,87
894,1979024000,x,1801725568,-359261569,87,87
895,1979617000,x,1913986699,-359261569,87,87
896,1980209000,x,2026247830,-359261569,87,87
897,1980802000,x,2138508961,-359261569,87,87
898,1981395000,x,2250770092,-359261569,87,87
899,1981987000,x,2363031223,-359261569,87,87
900,1982580000,x,2475292354,-359261569,87,87
901,1983173000,x,2587553485,-359261569,87,87
902,1983765000,x,2699814616,-359261569,87,87
903,1984358000,x,2812075747,-359261569,87,87
904,1984950000,x,2924336878,-359261569,87,87
905,1985543000,x,3036598009,-359261569,87,87
906,1986136000,x,3148859140,-359261569,87,87
907,1986728000,x,3261120271,-359261569,87,87
908,1987321000,x,3373381402,-359261569,87,87
909,1987914000,x,3485642533,-359261569,87,87
910,1988506000,x,3597903664,-359261569,87,87
911,1989099000,x,3710164795,-359261569,87,87
912,1989692000,x,3822425926,-359261569,87,87
913,1990284000,x,3934687057,-359261569,87,87
914,1990877000,x,4046948188,-359261569,87,87
915,1991469000,x,4159209319,-212282827,88,88
916,1992062000,x,4271470450,-212282827,88,88
917,1992655000,x,88764285,-212282827,88,88
918,1993247000,x,201025416,-212282827,88,88
919,1993840000,x,313286547,-212282827,88,88
920,1994433000,x,425547678,-212282827,88,88
921,1995025000,x,537808809,-212282827,88,88
922,1995618000,x,650069940,-212282827,88,88
923,1996211000,x,762331071,-212282827,88,88
924,1996803000,x,874592202,-212282827,88,88
925,1997396000,x,986853333,-212282827,88,88
926,1997989000,x,1099114464,-212282827,88,88
927,1998581000,x,1211375595,-212282827,88,88
928,1999174000,x,1323636726,-212282827,88,88
929,1999766000,x,1435897857,-212282827,88,88
930,2000359000,x,1548158988,-212282827,88,88
931,2000952000,x,1660420119,-212282827,88,88
932,2001544000,x,1772681250,-212282827,88,88
933,2002137000,x,1884942381,-212282827,88,88
934,2002730000,x,1997203512,-212282827,88,88
935,2003322000,x,2109464643,-212282827,88,88
936,2003915000,x,2221725774,-212282827,88,88
937,2004508000,x,2333986905,-212282827,88,88
938,2005100000,x,2446248036,-212282827,88,88
939,2005693000,x,2558509167,-212282827,88,88
940,2006285000,x,2670770298,-212282827,88,88
941,2006878000,x,2783031429,-212282827,88,88
942,2007471000,x,2895292560,-212282827,88,88
943,2008063000,x,3007553691,-212282827,88,88
944,2008656000,x,3119814822,-212282827,88,88
945,2009249000,x,3232075953,-212282827,88,88
946,2009841000,x,3344337084,-212282827,88,88
947,2010434000,x,3456598215,-212282827,88,88
948,2011027000,x,3568859346,-212282827,88,88
949,2011619000,x,3681120477,-212282827,88,88
950,2012212000,x,3793381608,-212282827,88,88
951,2012805000,x,3905642739,-212282827,88,88
952,2013397000,x,4017903870,-212282827,88,88
953,2013990000,x,4130165001,-61021574,89,89
954,2014582000,x,4242426132,-61021574,89,89
955,2015175000,x,59719967,-61021574,89,89
956,2015768000,x,171981098,-61021574,89,89
957,2016360000,x,284242229,-61021574,89,89
958,2016953000,x,396503360,-61021574,89,89
959,2017546000,x,508764491,-61021574,89,89
960,2018138000,x,621025622,-61021574,89,89
961,2018731000,x,733286753,-61021574,89,89
962,2019324000,x,845547884,-61021574,89,89
963,2019916000,x,957809015,-61021574,89,89
964,2020509000,x,1070070146,-61021574,89,89
965,2021101000,x,1182331277,-61021574,89,89
966,2021694000,x,1294592408,-61021574,89,89
967,2022287000,x,1406853539,-61021574,89,89
968,2022879000,x,1519114670,-61021574,89,89
969,2023472000,x,1631375801,-61021574,89,89
970,2024065000,x,1743636932,-61021574,89,89
971,2024657000,x,1855898063,-61021574,89,89
972,2025250000,x,1968159194,-61021574,89,89
973,2025843000,x,2080420325,-61021574,89,89
974,2026435000,x,2192681456,-61021574,89,89
975,2027028000,x,2304942587,-61021574,89,89
976,2027621000,x,2417203718,-61021574,89,89
977,2028213000,x,2529464849,-61021574,89,89
978,2028806000,x,2641725980,-61021574,89,89
979,2029398000,x,2753987111,-61021574,89,89
980,2029991000,x,2866248242,-61021574,89,89
981,2030584000,x,2978509373,-61021574,89,89
982,2031176000,x,3090770504,-61021574,89,89
983,2031769000,x,3203031635,-61021574,89,89
984,2032362000,x,3315292766,-61021574,89,89
985,2032954000,x,3427553897,-61021574,89,89
986,2033547000,x,3539815028,-61021574,89,89
987,2034140000,x,3652076159,-61021574,89,89
988,2034732000,x,3764337290,-61021574,89,89
989,2035325000,x,3876598421,-61021574,89,89
990,2035917000,x,3988859552,-61021574,89,89
991,2036510000,x,4101120683,-61021574,89,89
992,2037103000,x,4213381814,91470705,90,90
993,2037695000,x,30675649,91470705,90,90
994,2038288000,x,142936780,91470705,90,90
995,2038881000,x,255197911,91470705,90,90
996,2039473000,x,367459042,91470705,90,90
997,2040066000,x,479720173,91470705,90,90
998,2040659000,x,591981304,91470705,90,90
999,2041251000,x,704242435,91470705,90,90
1000,2041844000,x,816503566,91470705,90,90
1001,2042437000,x,928764697,91470705,90,90
1002,2043029000,x,1041025828,91470705,90,90
1003,2043622000,x,1153286959,91470705,90,90
1004,2044214000,x,1265548090,91470705,90,90
1005,2044807000,x,1377809221,91470705,90,90
1006,2045400000,x,1490070352,91470705,90,90
1007,2045992000,x,1602331483,91470705,90,90
1008,2046585000,x,1714592614,91470705,90,90
1009,2047178000,x,1826853745,91470705,90,90
1010,2047770000,x,1939114876,91470705,90,90
1011,2048363000,x,2051376007,91470705,90,90
1012,2048956000,x,2163637138,91470705,90,90
1013,2049548000,x,2275898269,91470705,90,90
1014,2050141000,x,2388159400,91470705,90,90
1015,2050733000,x,2500420531,91470705,90,90
1016,2051326000,x,2612681662,91470705,90,90
1017,2051919000,x,2724942793,91470705,90,90
1018,2052511000,x,2837203924,91470705,90,90
1019,2053104000,x,2949465055,91470705,90,90
1020,2053697000,x,3061726186,91470705,90,90
1021,2054289000,x,3173987317,91470705,90,90
1022,2054882000,x,3286248448,91470705,90,90
1023,2055475000,x,3398509579,91470705,90,90
1024,2056067000,x,3510770710,91470705,90,90
1025,2056660000,x,3623031841,91470705,90,90
1026,2057253000,x,3735292972,91470705,90,90
1027,2057845000,x,3847554103,91470705,90,90
1028,2058438000,x,3959815234,91470705,90,90
1029,2059030000,x,4072076365,91470705,90,90
1030,2059623000,x,4184337496,242117689,91,91
1031,2060216000,x,1631331,242117689,91,91
1032,2060808000,x,113892462,242117689,91,91
1033,2061401000,x,226153593,242117689,91,91
1034,2061994000,x,338414724,242117689,91,91
1035,2062586000,x,450675855,242117689,91,91
1036,2063179000,x,562936986,242117689,91,91
1037,2063772000,x,675198117,242117689,91,91
1038,2064364000,x,787459248,242117689,91,91
1039,2064957000,x,899720379,242117689,91,91
1040,2065549000,x,1011981510,242117689,91,91
1041,2066142000,x,1124242641,242117689,91,91
1042,2066735000,x,1236503772,242117689,91,91
1043,2067327000,x,1348764903,242117689,91,91
1044,2067920000,x,1461026034,242117689,91,91
1045,2068513000,x,1573287165,242117689,91,91
1046,2069105000,x,1685548296,242117689,91,91
1047,2069698000,x,1797809427,242117689,91,91
1048,2070291000,x,1910070558,242117689,91,91
1049,2070883000,x,2022331689,242117689,91,91
1050,2071476000,x,2134592820,242117689,91,91
1051,2072069000,x,2246853951,242117689,91,91
1052,2072661000,x,2359115082,242117689,91,91
1053,2073254000,x,2471376213,242117689,91,91
1054,2073846000,x,2583637344,242117689,91,91
1055,2074439000,x,2695898475,242117689,91,91
1056,2075032000,x,2808159606,242117689,91,91
1057,2075624000,x,2920420737,242117689,91,91
1058,2076217000,x,3032681868,242117689,91,91
1059,2076810000,x,3144942999,242117689,91,91
1060,2077402000,x,3257204130,242117689,91,91
1061,2077995000,x,3369465261,242117689,91,91
1062,2078588000,x,3481726392,242117689,91,91
1063,2079180000,x,3593987523,242117689,91,91
1064,2079773000,x,3706248654,242117689,91,91
1065,2080365000,x,3818509785,242117689,91,91
1066,2080958000,x,3930770916,242117689,91,91
1067,2081551000,x,4043032047,242117689,91,91
1068,2082143000,x,4155293178,387880285,92,92
1069,2082736000,x,4267554309,387880285,92,92
1070,2083329000,x,84848144,387880285,92,92
1071,2083921000,x,197109275,387880285,92,92
1072,2084514000,x,309370406,387880285,92,92
1073,2085107000,x,421631537,387880285,92,92
1074,2085699000,x,533892668,387880285,92,92
1075,2086292000,x,646153799,387880285,92,92
1076,2086885000,x,758414930,387880285,92,92
1077,2087477000,x,870676061,387880285,92,92
1078,2088070000,x,982937192,387880285,92,92
1079,2088662000,x,1095198323,387880285,92,92
1080,2089255000,x,1207459454,387880285,92,92
1081,2089848000,x,1319720585,387880285,92,92
1082,2090440000,x,1431981716,387880285,92,92
1083,2091033000,x,1544242847,387880285,92,92
1084,2091626000,x,1656503978,387880285,92,92
1085,2092218000,x,1768765109,387880285,92,92
1086,2092811000,x,1881026240,387880285,92,92
1087,2093404000,x,1993287371,387880285,92,92
1088,2093996000,x,2105548502,387880285,92,92
1089,2094589000,x,2217809633,387880285,92,92
1090,2095181000,x,2330070764,387880285,92,92
1091,2095774000,x,2442331895,387880285,92,92
1092,2096367000,x,2554593026,387880285,92,92
1093,2096959000,x,2666854157,387880285,92,92
1094,2097552000,x,2779115288,387880285,92,92
1095,2098145000,x,2891376419,387880285,92,92
1096,2098737000,x,3003637550,387880285,92,92
1097,2099330000,x,3115898681,387880285,92,92
1098,2099923000,x,3228159812,387880285,92,92
1099,2100515000,x,3340420943,387880285,92,92
1100,2101108000,x,3452682074,387880285,92,92
1101,2101701000,x,3564943205,387880285,92,92
1102,2102293000,x,3677204336,387880285,92,92
1103,2102886000,x,3789465467,387880285,92,92
1104,2103478000,x,3901726598,387880285,92,92
1105,2104071000,x,4013987729,387880285,92,92
1106,2104664000,x,4126248860,525817933,93,93
1107,2105256000,x,4238509991,525817933,93,93
1108,2105849000,x,55803826,525817933,93,93
1109,2106442000,x,168064957,525817933,93,93
1110,2107034000,x,280326088,525817933,93,93
1111,2107627000,x,392587219,525817933,93,93
1112,2108220000,x,504848350,525817933,93,93
1113,2108812000,x,617109481,525817933,93,93
1114,2109405000,x,729370612,525817933,93,93
1115,2109997000,x,841631743,525817933,93,93
1116,2110590000,x,953892874,525817933,93,93
1117,2111183000,x,1066154005,525817933,93,93
1118,2111775000,x,1178415136,525817933,93,93
1119,2112368000,x,1290676267,525817933,93,93
1120,2112961000,x,1402937398,525817933,93,93
1121,2113553000,x,1515198529,525817933,93,93
1122,2114146000,x,1627459660,525817933,93,93
1123,2114739000,x,1739720791,525817933,93,93
1124,2115331000,x,1851981922,525817933,93,93
1125,2115924000,x,1964243053,525817933,93,93
1126,2116517000,x,2076504184,525817933,93,93
1127,2117109000,x,2188765315,525817933,93,93
1128,2117702000,x,2301026446,525817933,93,93
1129,2118294000,x,2413287577,525817933,93,93
1130,2118887000,x,2525548708,525817933,93,93
1131,2119480000,x,2637809839,525817933,93,93
1132,2120072000,x,2750070970,525817933,93,93
1133,2120665000,x,2862332101,525817933,93,93
1134,2121258000,x,2974593232,525817933,93,93
1135,2121850000,x,3086854363,525817933,93,93
1136,2122443000,x,3199115494,525817933,93,93
1137,2123036000,x,3311376625,525817933,93,93
1138,2123628000,x,3423637756,525817933,93,93
1139,2124221000,x,3535898887,525817933,93,93
1140,2124813000,x,3648160018,525817933,93,93
1141,2125406000,x,3760421149,525817933,93,93
1142,2125999000,x,3872682280,525817933,93,93
1143,2126591000,x,3984943411,525817933,93,93
1144,2127184000,x,4097204542,653147932,94,94
1145,2127777000,x,4209465673,653147932,94,94
1146,2128369000,x,26759508,653147932,94,94
1147,2128962000,x,139020639,653147932,94,94
1148,2129555000,x,251281770,653147932,94,94
1149,2130147000,x,363542901,653147932,94,94
1150,2130740000,x,475804032,653147932,94,94
1151,2131333000,x,588065163,653147932,94,94
1152,2131925000,x,700326294,653147932,94,94
1153,2132518000,x,812587425,653147932,94,94
1154,2133110000,x,924848556,653147932,94,94
1155,2133703000,x,1037109687,653147932,94,94
1156,2134296000,x,1149370818,653147932,94,94
1157,2134888000,x,1261631949,653147932,94,94
1158,2135481000,x,1373893080,653147932,94,94
1159,2136074000,x,1486154211,653147932,94,94
1160,2136666000,x,1598415342,653147932,94,94
1161,2137259000,x,1710676473,653147932,94,94
1162,2137852000,x,1822937604,653147932,94,94
1163,2138444000,x,1935198735,653147932,94,94
1164,2139037000,x,2047459866,653147932,94,94
1165,2139629000,x,2159720997,653147932,94,94
1166,2140222000,x,2271982128,653147932,94,94
1167,2140815000,x,2384243259,653147932,94,94
1168,2141407000,x,2496504390,653147932,94,94
1169,2142000000,x,2608765521,653147932,94,94
1170,2142593000,x,2721026652,653147932,94,94
1171,2143185000,x,2833287783,653147932,94,94
1172,2143778000,x,2945548914,653147932,94,94
1173,2144371000,x,3057810045,653147932,94,94
1174,2144963000,x,3170071176,653147932,94,94
1175,2145556000,x,3282332307,653147932,94,94
1176,2146149000,x,3394593438,653147932,94,94
1177,2146741000,x,3506854569,653147932,94,94
1178,2147334000,x,3619115700,653147932,94,94
1179,2147926000,x,3731376831,653147932,94,94
1180,2148519000,x,3843637962,653147932,94,94
1181,2149112000,x,3955899093,653147932,94,94
1182,2149704000,x,4068160224,767301576,95,95
1183,2150297000,x,4180421355,767301576,95,95
1184,2150890000,x,4292682486,767301576,95,95
1185,2151482000,x,109976321,767301576,95,95
1186,2152075000,x,222237452,767301576,95,95
1187,2152668000,x,334498583,767301576,95,95
1188,2153260000,x,446759714,767301576,95,95
1189,2153853000,x,559020845,767301576,95,95
1190,2154445000,x,671281976,767301576,95,95
1191,2155038000,x,783543107,767301576,95,95
1192,2155631000,x,895804238,767301576,95,95
1193,2156223000,x,1008065369,767301576,95,95
1194,2156816000,x,1120326500,767301576,95,95
1195,2157409000,x,1232587631,767301576,95,95
1196,2158001000,x,1344848762,767301576,95,95
1197,2158594000,x,1457109893,767301576,95,95
1198,2159187000,x,1569371024,767301576,95,95
1199,2159779000,x,1681632155,767301576,95,95
1200,2160372000,x,1793893286,767301576,95,95
1201,2160965000,x,1906154417,767301576,95,95
1202,2161557000,x,2018415548,767301576,95,95
1203,2162150000,x,2130676679,767301576,95,95
1204,2162742000,x,2242937810,767301576,95,95
1205,2163335000,x,2355198941,767301576,95,95
1206,2163928000,x,2467460072,767301576,95,95
1207,2164520000,x,2579721203,767301576,95,95
1208,2165113000,x,2691982334,767301576,95,95
1209,2165706000,x,2804243465,767301576,95,95
1210,2166298000,x,2916504596,767301576,95,95
1211,2166891000,x,3028765727,767301576,95,95
1212,2167484000,x,3141026858,767301576,95,95
1213,2168076000,x,3253287989,767301576,95,95
1214,2168669000,x,3365549120,767301576,95,95
1215,2169261000,x,3477810251,767301576,95,95
1216,2169854000,x,3590071382,767301576,95,95
1217,2170447000,x,3702332513,767301576,95,95
1218,2171039000,x,3814593644,767301576,95,95
1219,2171632000,x,3926854775,767301576,95,95
1220,2172225000,x,4039115906,767301576,95,95
1221,2172817000,x,4151377037,865975972,96,96
1222,2173410000,x,4263638168,865975972,96,96
1223,2174003000,x,80932003,865975972,96,96
1224,2174595000,x,193193134,865975972,96,96
1225,2175188000,x,305454265,865975972,96,96
1226,2175781000,x,417715396,865975972,96,96
1227,2176373000,x,529976527,865975972,96,96
1228,2176966000,x,642237658,865975972,96,96
1229,2177558000,x,754498789,865975972,96,96
1230,2178151000,x,866759920,865975972,96,96
1231,2178744000,x,979021051,865975972,96,96
1232,2179336000,x,1091282182,865975972,96,96
1233,2179929000,x,1203543313,865975972,96,96
1234,2180522000,x,1315804444,865975972,96,96
1235,2181114000,x,1428065575,865975972,96,96
1236,2181707000,x,1540326706,865975972,96,96
1237,2182300000,x,1652587837,865975972,96,96
1238,2182892000,x,1764848968,865975972,96,96
1239,2183485000,x,1877110099,865975972,96,96
1240,2184077000,x,1989371230,865975972,96,96
1241,2184670000,x,2101632361,865975972,96,96
1242,2185263000,x,2213893492,865975972,96,96
1243,2185855000,x,2326154623,865975972,96,96
1244,2186448000,x,2438415754,865975972,96,96
1245,2187041000,x,2550676885,865975972,96,96
1246,2187633000,x,2662938016,865975972,96,96
1247,2188226000,x,2775199147,865975972,96,96
1248,2188819000,x,2887460278,865975972,96,96
1249,2189411000,x,2999721409,865975972,96,96
1250,2190004000,x,3111982540,865975972,96,96
1251,2190597000,x,3224243671,865975972,96,96
1252,2191189000,x,3336504802,865975972,96,96
1253,2191782000,x,3448765933,865975972,96,96
1254,2192374000,x,3561027064,865975972,96,96
1255,2192967000,x,3673288195,865975972,96,96
1256,2193560000,x,3785549326,865975972,96,96
1257,2194152000,x,3897810457,865975972,96,96
1258,2194745000,x,4010071588,865975972,96,96
1259,2195338000,x,4122332719,947180503,97,97
1260,2195930000,x,4234593850,947180503,97,97
1261,2196523000,x,51887685,947180503,97,97
1262,2197116000,x,164148816,947180503,97,97
1263,2197708000,x,276409947,947180503,97,97
1264,2198301000,x,388671078,947180503,97,97
1265,2198893000,x,500932209,947180503,97,97
1266,2199486000,x,613193340,947180503,97,97
1267,2200079000,x,725454471,947180503,97,97
1268,2200671000,x,837715602,947180503,97,97
1269,2201264000,x,949976733,947180503,97,97
1270,2201857000,x,1062237864,947180503,97,97
1271,2202449000,x,1174498995,947180503,97,97
1272,2203042000,x,1286760126,947180503,97,97
1273,2203635000,x,1399021257,947180503,97,97
1274,2204227000,x,1511282388,947180503,97,97
1275,2204820000,x,1623543519,947180503,97,97
1276,2205413000,x,1735804650,947180503,97,97
1277,2206005000,x,1848065781,947180503,97,97
1278,2206598000,x,1960326912,947180503,97,97
1279,2207190000,x,2072588043,947180503,97,97
1280,2207783000,x,2184849174,947180503,97,97
1281,2208376000,x,2297110305,947180503,97,97
1282,2208968000,x,2409371436,947180503,97,97
1283,2209561000,x,2521632567,947180503,97,97
1284,2210154000,x,2633893698,947180503,97,97
1285,2210746000,x,2746154829,947180503,97,97
1286,2211339000,x,2858415960,947180503,97,97
1287,2211932000,x,2970677091,947180503,97,97
1288,2212524000,x,3082938222,947180503,97,97
1289,2213117000,x,3195199353,947180503,97,97
1290,2213709000,x,3307460484,947180503,97,97
1291,2214302000,x,3419721615,947180503,97,97
1292,2214895000,x,3531982746,947180503,97,97
1293,2215487000,x,3644243877,947180503,97,97
1294,2216080000,x,3756505008,947180503,97,97
1295,2216673000,x,3868766139,947180503,97,97
1296,2217265000,x,3981027270,947180503,97,97
1297,2217858000,x,4093288401,1009276979,98,98
1298,2218451000,x,4205549532,1009276979,98,98
1299,2219043000,x,22843367,1009276979,98,98
1300,2219636000,x,135104498,1009276979,98,98
1301,2220229000,x,247365629,1009276979,98,98
1302,2220821000,x,359626760,1009276979,98,98
1303,2221414000,x,471887891,1009276979,98,98
1304,2222006000,x,584149022,1009276979,98,98
1305,2222599000,x,696410153,1009276979,98,98
1306,2223192000,x,808671284,1009276979,98,98
1307,2223784000,x,920932415,1009276979,98,98
1308,2224377000,x,1033193546,1009276979,98,98
1309,2224970000,x,1145454677,1009276979,98,98
1310,2225562000,x,1257715808,1009276979,98,98
1311,2226155000,x,1369976939,1009276979,98,98
1312,2226748000,x,1482238070,1009276979,98,98
1313,2227340000,x,1594499201,1009276979,98,98
1314,2227933000,x,1706760332,1009276979,98,98
1315,2228525000,x,1819021463,1009276979,98,98
1316,2229118000,x,1931282594,1009276979,98,98
1317,2229711000,x,2043543725,1009276979,98,98
1318,2230303000,x,2155804856,1009276979,98,98
1319,2230896000,x,2268065987,1009276979,98,98
1320,2231489000,x,2380327118,1009276979,98,98
1321,2232081000,x,2492588249,1009276979,98,98
1322,2232674000,x,2604849380,1009276979,98,98
1323,2233267000,x,2717110511,1009276979,98,98
1324,2233859000,x,2829371642,1009276979,98,98
1325,2234452000,x,2941632773,1009276979,98,98
1326,2235045000,x,3053893904,1009276979,98,98
1327,2235637000,x,3166155035,1009276979,98,98
1328,2236230000,x,3278416166,1009276979,98,98
1329,2236822000,x,3390677297,1009276979,98,98
1330,2237415000,x,3502938428,1009276979,98,98
1331,2238008000,x,3615199559,1009276979,98,98
1332,2238600000,x,3727460690,1009276979,98,98
1333,2239193000,x,3839721821,1009276979,98,98
1334,2239786000,x,3951982952,1009276979,98,98
1335,2240378000,x,4064244083,1051012689,99,99
1336,2240971000,x,4176505214,1051012689,99,99
1337,2241564000,x,4288766345,1051012689,99,99
1338,2242156000,x,106060180,1051012689,99,99
1339,2242749000,x,218321311,1051012689,99,99
1340,2243341000,x,330582442,1051012689,99,99
1341,2243934000,x,442843573,1051012689,99,99
1342,2244527000,x,555104704,1051012689,99,99
1343,2245119000,x,667365835,1051012689,99,99
1344,2245712000,x,779626966,1051012689,99,99
1345,2246305000,x,891888097,1051012689,99,99
1346,2246897000,x,1004149228,1051012689,99,99
1347,2247490000,x,1116410359,1051012689,99,99
1348,2248083000,x,1228671490,1051012689,99,99
1349,2248675000,x,1340932621,1051012689,99,99
1350,2249268000,x,1453193752,1051012689,99,99
1351,2249861000,x,1565454883,1051012689,99,99
1352,2250453000,x,1677716014,1051012689,99,99
1353,2251046000,x,1789977145,1051012689,99,99
1354,2251638000,x,1902238276,1051012689,99,99
1355,2252231000,x,2014499407,1051012689,99,99
1356,2252824000,x,2126760538,1051012689,99,99
1357,2253416000,x,2239021669,1051012689,99,99
1358,2254009000,x,2351282800,1051012689,99,99
1359,2254602000,x,2463543931,1051012689,99,99
1360,2255194000,x,2575805062,1051012689,99,99
1361,2255787000,x,2688066193,1051012689,99,99
1362,2256380000,x,2800327324,1051012689,99,99
1363,2256972000,x,2912588455,1051012689,99,99
1364,2257565000,x,3024849586,1051012689,99,99
1365,2258157000,x,3137110717,1051012689,99,99
1366,2258750000,x,3249371848,1051012689,99,99
1367,2259343000,x,3361632979,1051012689,99,99
1368,2259935000,x,3473894110,1051012689,99,99
1369,2260528000,x,3586155241,1051012689,99,99
1370,2261121000,x,3698416372,1051012689,99,99
1371,2261713000,x,3810677503,1051012689,99,99
1372,2262306000,x,3922938634,1051012689,99,99
1373,2262899000,x,4035199765,1071545673,100,100
1374,2263491000,x,4147460896,1071545673,100,100
1375,2264084000,x,4259722027,1071545673,100,100
1376,2264677000,x,77015862,1071545673,100,100
1377,2265269000,x,189276993,1071545673,100,100
1378,2265862000,x,301538124,1071545673,100,100
1379,2266454000,x,413799255,1071545673,100,100
1380,2267047000,x,526060386,1071545673,100,100
1381,2267640000,x,638321517,1071545673,100,100
1382,2268232000,x,750582648,1071545673,100,100
1383,2268825000,x,862843779,1071545673,100,100
1384,2269418000,x,975104910,1071545673,100,100
1385,2270010000,x,1087366041,1071545673,100,100
1386,2270603000,x,1199627172,1071545673,100,100
1387,2271196000,x,1311888303,1071545673,100,100
1388,2271788000,x,1424149434,1071545673,100,100
1389,2272381000,x,1536410565,1071545673,100,100
1390,2272973000,x,1648671696,1071545673,100,100
1391,2273566000,x,1760932827,1071545673,100,100
1392,2274159000,x,1873193958,1071545673,100,100
1393,2274751000,x,1985455089,1071545673,100,100
1394,2275344000,x,2097716220,1071545673,100,100
1395,2275937000,x,2209977351,1071545673,100,100
1396,2276529000,x,2322238482,1071545673,100,100
1397,2277122000,x,2434499613,1071545673,100,100
1398,2277715000,x,2546760744,1071545673,100,100
1399,2278307000,x,2659021875,1071545673,100,100
1400,2278900000,x,2771283006,1071545673,100,100
1401,2279493000,x,2883544137,1071545673,100,100
1402,2280085000,x,2995805268,1071545673,100,100
1403,2280678000,x,3108066399,1071545673,100,100
1404,2281270000,x,3220327530,1071545673,100,100
1405,2281863000,x,3332588661,1071545673,100,100
1406,2282456000,x,3444849792,1071545673,100,100
1407,2283048000,x,3557110923,1071545673,100,100
1408,2283641000,x,3669372054,1071545673,100,100
1409,2284234000,x,3781633185,1071545673,100,100
1410,2284826000,x,3893894316,1071545673,100,100
1411,2285419000,x,4006155447,1070461707,101,101
1412,2286012000,x,4118416578,1070461707,101,101
1413,2286604000,x,4230677709,1070461707,101,101
1414,2287197000,x,47971544,1070461707,101,101
1415,2287789000,x,160232675,1070461707,101,101
1416,2288382000,x,272493806,1070461707,101,101
1417,2288975000,x,384754937,1070461707,101,101
1418,2289567000,x,497016068,1070461707,101,101
1419,2290160000,x,609277199,1070461707,101,101
1420,2290753000,x,721538330,1070461707,101,101
1421,2291345000,x,833799461,1070461707,101,101
1422,2291938000,x,946060592,1070461707,101,101
1423,2292531000,x,1058321723,1070461707,101,101
1424,2293123000,x,1170582854,1070461707,101,101
1425,2293716000,x,1282843985,1070461707,101,101
1426,2294309000,x,1395105116,1070461707,101,101
1427,2294901000,x,1507366247,1070461707,101,101
1428,2295494000,x,1619627378,1070461707,101,101
1429,2296086000,x,1731888509,1070461707,101,101
1430,2296679000,x,1844149640,1070461707,101,101
1431,2297272000,x,1956410771,1070461707,101,101
1432,2297864000,x,2068671902,1070461707,101,101
1433,2298457000,x,2180933033,1070461707,101,101
1434,2299050000,x,2293194164,1070461707,101,101
1435,2299642000,x,2405455295,1070461707,101,101
1436,2300235000,x,2517716426,1070461707,101,101
1437,2300828000,x,2629977557,1070461707,101,101
1438,2301420000,x,2742238688,1070461707,101,101
1439,2302013000,x,2854499819,1070461707,101,101
1440,2302605000,x,2966760950,1070461707,101,101
1441,2303198000,x,3079022081,1070461707,101,101
1442,2303791000,x,3191283212,1070461707,101,101
1443,2304383000,x,3303544343,1070461707,101,101
1444,2304976000,x,3415805474,1070461707,101,101
1445,2305569000,x,3528066605,1070461707,101,101
1446,2306161000,x,3640327736,1070461707,101,101
1447,2306754000,x,3752588867,1070461707,101,101
1448,2307347000,x,3864849998,1070461707,101,101
1449,2307939000,x,3977111129,1070461707,101,101
1450,2308532000,x,4089372260,1047782658,102,102
1451,2309125000,x,4201633391,1047782658,102,102
1452,2309717000,x,18927226,1047782658,102,102
1453,2310310000,x,131188357,1047782658,102,102
1454,2310902000,x,243449488,1047782658,102,102
1455,2311495000,x,355710619,1047782658,102,102
1456,2312088000,x,467971750,1047782658,102,102
1457,2312680000,x,580232881,1047782658,102,102
1458,2313273000,x,692494012,1047782658,102,102
1459,2313866000,x,804755143,1047782658,102,102
1460,2314458000,x,917016274,1047782658,102,102
1461,2315051000,x,1029277405,1047782658,102,102
1462,2315644000,x,1141538536,1047782658,102,102
1463,2316236000,x,1253799667,1047782658,102,102
1464,2316829000,x,1366060798,1047782658,102,102
1465,2317421000,x,1478321929,1047782658,102,102
1466,2318014000,x,1590583060,1047782658,102,102
1467,2318607000,x,1702844191,1047782658,102,102
1468,2319199000,x,1815105322,1047782658,102,102
1469,2319792000,x,1927366453,1047782658,102,102
1470,2320385000,x,2039627584,1047782658,102,102
1471,2320977000,x,2151888715,1047782658,102,102
1472,2321570000,x,2264149846,1047782658,102,102
1473,2322163000,x,2376410977,1047782658,102,102
1474,2322755000,x,2488672108,1047782658,102,102
1475,2323348000,x,2600933239,1047782658,102,102
1476,2323941000,x,2713194370,1047782658,102,102
1477,2324533000,x,2825455501,1047782658,102,102
1478,2325126000,x,2937716632,1047782658,102,102
1479,2325718000,x,3049977763,1047782658,102,102
1480,2326311000,x,3162238894,1047782658,102,102
1481,2326904000,x,3274500025,1047782658,102,102
1482,2327496000,x,3386761156,1047782658,102,102
1483,2328089000,x,3499022287,1047782658,102,102
1484,2328682000,x,3611283418,1047782658,102,102
1485,2329274000,x,3723544549,1047782658,102,102
1486,2329867000,x,3835805680,1047782658,102,102
1487,2330460000,x,3948066811,1047782658,102,102
1488,2331052000,x,4060327942,1003966045,103,103
1489,2331645000,x,4172589073,1003966045,103,103
1490,2332237000,x,4284850204,1003966045,103,103
1491,2332830000,x,102144039,1003966045,103,103
1492,2333423000,x,214405170,1003966045,103,103
1493,2334015000,x,326666301,1003966045,103,103
1494,2334608000,x,438927432,1003966045,103,103
1495,2335201000,x,551188563,1003966045,103,103
1496,2335793000,x,663449694,1003966045,103,103
1497,2336386000,x,775710825,1003966045,103,103
1498,2336979000,x,887971956,1003966045,103,103
1499,2337571000,x,1000233087,1003966045,103,103
1500,2338164000,x,1112494218,1003966045,103,103
1501,2338757000,x,1224755349,1003966045,103,103
1502,2339349000,x,1337016480,1003966045,103,103
1503,2339942000,x,1449277611,1003966045,103,103
1504,2340534000,x,1561538742,1003966045,103,103
1505,2341127000,x,1673799873,1003966045,103,103
1506,2341720000,x,1786061004,1003966045,103,103
1507,2342312000,x,1898322135,1003966045,103,103
1508,2342905000,x,2010583266,1003966045,103,103
1509,2343498000,x,2122844397,1003966045,103,103
1510,2344090000,x,2235105528,1003966045,103,103
1511,2344683000,x,2347366659,1003966045,103,103
1512,2345276000,x,2459627790,1003966045,103,103
1513,2345868000,x,2571888921,1003966045,103,103
1514,2346461000,x,2684150052,1003966045,103,103
1515,2347053000,x,2796411183,1003966045,103,103
1516,2347646000,x,2908672314,1003966045,103,103
1517,2348239000,x,3020933445,1003966045,103,103
1518,2348831000,x,3133194576,1003966045,103,103
1519,2349424000,x,3245455707,1003966045,103,103
1520,2350017000,x,3357716838,1003966045,103,103
1521,2350609000,x,3469977969,1003966045,103,103
1522,2351202000,x,3582239100,1003966045,103,103
1523,2351795000,x,3694500231,1003966045,103,103
1524,2352387000,x,3806761362,1003966045,103,103
1525,2352980000,x,3919022493,1003966045,103,103
1526,2353573000,x,4031283624,939895807,104,104
1527,2354165000,x,4143544755,939895807,104,104
1528,2354758000,x,4255805886,939895807,104,104
1529,2355350000,x,73099721,939895807,104,104
1530,2355943000,x,185360852,939895807,104,104
1531,2356536000,x,297621983,939895807,104,104
1532,2357128000,x,409883114,939895807,104,104
1533,2357721000,x,522144245,939895807,104,104
1534,2358314000,x,634405376,939895807,104,104
1535,2358906000,x,746666507,939895807,104,104
1536,2359499000,x,858927638,939895807,104,104
1537,2360092000,x,971188769,939895807,104,104
1538,2360684000,x,1083449900,939895807,104,104
1539,2361277000,x,1195711031,939895807,104,104
1540,2361869000,x,1307972162,939895807,104,104
1541,2362462000,x,1420233293,939895807,104,104
1542,2363055000,x,1532494424,939895807,104,104
1543,2363647000,x,1644755555,939895807,104,104
1544,2364240000,x,1757016686,939895807,104,104
1545,2364833000,x,1869277817,939895807,104,104
1546,2365425000,x,1981538948,939895807,104,104
1547,2366018000,x,2093800079,939895807,104,104
1548,2366611000,x,2206061210,939895807,104,104
1549,2367203000,x,2318322341,939895807,104,104
1550,2367796000,x,2430583472,939895807,104,104
1551,2368389000,x,2542844603,939895807,104,104
1552,2368981000,x,2655105734,939895807,104,104
1553,2369574000,x,2767366865,939895807,104,104
1554,2370166000,x,2879627996,939895807,104,104
1555,2370759000,x,2991889127,939895807,104,104
1556,2371352000,x,3104150258,939895807,104,104
1557,2371944000,x,3216411389,939895807,104,104
1558,2372537000,x,3328672520,939895807,104,104
1559,2373130000,x,3440933651,939895807,104,104
1560,2373722000,x,3553194782,939895807,104,104
1561,2374315000,x,3665455913,939895807,104,104
1562,2374908000,x,3777717044,939895807,104,104
1563,2375500000,x,3889978175,939895807,104,104
1564,2376093000,x,4002239306,856864472,105,105
1565,2376685000,x,4114500437,856864472,105,105
1566,2377278000,x,4226761568,856864472,105,105
1567,2377871000,x,44055403,856864472,105,105
1568,2378463000,x,156316534,856864472,105,105
1569,2379056000,x,268577665,856864472,105,105
1570,2379649000,x,380838796,856864472,105,105
1571,2380241000,x,493099927,856864472,105,105
1572,2380834000,x,605361058,856864472,105,105
1573,2381427000,x,717622189,856864472,105,105
1574,2382019000,x,829883320,856864472,105,105
1575,2382612000,x,942144451,856864472,105,105
1576,2383205000,x,1054405582,856864472,105,105
1577,2383797000,x,1166666713,856864472,105,105
1578,2384390000,x,1278927844,856864472,105,105
1579,2384982000,x,1391188975,856864472,105,105
1580,2385575000,x,1503450106,856864472,105,105
1581,2386168000,x,1615711237,856864472,105,105
1582,2386760000,x,1727972368,856864472,105,105
1583,2387353000,x,1840233499,856864472,105,105
1584,2387946000,x,1952494630,856864472,105,105
1585,2388538000,x,2064755761,856864472,105,105
1586,2389131000,x,2177016892,856864472,105,105
1587,2389724000,x,2289278023,856864472,105,105
1588,2390316000,x,2401539154,856864472,105,105
1589,2390909000,x,2513800285,856864472,105,105
1590,2391501000,x,2626061416,856864472,105,105
1591,2392094000,x,2738322547,856864472,105,105
1592,2392687000,x,2850583678,856864472,105,105
1593,2393279000,x,2962844809,856864472,105,105
1594,2393872000,x,3075105940,856864472,105,105
1595,2394465000,x,3187367071,856864472,105,105
1596,2395057000,x,3299628202,856864472,105,105
1597,2395650000,x,3411889333,856864472,105,105
1598,2396243000,x,3524150464,856864472,105,105
1599,2396835000,x,3636411595,856864472,105,105
1600,2397428000,x,3748672726,856864472,105,105
1601,2398021000,x,3860933857,856864472,105,105
1602,2398613000,x,3973194988,756547083,106,106
1603,2399206000,x,4085456119,756547083,106,106
1604,2399798000,x,4197717250,756547083,106,106
1605,2400391000,x,15011085,756547083,106,106
1606,2400984000,x,127272216,756547083,106,106
1607,2401576000,x,239533347,756547083,106,106
1608,2402169000,x,351794478,756547083,106,106
1609,2402762000,x,464055609,756547083,106,106
1610,2403354000,x,576316740,756547083,106,106
1611,2403947000,x,688577871,756547083,106,106
1612,2404540000,x,800839002,756547083,106,106
1613,2405132000,x,913100133,756547083,106,106
1614,2405725000,x,1025361264,756547083,106,106
1615,2406317000,x,1137622395,756547083,106,106
1616,2406910000,x,1249883526,756547083,106,106
1617,2407503000,x,1362144657,756547083,106,106
1618,2408095000,x,1474405788,756547083,106,106
1619,2408688000,x,1586666919,756547083,106,106
1620,2409281000,x,1698928050,756547083,106,106
1621,2409873000,x,1811189181,756547083,106,106
1622,2410466000,x,1923450312,756547083,106,106
1623,2411059000,x,2035711443,756547083,106,106
1624,2411651000,x,2147972574,756547083,106,106
1625,2412244000,x,2260233705,756547083,106,106
1626,2412837000,x,2372494836,756547083,106,106
1627,2413429000,x,2484755967,756547083,106,106
1628,2414022000,x,2597017098,756547083,106,106
1629,2414614000,x,2709278229,756547083,106,106
1630,2415207000,x,2821539360,756547083,106,106
1631,2415800000,x,2933800491,756547083,106,106
1632,2416392000,x,3046061622,756547083,106,106
1633,2416985000,x,3158322753,756547083,106,106
1634,2417578000,x,3270583884,756547083,106,106
1635,2418170000,x,3382845015,756547083,106,106
1636,2418763000,x,3495106146,756547083,106,106
1637,2419356000,x,3607367277,756547083,106,106
1638,2419948000,x,3719628408,756547083,106,106
1639,2420541000,x,3831889539,756547083,106,106
1640,2421133000,x,3944150670,756547083,106,106
1641,2421726000,x,4056411801,640967405,107,107
1642,2422319000,x,4168672932,640967405,107,107
1643,2422911000,x,4280934063,640967405,107,107
1644,2423504000,x,98227898,640967405,107,107
1645,2424097000,x,210489029,640967405,107,107
1646,2424689000,x,322750160,640967405,107,107
1647,2425282000,x,435011291,640967405,107,107
1648,2425875000,x,547272422,640967405,107,107
1649,2426467000,x,659533553,640967405,107,107
1650,2427060000,x,771794684,640967405,107,107
1651,2427653000,x,884055815,640967405,107,107
1652,2428245000,x,996316946,640967405,107,107
1653,2428838000,x,1108578077,640967405,107,107
1654,2429430000,x,1220839208,640967405,107,107
1655,2430023000,x,1333100339,640967405,107,107
1656,2430616000,x,1445361470,640967405,107,107
1657,2431208000,x,1557622601,640967405,107,107
1658,2431801000,x,1669883732,640967405,107,107
1659,2432394000,x,1782144863,640967405,107,107
1660,2432986000,x,1894405994,640967405,107,107
1661,2433579000,x,2006667125,640967405,107,107
1662,2434172000,x,2118928256,640967405,107,107
1663,2434764000,x,2231189387,640967405,107,107
1664,2435357000,x,2343450518,640967405,107,107
1665,2435949000,x,2455711649,640967405,107,107
1666,2436542000,x,2567972780,640967405,107,107
1667,2437135000,x,2680233911,640967405,107,107
1668,2437727000,x,2792495042,640967405,107,107
1669,2438320000,x,2904756173,640967405,107,107
1670,2438913000,x,3017017304,640967405,107,107
1671,2439505000,x,3129278435,640967405,107,107
1672,2440098000,x,3241539566,640967405,107,107
1673,2440691000,x,3353800697,640967405,107,107
1674,2441283000,x,3466061828,640967405,107,107
1675,2441876000,x,3578322959,640967405,107,107
1676,2442469000,x,3690584090,640967405,107,107
1677,2443061000,x,3802845221,640967405,107,107
1678,2443654000,x,3915106352,640967405,107,107
1679,2444246000,x,4027367483,512457096,108,108
1680,2444839000,x,4139628614,512457096,108,108
1681,2445432000,x,4251889745,512457096,108,108
1682,2446024000,x,69183580,512457096,108,108
1683,2446617000,x,181444711,512457096,108,108
1684,2447210000,x,293705842,512457096,108,108
1685,2447802000,x,405966973,512457096,108,108
1686,2448395000,x,518228104,512457096,108,108
1687,2448988000,x,630489235,512457096,108,108
1688,2449580000,x,742750366,512457096,108,108
1689,2450173000,x,855011497,512457096,108,108
1690,2450765000,x,967272628,512457096,108,108
1691,2451358000,x,1079533759,512457096,108,108
1692,2451951000,x,1191794890,512457096,108,108
1693,2452543000,x,1304056021,512457096,108,108
1694,2453136000,x,1416317152,512457096,108,108
1695,2453729000,x,1528578283,512457096,108,108
1696,2454321000,x,1640839414,512457096,108,108
1697,2454914000,x,1753100545,512457096,108,108
1698,2455507000,x,1865361676,512457096,108,108
1699,2456099000,x,1977622807,512457096,108,108
1700,2456692000,x,2089883938,512457096,108,108
1701,2457285000,x,2202145069,512457096,108,108
1702,2457877000,x,2314406200,512457096,108,108
1703,2458470000,x,2426667331,512457096,108,108
1704,2459062000,x,2538928462,512457096,108,108
1705,2459655000,x,2651189593,512457096,108,108
1706,2460248000,x,2763450724,512457096,108,108
1707,2460840000,x,2875711855,512457096,108,108
1708,2461433000,x,2987972986,512457096,108,108
1709,2462026000,x,3100234117,512457096,108,108
1710,2462618000,x,3212495248,512457096,108,108
1711,2463211000,x,3324756379,512457096,108,108
1712,2463804000,x,3437017510,512457096,108,108
1713,2464396000,x,3549278641,512457096,108,108
1714,2464989000,x,3661539772,512457096,108,108
1715,2465581000,x,3773800903,512457096,108,108
1716,2466174000,x,3886062034,512457096,108,108
1717,2466767000,x,3998323165,373608675,109,109
1718,2467359000,x,4110584296,373608675,109,109
1719,2467952000,x,4222845427,373608675,109,109
1720,2468545000,x,40139262,373608675,109,109
1721,2469137000,x,152400393,373608675,109,109
1722,2469730000,x,264661524,373608675,109,109
1723,2470323000,x,376922655,373608675,109,109
1724,2470915000,x,489183786,373608675,109,109
1725,2471508000,x,601444917,373608675,109,109
1726,2472101000,x,713706048,373608675,109,109
1727,2472693000,x,825967179,373608675,109,109
1728,2473286000,x,938228310,373608675,109,109
1729,2473878000,x,1050489441,373608675,109,109
1730,2474471000,x,1162750572,373608675,109,109
1731,2475064000,x,1275011703,373608675,109,109
1732,2475656000,x,1387272834,373608675,109,109
1733,2476249000,x,1499533965,373608675,109,109
1734,2476842000,x,1611795096,373608675,109,109
1735,2477434000,x,1724056227,373608675,109,109
1736,2478027000,x,1836317358,373608675,109,109
1737,2478620000,x,1948578489,373608675,109,109
1738,2479212000,x,2060839620,373608675,109,109
1739,2479805000,x,2173100751,373608675,109,109
1740,2480397000,x,2285361882,373608675,109,109
1741,2480990000,x,2397623013,373608675,109,109
1742,2481583000,x,2509884144,373608675,109,109
1743,2482175000,x,2622145275,373608675,109,109
1744,2482768000,x,2734406406,373608675,109,109
1745,2483361000,x,2846667537,373608675,109,109
1746,2483953000,x,2958928668,373608675,109,109
1747,2484546000,x,3071189799,373608675,109,109
1748,2485139000,x,3183450930,373608675,109,109
1749,2485731000,x,3295712061,373608675,109,109
1750,2486324000,x,3407973192,373608675,109,109
1751,2486917000,x,3520234323,373608675,109,109
1752,2487509000,x,3632495454,373608675,109,109
1753,2488102000,x,3744756585,373608675,109,109
1754,2488694000,x,3857017716,373608675,109,109
1755,2489287000,x,3969278847,227223216,110,110
1756,2489880000,x,4081539978,227223216,110,110
1757,2490472000,x,4193801109,227223216,110,110
1758,2491065000,x,11094944,227223216,110,110
1759,2491658000,x,123356075,227223216,110,110
1760,2492250000,x,235617206,227223216,110,110
1761,2492843000,x,347878337,227223216,110,110
1762,2493436000,x,460139468,227223216,110,110
1763,2494028000,x,572400599,227223216,110,110
1764,2494621000,x,684661730,227223216,110,110
1765,2495213000,x,796922861,227223216,110,110
1766,2495806000,x,909183992,227223216,110,110
1767,2496399000,x,1021445123,227223216,110,110
1768,2496991000,x,1133706254,227223216,110,110
1769,2497584000,x,1245967385,227223216,110,110
1770,2498177000,x,1358228516,227223216,110,110
1771,2498769000,x,1470489647,227223216,110,110
1772,2499362000,x,1582750778,227223216,110,110
1773,2499955000,x,1695011909,227223216,110,110
1774,2500547000,x,1807273040,227223216,110,110
1775,2501140000,x,1919534171,227223216,110,110
1776,2501733000,x,2031795302,227223216,110,110
1777,2502325000,x,2144056433,227223216,110,110
1778,2502918000,x,2256317564,227223216,110,110
1779,2503510000,x,2368578695,227223216,110,110
1780,2504103000,x,2480839826,227223216,110,110
1781,2504696000,x,2593100957,227223216,110,110
1782,2505288000,x,2705362088,227223216,110,110
1783,2505881000,x,2817623219,227223216,110,110
1784,2506474000,x,2929884350,227223216,110,110
1785,2507066000,x,3042145481,227223216,110,110
1786,2507659000,x,3154406612,227223216,110,110
1787,2508252000,x,3266667743,227223216,110,110
1788,2508844000,x,3378928874,227223216,110,110
1789,2509437000,x,3491190005,227223216,110,110
1790,2510029000,x,3603451136,227223216,110,110
1791,2510622000,x,3715712267,227223216,110,110
1792,2511215000,x,3827973398,227223216,110,110
1793,2511807000,x,3940234529,76253844,111,111
1794,2512400000,x,4052495660,76253844,111,111
1795,2512993000,x,4164756791,76253844,111,111
1796,2513585000,x,4277017922,76253844,111,111
1797,2514178000,x,94311757,76253844,111,111
1798,2514771000,x,206572888,76253844,111,111
1799,2515363000,x,318834019,76253844,111,111
1800,2515956000,x,431095150,76253844,111,111
1801,2516549000,x,543356281,76253844,111,111
1802,2517141000,x,655617412,76253844,111,111
1803,2517734000,x,767878543,76253844,111,111
1804,2518326000,x,880139674,76253844,111,111
1805,2518919000,x,992400805,76253844,111,111
1806,2519512000,x,1104661936,76253844,111,111
1807,2520104000,x,1216923067,76253844,111,111
1808,2520697000,x,1329184198,76253844,111,111
1809,2521290000,x,1441445329,76253844,111,111
1810,2521882000,x,1553706460,76253844,111,111
1811,2522475000,x,1665967591,76253844,111,111
1812,2523068000,x,1778228722,76253844,111,111
1813,2523660000,x,1890489853,76253844,111,111
1814,2524253000,x,2002750984,76253844,111,111
1815,2524845000,x,2115012115,76253844,111,111
1816,2525438000,x,2227273246,76253844,111,111
1817,2526031000,x,2339534377,76253844,111,111
1818,2526623000,x,2451795508,76253844,111,111
1819,2527216000,x,2564056639,76253844,111,111
1820,2527809000,x,2676317770,76253844,111,111
1821,2528401000,x,2788578901,76253844,111,111
1822,2528994000,x,2900840032,76253844,111,111
1823,2529587000,x,3013101163,76253844,111,111
1824,2530179000,x,3125362294,76253844,111,111
1825,2530772000,x,3237623425,76253844,111,111
1826,2531365000,x,3349884556,76253844,111,111
1827,2531957000,x,3462145687,76253844,111,111
1828,2532550000,x,3574406818,76253844,111,111
1829,2533142000,x,3686667949,76253844,111,111
1830,2533735000,x,3798929080,76253844,111,111
1831,2534328000,x,3911190211,-76253844,112,112
1832,2534920000,x,4023451342,-76253844,112,112
1833,2535513000,x,4135712473,-76253844,112,112
1834,2536106000,x,4247973604,-76253844,112,112
1835,2536698000,x,65267439,-76253844,112,112
1836,2537291000,x,177528570,-76253844,112,112
1837,2537884000,x,289789701,-76253844,112,112
1838,2538476000,x,402050832,-76253844,112,112
1839,2539069000,x,514311963,-76253844,112,112
1840,2539661000,x,626573094,-76253844,112,112
1841,2540254000,x,738834225,-76253844,112,112
1842,2540847000,x,851095356,-76253844,112,112
1843,2541439000,x,963356487,-76253844,112,112
1844,2542032000,x,1075617618,-76253844,112,112
1845,2542625000,x,1187878749,-76253844,112,112
1846,2543217000,x,1300139880,-76253844,112,112
1847,2543810000,x,1412401011,-76253844,112,112
1848,2544403000,x,1524662142,-76253844,112,112
1849,2544995000,x,1636923273,-76253844,112,112
1850,2545588000,x,1749184404,-76253844,112,112
1851,2546181000,x,1861445535,-76253844,112,112
1852,2546773000,x,1973706666,-76253844,112,112
1853,2547366000,x,2085967797,-76253844,112,112
1854,2547958000,x,2198228928,-76253844,112,112
1855,2548551000,x,2310490059,-76253844,112,112
1856,2549144000,x,2422751190,-76253844,112,112
1857,2549736000,x,2535012321,-76253844,112,112
1858,2550329000,x,2647273452,-76253844,112,112
1859,2550922000,x,2759534583,-76253844,112,112
1860,2551514000,x,2871795714,-76253844,112,112
1861,2552107000,x,2984056845,-76253844,112,112
1862,2552700000,x,3096317976,-76253844,112,112
1863,2553292000,x,3208579107,-76253844,112,112
1864,2553885000,x,3320840238,-76253844,112,112
1865,2554477000,x,3433101369,-76253844,112,112
1866,2555070000,x,3545362500,-76253844,112,112
1867,2555663000,x,3657623631,-76253844,112,112
1868,2556255000,x,3769884762,-76253844,112,112
1869,2556848000,x,3882145893,-76253844,112,112
1870,2557441000,x,3994407024,-227223216,113,113
1871,2558033000,x,4106668155,-227223216,113,113
1872,2558626000,x,4218929286,-227223216,113,113
1873,2559219000,x,36223121,-227223216,113,113
1874,2559811000,x,148484252,-227223216,113,113
1875,2560404000,x,260745383,-227223216,113,113
1876,2560997000,x,373006514,-227223216,113,113
1877,2561589000,x,485267645,-227223216,113,113
1878,2562182000,x,597528776,-227223216,113,113
1879,2562774000,x,709789907,-227223216,113,113
1880,2563367000,x,822051038,-227223216,113,113
1881,2563960000,x,934312169,-227223216,113,113
1882,2564552000,x,1046573300,-227223216,113,113
1883,2565145000,x,1158834431,-227223216,113,113
1884,2565738000,x,1271095562,-227223216,113,113
1885,2566330000,x,1383356693,-227223216,113,113
1886,2566923000,x,1495617824,-227223216,113,113
1887,2567516000,x,1607878955,-227223216,113,113
1888,2568108000,x,1720140086,-227223216,113,113
1889,2568701000,x,1832401217,-227223216,113,113
1890,2569293000,x,1944662348,-227223216,113,113
1891,2569886000,x,2056923479,-227223216,113,113
1892,2570479000,x,2169184610,-227223216,113,113
1893,2571071000,x,2281445741,-227223216,113,113
1894,2571664000,x,2393706872,-227223216,113,113
1895,2572257000,x,2505968003,-227223216,113,113
1896,2572849000,x,2618229134,-227223216,113,113
1897,2573442000,x,2730490265,-227223216,113,113
1898,2574035000,x,2842751396,-227223216,113,113
1899,2574627000,x,2955012527,-227223216,113,113
1900,2575220000,x,3067273658,-227223216,113,113
1901,2575813000,x,3179534789,-227223216,113,113
1902,2576405000,x,3291795920,-227223216,113,113
1903,2576998000,x,3404057051,-227223216,113,113
1904,2577590000,x,3516318182,-227223216,113,113
1905,2578183000,x,3628579313,-227223216,113,113
1906,2578776000,x,3740840444,-227223216,113,113
1907,2579368000,x,3853101575,-227223216,113,113
1908,2579961000,x,3965362706,-373608675,114,114
1909,2580554000,x,4077623837,-373608675,114,114
1910,2581146000,x,4189884968,-373608675,114,114
1911,2581739000,x,7178803,-373608675,114,114
1912,2582332000,x,119439934,-373608675,114,114
1913,2582924000,x,231701065,-373608675,114,114
1914,2583517000,x,343962196,-373608675,114,114
1915,2584109000,x,456223327,-373608675,114,114
1916,2584702000,x,568484458,-373608675,114,114
1917,2585295000,x,680745589,-373608675,114,114
1918,2585887000,x,793006720,-373608675,114,114
1919,2586480000,x,905267851,-373608675,114,114
1920,2587073000,x,1017528982,-373608675,114,114
1921,2587665000,x,1129790113,-373608675,114,114
1922,2588258000,x,1242051244,-373608675,114,114
1923,2588851000,x,1354312375,-373608675,114,114
1924,2589443000,x,1466573506,-373608675,114,114
1925,2590036000,x,1578834637,-373608675,114,114
1926,2590629000,x,1691095768,-373608675,114,114
1927,2591221000,x,1803356899,-373608675,114,114
1928,2591814000,x,1915618030,-373608675,114,114
1929,2592406000,x,2027879161,-373608675,114,114
1930,2592999000,x,2140140292,-373608675,114,114
1931,2593592000,x,2252401423,-373608675,114,114
1932,2594184000,x,2364662554,-373608675,114,114
1933,2594777000,x,2476923685,-373608675,114,114
1934,2595370000,x,2589184816,-373608675,114,114
1935,2595962000,x,2701445947,-373608675,114,114
1936,2596555000,x,2813707078,-373608675,114,114
1937,2597148000,x,2925968209,-373608675,114,114
1938,2597740000,x,3038229340,-373608675,114,114
1939,2598333000,x,3150490471,-373608675,114,114
1940,2598925000,x,3262751602,-373608675,114,114
1941,2599518000,x,3375012733,-373608675,114,114
1942,2600111000,x,3487273864,-373608675,114,114
1943,2600703000,x,3599534995,-373608675,114,114
1944,2601296000,x,3711796126,-373608675,114,114
1945,2601889000,x,3824057257,-373608675,114,114
1946,2602481000,x,3936318388,-512457096,115,115
1947,2603074000,x,4048579519,-512457096,115,115
1948,2603667000,x,4160840650,-512457096,115,115
1949,2604259000,x,4273101781,-512457096,115,115
1950,2604852000,x,90395616,-512457096,115,115
1951,2605445000,x,202656747,-512457096,115,115
1952,2606037000,x,314917878,-512457096,115,115
1953,2606630000,x,427179009,-512457096,115,115
1954,2607222000,x,539440140,-512457096,115,115
1955,2607815000,x,651701271,-512457096,115,115
1956,2608408000,x,763962402,-512457096,115,115
1957,2609000000,x,876223533,-512457096,115,115
1958,2609593000,x,988484664,-512457096,115,115
1959,2610186000,x,1100745795,-512457096,115,115
1960,2610778000,x,1213006926,-512457096,115,115
1961,2611371000,x,1325268057,-512457096,115,115
1962,2611964000,x,1437529188,-512457096,115,115
1963,2612556000,x,1549790319,-512457096,115,115
1964,2613149000,x,1662051450,-512457096,115,115
1965,2613741000,x,1774312581,-512457096,115,115
1966,2614334000,x,1886573712,-512457096,115,115
1967,2614927000,x,1998834843,-512457096,115,115
1968,2615519000,x,2111095974,-512457096,115,115
1969,2616112000,x,2223357105,-512457096,115,115
1970,2616705000,x,2335618236,-512457096,115,115
1971,2617297000,x,2447879367,-512457096,115,115
1972,2617890000,x,2560140498,-512457096,115,115
1973,2618483000,x,2672401629,-512457096,115,115
1974,2619075000,x,2784662760,-512457096,115,115
1975,2619668000,x,2896923891,-512457096,115,115
1976,2620261000,x,3009185022,-512457096,115,115
1977,2620853000,x,3121446153,-512457096,115,115
1978,2621446000,x,3233707284,-512457096,115,115
1979,2622038000,x,3345968415,-512457096,115,115
1980,2622631000,x,3458229546,-512457096,115,115
1981,2623224000,x,3570490677,-512457096,115,115
1982,2623816000,x,3682751808,-512457096,115,115
1983,2624409000,x,3795012939,-512457096,115,115
1984,2625002000,x,3907274070,-640967405,116,116
1985,2625594000,x,4019535201,-640967405,116,116
1986,2626187000,x,4131796332,-640967405,116,116
1987,2626780000,x,4244057463,-640967405,116,116
1988,2627372000,x,61351298,-640967405,116,116
1989,2627965000,x,173612429,-640967405,116,116
1990,2628557000,x,285873560,-640967405,116,116
1991,2629150000,x,398134691,-640967405,116,116
1992,2629743000,x,510395822,-640967405,116,116
1993,2630335000,x,622656953,-640967405,116,116
1994,2630928000,x,734918084,-640967405,116,116
1995,2631521000,x,847179215,-640967405,116,116
1996,2632113000,x,959440346,-640967405,116,116
1997,2632706000,x,1071701477,-640967405,116,116
1998,2633299000,x,1183962608,-640967405,116,116
1999,2633891000,x,1296223739,-640967405,116,116
2000,2634484000,x,1408484870,-640967405,116,116
2001,2635077000,x,1520746001,-640967405,116,116
2002,2635669000,x,1633007132,-640967405,116,116
2003,2636262000,x,1745268263,-640967405,116,116
2004,2636854000,x,1857529394,-640967405,116,116
2005,2637447000,x,1969790525,-640967405,116,116
2006,2638040000,x,2082051656,-640967405,116,116
2007,2638632000,x,2194312787,-640967405,116,116
2008,2639225000,x,2306573918,-640967405,116,116
2009,2639818000,x,2418835049,-640967405,116,116
2010,2640410000,x,2531096180,-640967405,116,116
2011,2641003000,x,2643357311,-640967405,116,116
2012,2641596000,x,2755618442,-640967405,116,116
2013,2642188000,x,2867879573,-640967405,116,116
2014,2642781000,x,2980140704,-640967405,116,116
2015,2643373000,x,3092401835,-640967405,116,116
2016,2643966000,x,3204662966,-640967405,116,116
2017,2644559000,x,3316924097,-640967405,116,116
2018,2645151000,x,3429185228,-640967405,116,116
2019,2645744000,x,3541446359,-640967405,116,116
2020,2646337000,x,3653707490,-640967405,116,116
2021,2646929000,x,3765968621,-640967405,116,116
2022,2647522000,x,3878229752,-756547083,117,117
2023,2648115000,x,3990490883,-756547083,117,117
2024,2648707000,x,4102752014,-756547083,117,117
2025,2649300000,x,4215013145,-756547083,117,117
2026,2649893000,x,32306980,-756547083,117,117
2027,2650485000,x,144568111,-756547083,117,117
2028,2651078000,x,256829242,-756547083,117,117
2029,2651670000,x,369090373,-756547083,117,117
2030,2652263000,x,481351504,-756547083,117,117
2031,2652856000,x,593612635,-756547083,117,117
2032,2653448000,x,705873766,-756547083,117,117
2033,2654041000,x,818134897,-756547083,117,117
2034,2654634000,x,930396028,-756547083,117,117
2035,2655226000,x,1042657159,-756547083,117,117
2036,2655819000,x,1154918290,-756547083,117,117
2037,2656412000,x,1267179421,-756547083,117,117
2038,2657004000,x,1379440552,-756547083,117,117
2039,2657597000,x,1491701683,-756547083,117,117
2040,2658189000,x,1603962814,-756547083,117,117
2041,2658782000,x,1716223945,-756547083,117,117
2042,2659375000,x,1828485076,-756547083,117,117
2043,2659967000,x,1940746207,-756547083,117,117
2044,2660560000,x,2053007338,-756547083,117,117
2045,2661153000,x,2165268469,-756547083,117,117
2046,2661745000,x,2277529600,-756547083,117,117
2047,2662338000,x,2389790731,-756547083,117,117
2048,2662931000,x,2502051862,-756547083,117,117
2049,2663523000,x,2614312993,-756547083,117,117
2050,2664116000,x,2726574124,-756547083,117,117
2051,2664709000,x,2838835255,-756547083,117,117
2052,2665301000,x,2951096386,-756547083,117,117
2053,2665894000,x,3063357517,-756547083,117,117
2054,2666486000,x,3175618648,-756547083,117,117
2055,2667079000,x,3287879779,-756547083,117,117
2056,2667672000,x,3400140910,-756547083,117,117
2057,2668264000,x,3512402041,-756547083,117,117
2058,2668857000,x,3624663172,-756547083,117,117
2059,2669450000,x,3736924303,-756547083,117,117
2060,2670042000,x,3849185434,-756547083,117,117
2061,2670635000,x,3961446565,-856864472,118,118
2062,2671228000,x,4073707696,-856864472,118,118
2063,2671820000,x,4185968827,-856864472,118,118
2064,2672413000,x,3262662,-856864472,118,118
2065,2673005000,x,115523793,-856864472,118,118
2066,2673598000,x,227784924,-856864472,118,118
2067,2674191000,x,340046055,-856864472,118,118
2068,2674783000,x,452307186,-856864472,118,118
2069,2675376000,x,564568317,-856864472,118,118
2070,2675969000,x,676829448,-856864472,118,118
2071,2676561000,x,789090579,-856864472,118,118
2072,2677154000,x,901351710,-856864472,118,118
2073,2677747000,x,1013612841,-856864472,118,118
2074,2678339000,x,1125873972,-856864472,118,118
2075,2678932000,x,1238135103,-856864472,118,118
2076,2679525000,x,1350396234,-856864472,118,118
2077,2680117000,x,1462657365,-856864472,118,118
2078,2680710000,x,1574918496,-856864472,118,118
2079,2681302000,x,1687179627,-856864472,118,118
2080,2681895000,x,1799440758,-856864472,118,118
2081,2682488000,x,1911701889,-856864472,118,118
2082,2683080000,x,2023963020,-856864472,118,118
2083,2683673000,x,2136224151,-856864472,118,118
2084,2684266000,x,2248485282,-856864472,118,118
2085,2684858000,x,2360746413,-856864472,118,118
2086,2685451000,x,2473007544,-856864472,118,118
2087,2686044000,x,2585268675,-856864472,118,118
2088,2686636000,x,2697529806,-856864472,118,118
2089,2687229000,x,2809790937,-856864472,118,118
2090,2687821000,x,2922052068,-856864472,118,118
2091,2688414000,x,3034313199,-856864472,118,118
2092,2689007000,x,3146574330,-856864472,118,118
2093,2689599000,x,3258835461,-856864472,118,118
2094,2690192000,x,3371096592,-856864472,118,118
2095,2690785000,x,3483357723,-856864472,118,118
2096,2691377000,x,3595618854,-856864472,118,118
2097,2691970000,x,3707879985,-856864472,118,118
2098,2692563000,x,3820141116,-856864472,118,118
2099,2693155000,x,3932402247,-939895807,119,119
2100,2693748000,x,4044663378,-939895807,119,119
2101,2694341000,x,4156924509,-939895807,119,119
2102,2694933000,x,4269185640,-939895807,119,119
2103,2695526000,x,86479475,-939895807,119,119
2104,2696118000,x,198740606,-939895807,119,119
2105,2696711000,x,311001737,-939895807,119,119
2106,2697304000,x,423262868,-939895807,119,119
2107,2697896000,x,535523999,-939895807,119,119
2108,2698489000,x,647785130,-939895807,119,119
2109,2699082000,x,760046261,-939895807,119,119
2110,2699674000,x,872307392,-939895807,119,119
2111,2700267000,x,984568523,-939895807,119,119
2112,2700860000,x,1096829654,-939895807,119,119
2113,2701452000,x,1209090785,-939895807,119,119
2114,2702045000,x,1321351916,-939895807,119,119
2115,2702637000,x,1433613047,-939895807,119,119
2116,2703230000,x,1545874178,-939895807,119,119
2117,2703823000,x,1658135309,-939895807,119,119
2118,2704415000,x,1770396440,-939895807,119,119
2119,2705008000,x,1882657571,-939895807,119,119
2120,2705601000,x,1994918702,-939895807,119,119
2121,2706193000,x,2107179833,-939895807,119,119
2122,2706786000,x,2219440964,-939895807,119,119
2123,2707379000,x,2331702095,-939895807,119,119
2124,2707971000,x,2443963226,-939895807,119,119
2125,2708564000,x,2556224357,-939895807,119,119
2126,2709157000,x,2668485488,-939895807,119,119
2127,2709749000,x,2780746619,-939895807,119,119
2128,2710342000,x,2893007750,-939895807,119,119
2129,2710934000,x,3005268881,-939895807,119,119
2130,2711527000,x,3117530012,-939895807,119,119
2131,2712120000,x,3229791143,-939895807,119,119
2132,2712712000,x,3342052274,-939895807,119,119
2133,2713305000,x,3454313405,-939895807,119,119
2134,2713898000,x,3566574536,-939895807,119,119
2135,2714490000,x,3678835667,-939895807,119,119
2136,2715083000,x,3791096798,-939895807,119,119
2137,2715676000,x,3903357929,-1003966045,120,120
2138,2716268000,x,4015619060,-1003966045,120,120
2139,2716861000,x,4127880191,-1003966045,120,120
2140,2717453000,x,4240141322,-1003966045,120,120
2141,2718046000,x,57435157,-1003966045,120,120
2142,2718639000,x,169696288,-1003966045,120,120
2143,2719231000,x,281957419,-1003966045,120,120
2144,2719824000,x,394218550,-1003966045,120,120
2145,2720417000,x,506479681,-1003966045,120,120
2146,2721009000,x,618740812,-1003966045,120,120
2147,2721602000,x,731001943,-1003966045,120,120
2148,2722195000,x,843263074,-1003966045,120,120
2149,2722787000,x,955524205,-1003966045,120,120
2150,2723380000,x,1067785336,-1003966045,120,120
2151,2723973000,x,1180046467,-1003966045,120,120
2152,2724565000,x,1292307598,-1003966045,120,120
2153,2725158000,x,1404568729,-1003966045,120,120
2154,2725750000,x,1516829860,-1003966045,120,120
2155,2726343000,x,1629090991,-1003966045,120,120
2156,2726936000,x,1741352122,-1003966045,120,120
2157,2727528000,x,1853613253,-1003966045,120,120
2158,2728121000,x,1965874384,-1003966045,120,120
2159,2728714000,x,2078135515,-1003966045,120,120
2160,2729306000,x,2190396646,-1003966045,120,120
2161,2729899000,x,2302657777,-1003966045,120,120
2162,2730492000,x,2414918908,-1003966045,120,120
2163,2731084000,x,2527180039,-1003966045,120,120
2164,2731677000,x,2639441170,-1003966045,120,120
2165,2732269000,x,2751702301,-1003966045,120,120
2166,2732862000,x,2863963432,-1003966045,120,120
2167,2733455000,x,2976224563,-1003966045,120,120
2168,2734047000,x,3088485694,-1003966045,120,120
2169,2734640000,x,3200746825,-1003966045,120,120
2170,2735233000,x,3313007956,-1003966045,120,120
2171,2735825000,x,3425269087,-1003966045,120,120
2172,2736418000,x,3537530218,-1003966045,120,120
2173,2737011000,x,3649791349,-1003966045,120,120
2174,2737603000,x,3762052480,-1003966045,120,120
2175,2738196000,x,3874313611,-1047782658,121,121
2176,2738789000,x,3986574742,-1047782658,121,121
2177,2739381000,x,4098835873,-1047782658,121,121
2178,2739974000,x,4211097004,-1047782658,121,121
2179,2740566000,x,28390839,-1047782658,121,121
2180,2741159000,x,140651970,-1047782658,121,121
2181,2741752000,x,252913101,-1047782658,121,121
2182,2742344000,x,365174232,-1047782658,121,121
2183,2742937000,x,477435363,-1047782658,121,121
2184,2743530000,x,589696494,-1047782658,121,121
2185,2744122000,x,701957625,-1047782658,121,121
2186,2744715000,x,814218756,-1047782658,121,121
2187,2745308000,x,926479887,-1047782658,121,121
2188,2745900000,x,1038741018,-1047782658,121,121
2189,2746493000,x,1151002149,-1047782658,121,121
2190,2747085000,x,1263263280,-1047782658,121,121
2191,2747678000,x,1375524411,-1047782658,121,121
2192,2748271000,x,1487785542,-1047782658,121,121
2193,2748863000,x,1600046673,-1047782658,121,121
2194,2749456000,x,1712307804,-1047782658,121,121
2195,2750049000,x,1824568935,-1047782658,121,121
2196,2750641000,x,1936830066,-1047782658,121,121
2197,2751234000,x,2049091197,-1047782658,121,121
2198,2751827000,x,2161352328,-1047782658,121,121
2199,2752419000,x,2273613459,-1047782658,121,121
2200,2753012000,x,2385874590,-1047782658,121,121
2201,2753605000,x,2498135721,-1047782658,121,121
2202,2754197000,x,2610396852,-1047782658,121,121
2203,2754790000,x,2722657983,-1047782658,121,121
2204,2755382000,x,2834919114,-1047782658,121,121
2205,2755975000,x,2947180245,-1047782658,121,121
2206,2756568000,x,3059441376,-1047782658,121,121
2207,2757160000,x,3171702507,-1047782658,121,121
2208,2757753000,x,3283963638,-1047782658,121,121
2209,2758346000,x,3396224769,-1047782658,121,121
2210,2758938000,x,3508485900,-1047782658,121,121
2211,2759531000,x,3620747031,-1047782658,121,121
2212,2760124000,x,3733008162,-1047782658,121,121
2213,2760716000,x,3845269293,-1070461707,122,122
2214,2761309000,x,3957530424,-1070461707,122,122
2215,2761901000,x,4069791555,-1070461707,122,122
2216,2762494000,x,4182052686,-1070461707,122,122
2217,2763087000,x,4294313817,-1070461707,122,122
2218,2763679000,x,111607652,-1070461707,122,122
2219,2764272000,x,223868783,-1070461707,122,122
2220,2764865000,x,336129914,-1070461707,122,122
2221,2765457000,x,448391045,-1070461707,122,122
2222,2766050000,x,560652176,-1070461707,122,122
2223,2766643000,x,672913307,-1070461707,122,122
2224,2767235000,x,785174438,-1070461707,122,122
2225,2767828000,x,897435569,-1070461707,122,122
2226,2768421000,x,1009696700,-1070461707,122,122
2227,2769013000,x,1121957831,-1070461707,122,122
2228,2769606000,x,1234218962,-1070461707,122,122
2229,2770198000,x,1346480093,-1070461707,122,122
2230,2770791000,x,1458741224,-1070461707,122,122
2231,2771384000,x,1571002355,-1070461707,122,122
2232,2771976000,x,1683263486,-1070461707,122,122
2233,2772569000,x,1795524617,-1070461707,122,122
2234,2773162000,x,1907785748,-1070461707,122,122
2235,2773754000,x,2020046879,-1070461707,122,122
2236,2774347000,x,2132308010,-1070461707,122,122
2237,2774940000,x,2244569141,-1070461707,122,122
2238,2775532000,x,2356830272,-1070461707,122,122
2239,2776125000,x,2469091403,-1070461707,122,122
2240,2776717000,x,2581352534,-1070461707,122,122
2241,2777310000,x,2693613665,-1070461707,122,122
2242,2777903000,x,2805874796,-1070461707,122,122
2243,2778495000,x,2918135927,-1070461707,122,122
2244,2779088000,x,3030397058,-1070461707,122,122
2245,2779681000,x,3142658189,-1070461707,122,122
2246,2780273000,x,3254919320,-1070461707,122,122
2247,2780866000,x,3367180451,-1070461707,122,122
2248,2781459000,x,3479441582,-1070461707,122,122
2249,2782051000,x,3591702713,-1070461707,122,122
2250,2782644000,x,3703963844,-1070461707,122,122
2251,2783237000,x,3816224975,-1071545673,123,123
2252,2783829000,x,3928486106,-1071545673,123,123
2253,2784422000,x,4040747237,-1071545673,123,123
2254,2785014000,x,4153008368,-1071545673,123,123
2255,2785607000,x,4265269499,-1071545673,123,123
2256,2786200000,x,82563334,-1071545673,123,123
2257,2786792000,x,194824465,-1071545673,123,123
2258,2787385000,x,307085596,-1071545673,123,123
2259,2787978000,x,419346727,-1071545673,123,123
2260,2788570000,x,531607858,-1071545673,123,123
2261,2789163000,x,643868989,-1071545673,123,123
2262,2789756000,x,756130120,-1071545673,123,123
2263,2790348000,x,868391251,-1071545673,123,123
2264,2790941000,x,980652382,-1071545673,123,123
2265,2791533000,x,1092913513,-1071545673,123,123
2266,2792126000,x,1205174644,-1071545673,123,123
2267,2792719000,x,1317435775,-1071545673,123,123
2268,2793311000,x,1429696906,-1071545673,123,123
2269,2793904000,x,1541958037,-1071545673,123,123
2270,2794497000,x,1654219168,-1071545673,123,123
2271,2795089000,x,1766480299,-1071545673,123,123
2272,2795682000,x,1878741430,-1071545673,123,123
2273,2796275000,x,1991002561,-1071545673,123,123
2274,2796867000,x,2103263692,-1071545673,123,123
2275,2797460000,x,2215524823,-1071545673,123,123
2276,2798053000,x,2327785954,-1071545673,123,123
2277,2798645000,x,2440047085,-1071545673,123,123
2278,2799238000,x,2552308216,-1071545673,123,123
2279,2799830000,x,2664569347,-1071545673,123,123
2280,2800423000,x,2776830478,-1071545673,123,123
2281,2801016000,x,2889091609,-1071545673,123,123
2282,2801608000,x,3001352740,-1071545673,123,123
2283,2802201000,x,3113613871,-1071545673,123,123
2284,2802794000,x,3225875002,-1071545673,123,123
2285,2803386000,x,3338136133,-1071545673,123,123
2286,2803979000,x,3450397264,-1071545673,123,123
2287,2804572000,x,3562658395,-1071545673,123,123
2288,2805164000,x,3674919526,-1071545673,123,123
2289,2805757000,x,3787180657,-1071545673,123,123
2290,2806349000,x,3899441788,-1051012689,124,124
2291,2806942000,x,4011702919,-1051012689,124,124
2292,2807535000,x,4123964050,-1051012689,124,124
2293,2808127000,x,4236225181,-1051012689,124,124
2294,2808720000,x,53519016,-1051012689,124,124
2295,2809313000,x,165780147,-1051012689,124,124
2296,2809905000,x,278041278,-1051012689,124,124
2297,2810498000,x,390302409,-1051012689,124,124
2298,2811091000,x,502563540,-1051012689,124,124
2299,2811683000,x,614824671,-1051012689,124,124
2300,2812276000,x,727085802,-1051012689,124,124
2301,2812869000,x,839346933,-1051012689,124,124
2302,2813461000,x,951608064,-1051012689,124,124
2303,2814054000,x,1063869195,-1051012689,124,124
2304,2814646000,x,1176130326,-1051012689,124,124
2305,2815239000,x,1288391457,-1051012689,124,124
2306,2815832000,x,1400652588,-1051012689,124,124
2307,2816424000,x,1512913719,-1051012689,124,124
2308,2817017000,x,1625174850,-1051012689,124,124
2309,2817610000,x,1737435981,-1051012689,124,124
2310,2818202000,x,1849697112,-1051012689,124,124
2311,2818795000,x,1961958243,-1051012689,124,124
2312,2819388000,x,2074219374,-1051012689,124,124
2313,2819980000,x,2186480505,-1051012689,124,124
2314,2820573000,x,2298741636,-1051012689,124,124
2315,2821165000,x,2411002767,-1051012689,124,124
2316,2821758000,x,2523263898,-1051012689,124,124
2317,2822351000,x,2635525029,-1051012689,124,124
2318,2822943000,x,2747786160,-1051012689,124,124
2319,2823536000,x,2860047291,-1051012689,124,124
2320,2824129000,x,2972308422,-1051012689,124,124
2321,2824721000,x,3084569553,-1051012689,124,124
2322,2825314000,x,3196830684,-1051012689,124,124
2323,2825907000,x,3309091815,-1051012689,124,124
2324,2826499000,x,3421352946,-1051012689,124,124
2325,2827092000,x,3533614077,-1051012689,124,124
2326,2827685000,x,3645875208,-1051012689,124,124
2327,2828277000,x,3758136339,-1051012689,124,124
2328,2828870000,x,3870397470,-1009276979,125,125
2329,2829462000,x,3982658601,-1009276979,125,125
2330,2830055000,x,4094919732,-1009276979,125,125
2331,2830648000,x,4207180863,-1009276979,125,125
2332,2831240000,x,24474698,-1009276979,125,125
2333,2831833000,x,136735829,-1009276979,125,125
2334,2832426000,x,248996960,-1009276979,125,125
2335,2833018000,x,361258091,-1009276979,125,125
2336,2833611000,x,473519222,-1009276979,125,125
2337,2834204000,x,585780353,-1009276979,125,125
2338,2834796000,x,698041484,-1009276979,125,125
2339,2835389000,x,810302615,-1009276979,125,125
2340,2835981000,x,922563746,-1009276979,125,125
2341,2836574000,x,1034824877,-1009276979,125,125
2342,2837167000,x,1147086008,-1009276979,125,125
2343,2837759000,x,1259347139,-1009276979,125,125
2344,2838352000,x,1371608270,-1009276979,125,125
2345,2838945000,x,1483869401,-1009276979,125,125
2346,2839537000,x,1596130532,-1009276979,125,125
2347,2840130000,x,1708391663,-1009276979,125,125
2348,2840723000,x,1820652794,-1009276979,125,125
2349,2841315000,x,1932913925,-1009276979,125,125
2350,2841908000,x,2045175056,-1009276979,125,125
2351,2842501000,x,2157436187,-1009276979,125,125
2352,2843093000,x,2269697318,-1009276979,125,125
2353,2843686000,x,2381958449,-1009276979,125,125
2354,2844278000,x,2494219580,-1009276979,125,125
2355,2844871000,x,2606480711,-1009276979,125,125
2356,2845464000,x,2718741842,-1009276979,125,125
2357,2846056000,x,2831002973,-1009276979,125,125
2358,2846649000,x,2943264104,-1009276979,125,125
2359,2847242000,x,3055525235,-1009276979,125,125
2360,2847834000,x,3167786366,-1009276979,125,125
2361,2848427000,x,3280047497,-1009276979,125,125
2362,2849020000,x,3392308628,-1009276979,125,125
2363,2849612000,x,3504569759,-1009276979,125,125
2364,2850205000,x,3616830890,-1009276979,125,125
2365,2850797000,x,3729092021,-1009276979,125,125
2366,2851390000,x,3841353152,-947180503,126,126
2367,2851983000,x,3953614283,-947180503,126,126
2368,2852575000,x,4065875414,-947180503,126,126
2369,2853168000,x,4178136545,-947180503,126,126
2370,2853761000,x,4290397676,-947180503,126,126
2371,2854353000,x,107691511,-947180503,126,126
2372,2854946000,x,219952642,-947180503,126,126
2373,2855539000,x,332213773,-947180503,126,126
2374,2856131000,x,444474904,-947180503,126,126
2375,2856724000,x,556736035,-947180503,126,126
2376,2857317000,x,668997166,-947180503,126,126
2377,2857909000,x,781258297,-947180503,126,126
2378,2858502000,x,893519428,-947180503,126,126
2379,2859094000,x,1005780559,-947180503,126,126
2380,2859687000,x,1118041690,-947180503,126,126
2381,2860280000,x,1230302821,-947180503,126,126
2382,2860872000,x,1342563952,-947180503,126,126
2383,2861465000,x,1454825083,-947180503,126,126
2384,2862058000,x,1567086214,-947180503,126,126
2385,2862650000,x,1679347345,-947180503,126,126
2386,2863243000,x,1791608476,-947180503,126,126
2387,2863836000,x,1903869607,-947180503,126,126
2388,2864428000,x,2016130738,-947180503,126,126
2389,2865021000,x,2128391869,-947180503,126,126
2390,2865613000,x,2240653000,-947180503,126,126
2391,2866206000,x,2352914131,-947180503,126,126
2392,2866799000,x,2465175262,-947180503,126,126
2393,2867391000,x,2577436393,-947180503,126,126
2394,2867984000,x,2689697524,-947180503,126,126
2395,2868577000,x,2801958655,-947180503,126,126
2396,2869169000,x,2914219786,-947180503,126,126
2397,2869762000,x,3026480917,-947180503,126,126
2398,2870355000,x,3138742048,-947180503,126,126
2399,2870947000,x,3251003179,-947180503,126,126
2400,2871540000,x,3363264310,-947180503,126,126
2401,2872133000,x,3475525441,-947180503,126,126
2402,2872725000,x,3587786572,-947180503,126,126
2403,2873318000,x,3700047703,-947180503,126,126
2404,2873910000,x,3812308834,-865975972,127,127
2405,2874503000,x,3924569965,-865975972,127,127
2406,2875096000,x,4036831096,-865975972,127,127
2407,2875688000,x,4149092227,-865975972,127,127
2408,2876281000,x,4261353358,-865975972,127,127
2409,2876874000,x,78647193,-865975972,127,127
2410,2877466000,x,190908324,-865975972,127,127
2411,2878059000,-969247081,303169455,-865975972,127,127
2412,2878652000,-970959584,415430586,-865975972,127,127
2413,2879244000,-972628019,527691717,-865975972,127,127
2414,2879837000,-974309454,639952848,-865975972,127,127
2415,2880429000,-976002786,752213979,-865975972,127,127
2416,2881022000,-977637153,864475110,-865975972,127,127
2417,2881615000,-979268813,976736241,-865975972,127,127
2418,2882207000,-980903759,1088997372,-865975972,127,127
2419,2882800000,-982509242,1201258503,-865975972,127,127
2420,2883393000,-984126004,1313519634,-865975972,127,127
2421,2883985000,-985693063,1425780765,-865975972,127,127
2422,2884578000,-987304444,1538041896,-865975972,127,127
2423,2885171000,-988875777,1650303027,-865975972,127,127
2424,2885763000,-990415464,1762564158,-865975972,127,127
2425,2886356000,-991911632,1874825289,-865975972,127,127
2426,2886949000,-993451562,1987086420,-865975972,127,127
2427,2887541000,-994950721,2099347551,-865975972,127,127
2428,2888134000,-996465503,2211608682,-865975972,127,127
2429,2888726000,-997949615,2323869813,-865975972,127,127
2430,2889319000,-999398328,2436130944,-865975972,127,127
2431,2889912000,-1000852371,2548392075,-865975972,127,127
2432,2890504000,-1002280446,2660653206,-865975972,127,127
2433,2891097000,-1003739264,2772914337,-865975972,127,127
2434,2891690000,-1005141673,2885175468,-865975972,127,127
2435,2892282000,-1006506044,2997436599,-865975972,127,127
2436,2892875000,-1007913743,3109697730,-865975972,127,127
2437,2893468000,-1009277870,3221958861,-865975972,127,127
2438,2894060000,-1010633794,3334219992,-865975972,127,127
2439,2894653000,-1011961260,3446481123,-865975972,127,127
2440,2895245000,-1013303487,3558742254,-865975972,127,127
2441,2895838000,-1014598677,3671003385,-865975972,127,127
2442,2896431000,-1015895550,3783264516,-767301576,128,0
2443,2897023000,-1017215762,3895525647,-767301576,128,0
2444,2897616000,-1018455236,4007786778,-767301576,128,0
2445,2898209000,-1019735906,4120047909,-767301576,128,0
2446,2898801000,-1020973978,4232309040,-767301576,128,0
2447,2899394000,-1022219592,49602875,-767301576,128,0
2448,2899987000,-1023396689,161864006,-767301576,128,0
2449,2900579000,-1024598361,274125137,-767301576,128,0
2450,2901172000,-1025823507,386386268,-767301576,128,0
2451,2901765000,-1026975185,498647399,-767301576,128,0
2452,2902357000,-1028132853,610908530,-767301576,128,0
2453,2902950000,-1029256850,723169661,-767301576,128,0
2454,2903542000,-1030426080,835430792,-767301576,128,0
2455,2904135000,-1031497594,947691923,-767301576,128,0
2456,2904728000,-1032614214,1059953054,-767301576,128,0
2457,2905320000,-1033728902,1172214185,-767301576,128,0
2458,2905913000,-1034740960,1284475316,-767301576,128,0
2459,2906506000,-1035827202,1396736447,-767301576,128,0
2460,2907098000,-1036885771,1508997578,-767301576,128,0
2461,2907691000,-1037931510,1621258709,-767301576,128,0
2462,2908284000,-1038909583,1733519840,-767301576,128,0
2463,2908876000,-1039925896,1845780971,-767301576,128,0
2464,2909469000,-1040925256,1958042102,-767301576,128,0
2465,2910061000,-1041895344,2070303233,-767301576,128,0
2466,2910654000,-1042837071,2182564364,-767301576,128,0
2467,2911247000,-1043780573,2294825495,-767301576,128,0
2468,2911839000,-1044721547,2407086626,-767301576,128,0
2469,2912432000,-1045648049,2519347757,-767301576,128,0
2470,2913025000,-1046528951,2631608888,-767301576,128,0
2471,2913617000,-1047425804,2743870019,-767301576,128,0
2472,2914210000,-1048269267,2856131150,-767301576,128,0
2473,2914803000,-1049118849,2968392281,-767301576,128,0
2474,2915395000,-1049974965,3080653412,-767301576,128,0
2475,2915988000,-1050803517,3192914543,-767301576,128,0
2476,2916581000,-1051626262,3305175674,-767301576,128,0
2477,2917173000,-1052411050,3417436805,-767301576,128,0
2478,2917766000,-1053180139,3529697936,-767301576,128,0
2479,2918358000,-1053965536,3641959067,-767301576,128,0
2480,2918951000,-1054712171,3754220198,-653147932,129,1
2481,2919544000,-1055474249,3866481329,-653147932,129,1
2482,2920136000,-1056226595,3978742460,-653147932,129,1
2483,2920729000,-1056888139,4091003591,-653147932,129,1
2484,2921322000,-1057594796,4203264722,-653147932,129,1
2485,2921914000,-1058282421,20558557,-653147932,129,1
2486,2922507000,-1058943163,132819688,-653147932,129,1
2487,2923100000,-1059603851,245080819,-653147932,129,1
2488,2923692000,-1060262341,357341950,-653147932,129,1
2489,2924285000,-1060863984,469603081,-653147932,129,1
2490,2924877000,-1061485578,581864212,-653147932,129,1
2491,2925470000,-1062068616,694125343,-653147932,129,1
2492,2926063000,-1062681185,806386474,-653147932,129,1
2493,2926655000,-1063235506,918647605,-653147932,129,1
2494,2927248000,-1063769742,1030908736,-653147932,129,1
2495,2927841000,-1064286884,1143169867,-653147932,129,1
2496,2928433000,-1064815356,1255430998,-653147932,129,1
2497,2929026000,-1065313169,1367692129,-653147932,129,1
2498,2929619000,-1065839303,1479953260,-653147932,129,1
2499,2930211000,-1066279657,1592214391,-653147932,129,1
2500,2930804000,-1066764845,1704475522,-653147932,129,1
2501,2931397000,-1067208018,1816736653,-653147932,129,1
2502,2931989000,-1067644298,1928997784,-653147932,129,1
2503,2932582000,-1068071375,2041258915,-653147932,129,1
2504,2933174000,-1068429368,2153520046,-653147932,129,1
2505,2933767000,-1068837602,2265781177,-653147932,129,1
2506,2934360000,-1069199879,2378042308,-653147932,129,1
2507,2934952000,-1069573754,2490303439,-653147932,129,1
2508,2935545000,-1069936110,2602564570,-653147932,129,1
2509,2936138000,-1070256365,2714825701,-653147932,129,1
2510,2936730000,-1070563376,2827086832,-653147932,129,1
2511,2937323000,-1070875572,2939347963,-653147932,129,1
2512,2937916000,-1071157768,3051609094,-653147932,129,1
2513,2938508000,-1071417128,3163870225,-653147932,129,1
2514,2939101000,-1071682489,3276131356,-653147932,129,1
2515,2939693000,-1071933265,3388392487,-653147932,129,1
2516,2940286000,-1072167456,3500653618,-653147932,129,1
2517,2940879000,-1072355495,3612914749,-653147932,129,1
2518,2941471000,-1072533535,3725175880,-653147932,129,1
2519,2942064000,-1072724370,3837437011,-525817933,130,2
2520,2942657000,-1072872087,3949698142,-525817933,130,2
2521,2943249000,-1073041967,4061959273,-525817933,130,2
2522,2943842000,-1073178390,4174220404,-525817933,130,2
2523,2944435000,-1073317535,4286481535,-525817933,130,2
2524,2945027000,-1073427648,103775370,-525817933,130,2
2525,2945620000,-1073509945,216036501,-525817933,130,2
2526,2946213000,-1073595890,328297632,-525817933,130,2
2527,2946805000,-1073665214,440558763,-525817933,130,2
2528,2947398000,-1073685915,552819894,-525817933,130,2
2529,2947990000,-1073726750,665081025,-525817933,130,2
2530,2948583000,-1073724337,777342156,-525817933,130,2
2531,2949176000,-1073755931,889603287,-525817933,130,2
2532,2949768000,-1073718521,1001864418,-525817933,130,2
2533,2950361000,-1073703826,1114125549,-525817933,130,2
2534,2950954000,-1073692461,1226386680,-525817933,130,2
2535,2951546000,-1073632703,1338647811,-525817933,130,2
2536,2952139000,-1073553548,1450908942,-525817933,130,2
2537,2952732000,-1073481521,1563170073,-525817933,130,2
2538,2953324000,-1073360864,1675431204,-525817933,130,2
2539,2953917000,-1073237595,1787692335,-525817933,130,2
2540,2954509000,-1073106704,1899953466,-525817933,130,2
2541,2955102000,-1072982996,2012214597,-525817933,130,2
2542,2955695000,-1072823711,2124475728,-525817933,130,2
2543,2956287000,-1072624843,2236736859,-525817933,130,2
2544,2956880000,-1072439352,2348997990,-525817933,130,2
2545,2957473000,-1072223936,2461259121,-525817933,130,2
2546,2958065000,-1071997912,2573520252,-525817933,130,2
2547,2958658000,-1071819126,2685781383,-525817933,130,2
2548,2959251000,-1071558779,2798042514,-525817933,130,2
2549,2959843000,-1071290278,2910303645,-525817933,130,2
2550,2960436000,-1070999029,3022564776,-525817933,130,2
2551,2961029000,-1070690392,3134825907,-525817933,130,2
2552,2961621000,-1070409512,3247087038,-525817933,130,2
2553,2962214000,-1070065490,3359348169,-525817933,130,2
2554,2962806000,-1069747152,3471609300,-525817933,130,2
2555,2963399000,-1069386593,3583870431,-525817933,130,2
2556,2963992000,-1069027140,3696131562,-525817933,130,2
2557,2964584000,-1068668691,3808392693,-387880285,131,3
2558,2965177000,-1068272700,3920653824,-387880285,131,3
2559,2965770000,-1067838366,4032914955,-387880285,131,3
2560,2966362000,-1067431557,4145176086,-387880285,131,3
2561,2966955000,-1066971540,4257437217,-387880285,131,3
2562,2967548000,-1066532100,74731052,-387880285,131,3
2563,2968140000,-1066057458,186992183,-387880285,131,3
2564,2968733000,-1065570556,299253314,-387880285,131,3
2565,2969325000,-1065055144,411514445,-387880285,131,3
2566,2969918000,-1064546641,523775576,-387880285,131,3
2567,2970511000,-1064013451,636036707,-387880285,131,3
2568,2971103000,-1063503486,748297838,-387880285,131,3
2569,2971696000,-1062923328,860558969,-387880285,131,3
2570,2972289000,-1062336385,972820100,-387880285,131,3
2571,2972881000,-1061735085,1085081231,-387880285,131,3
2572,2973474000,-1061143948,1197342362,-387880285,131,3
2573,2974067000,-1060534855,1309603493,-387880285,131,3
2574,2974659000,-1059905915,1421864624,-387880285,131,3
2575,2975252000,-1059264442,1534125755,-387880285,131,3
2576,2975845000,-1058607649,1646386886,-387880285,131,3
2577,2976437000,-1057925150,1758648017,-387880285,131,3
2578,2977030000,-1057229709,1870909148,-387880285,131,3
2579,2977622000,-1056527390,1983170279,-387880285,131,3
2580,2978215000,-1055819772,2095431410,-387880285,131,3
2581,2978808000,-1055095300,2207692541,-387880285,131,3
2582,2979400000,-1054359035,2319953672,-387880285,131,3
2583,2979993000,-1053586055,2432214803,-387880285,131,3
2584,2980586000,-1052794143,2544475934,-387880285,131,3
2585,2981178000,-1052017718,2656737065,-387880285,131,3
2586,2981771000,-1051205131,2768998196,-387880285,131,3
2587,2982364000,-1050399204,2881259327,-387880285,131,3
2588,2982956000,-1049523156,2993520458,-387880285,131,3
2589,2983549000,-1048694815,3105781589,-387880285,131,3
2590,2984141000,-1047832821,3218042720,-387880285,131,3
2591,2984734000,-1046953986,3330303851,-387880285,131,3
2592,2985327000,-1046031823,3442564982,-387880285,131,3
2593,2985919000,-1045142596,3554826113,-387880285,131,3
2594,2986512000,-1044238357,3667087244,-387880285,131,3
2595,2987105000,-1043281266,3779348375,-242117689,132,4
2596,2987697000,-1042355408,3891609506,-242117689,132,4
2597,2988290000,-1041392945,4003870637,-242117689,132,4
2598,2988883000,-1040427640,4116131768,-242117689,132,4
2599,2989475000,-1039423268,4228392899,-242117689,132,4
2600,2990068000,-1038408671,45686734,-242117689,132,4
2601,2990661000,-1037367491,157947865,-242117689,132,4
2602,2991253000,-1036333197,270208996,-242117689,132,4
2603,2991846000,-1035292803,382470127,-242117689,132,4
2604,2992438000,-1034232548,494731258,-242117689,132,4
2605,2993031000,-1033138598,606992389,-242117689,132,4
2606,2993624000,-1032044360,719253520,-242117689,132,4
2607,2994216000,-1030955589,831514651,-242117689,132,4
2608,2994809000,-1029809760,943775782,-242117689,132,4
2609,2995402000,-1028671120,1056036913,-242117689,132,4
2610,2995994000,-1027527497,1168298044,-242117689,132,4
2611,2996587000,-1026348085,1280559175,-242117689,132,4
2612,2997180000,-1025189097,1392820306,-242117689,132,4
2613,2997772000,-1023979896,1505081437,-242117689,132,4
2614,2998365000,-1022774917,1617342568,-242117689,132,4
2615,2998957000,-1021534549,1729603699,-242117689,132,4
2616,2999550000,-1020317779,1841864830,-242117689,132,4
2617,3000143000,-1019087744,1954125961,-242117689,132,4
2618,3000735000,-1017793181,2066387092,-242117689,132,4
2619,3001328000,-1016528826,2178648223,-242117689,132,4
2620,3001921000,-1015239093,2290909354,-242117689,132,4
2621,3002513000,-1013934757,2403170485,-242117689,132,4
2622,3003106000,-1012604347,2515431616,-242117689,132,4
2623,3003699000,-1011258533,2627692747,-242117689,132,4
2624,3004291000,-1009931745,2739953878,-242117689,132,4
2625,3004884000,-1008548705,2852215009,-242117689,132,4
2626,3005477000,-1007198267,2964476140,-242117689,132,4
2627,3006069000,-1005809240,3076737271,-242117689,132,4
2628,3006662000,-1004394427,3188998402,-242117689,132,4
2629,3007254000,-1002977513,3301259533,-242117689,132,4
2630,3007847000,-1001557991,3413520664,-242117689,132,4
2631,3008440000,-1000103716,3525781795,-242117689,132,4
2632,3009032000,-998638226,3638042926,-242117689,132,4
2633,3009625000,-997160908,3750304057,-91470705,133,5
2634,3010218000,-995687434,3862565188,-91470705,133,5
2635,3010810000,-994227956,3974826319,-91470705,133,5
2636,3011403000,-992660838,4087087450,-91470705,133,5
2637,3011996000,-991157489,4199348581,-91470705,133,5
2638,3012588000,-989623477,16642416,-91470705,133,5
2639,3013181000,-988067724,128903547,-91470705,133,5
2640,3013773000,-986495083,241164678,-91470705,133,5
2641,3014366000,-984896611,353425809,-91470705,133,5
2642,3014959000,-983319120,465686940,-91470705,133,5
2643,3015551000,-981719041,577948071,-91470705,133,5
2644,3016144000,-980056843,690209202,-91470705,133,5
2645,3016737000,-978464764,802470333,-91470705,133,5
2646,3017329000,-976791485,914731464,-91470705,133,5
2647,3017922000,-975101519,1026992595,-91470705,133,5
2648,3018515000,-973447634,1139253726,-91470705,133,5
2649,3019107000,-971724510,1251514857,-91470705,133,5
2650,3019700000,-970033316,1363775988,-91470705,133,5
2651,3020293000,-968319392,1476037119,-91470705,133,5
2652,3020885000,-966589870,1588298250,-91470705,133,5
2653,3021478000,-964854814,1700559381,-91470705,133,5
2654,3022070000,-963089937,1812820512,-91470705,133,5
2655,3022663000,-961327423,1925081643,-91470705,133,5
2656,3023256000,-959553513,2037342774,-91470705,133,5
2657,3023848000,-957729943,2149603905,-91470705,133,5
2658,3024441000,-955918044,2261865036,-91470705,133,5
2659,3025034000,-954110380,2374126167,-91470705,133,5
2660,3025626000,-952277496,2486387298,-91470705,133,5
2661,3026219000,-950429513,2598648429,-91470705,133,5
2662,3026812000,-948577498,2710909560,-91470705,133,5
2663,3027404000,-946669739,2823170691,-91470705,133,5
2664,3027997000,-944782433,2935431822,-91470705,133,5
2665,3028589000,-942886141,3047692953,-91470705,133,5
2666,3029182000,-940983356,3159954084,-91470705,133,5
2667,3029775000,-939047880,3272215215,-91470705,133,5
2668,3030367000,-937120472,3384476346,-91470705,133,5
2669,3030960000,-935177581,3496737477,-91470705,133,5
2670,3031553000,-933176048,3608998608,-91470705,133,5
2671,3032145000,-931194869,3721259739,61021574,134,6
2672,3032738000,-929211614,3833520870,61021574,134,6
2673,3033331000,-927220048,3945782001,61021574,134,6
2674,3033923000,-925196723,4058043132,61021574,134,6
2675,3034516000,-923157911,4170304263,61021574,134,6
2676,3035109000,-921124491,4282565394,61021574,134,6
2677,3035701000,-919092440,99859229,61021574,134,6
2678,3036294000,-916994825,212120360,61021574,134,6
2679,3036886000,-914904093,324381491,61021574,134,6
2680,3037479000,-912818261,436642622,61021574,134,6
2681,3038072000,-910726146,548903753,61021574,134,6
2682,3038664000,-908582882,661164884,61021574,134,6
2683,3039257000,-906421545,773426015,61021574,134,6
2684,3039850000,-904330239,885687146,61021574,134,6
2685,3040442000,-902153322,997948277,61021574,134,6
2686,3041035000,-899969073,1110209408,61021574,134,6
2687,3041628000,-897844862,1222470539,61021574,134,6
2688,3042220000,-895597842,1334731670,61021574,134,6
2689,3042813000,-893405909,1446992801,61021574,134,6
2690,3043405000,-891182503,1559253932,61021574,134,6
2691,3043998000,-888968450,1671515063,61021574,134,6
2692,3044591000,-886717331,1783776194,61021574,134,6
2693,3045183000,-884459406,1896037325,61021574,134,6
2694,3045776000,-882199611,2008298456,61021574,134,6
2695,3046369000,-879925139,2120559587,61021574,134,6
2696,3046961000,-877601631,2232820718,61021574,134,6
2697,3047554000,-875312630,2345081849,61021574,134,6
2698,3048147000,-872981634,2457342980,61021574,134,6
2699,3048739000,-870639383,2569604111,61021574,134,6
2700,3049332000,-868332796,2681865242,61021574,134,6
2701,3049925000,-865968267,2794126373,61021574,134,6
2702,3050517000,-863589107,2906387504,61021574,134,6
2703,3051110000,-861217074,3018648635,61021574,134,6
2704,3051702000,-858827410,3130909766,61021574,134,6
2705,3052295000,-856467260,3243170897,61021574,134,6
2706,3052888000,-854005266,3355432028,61021574,134,6
2707,3053480000,-851614117,3467693159,61021574,134,6
2708,3054073000,-849159762,3579954290,61021574,134,6
2709,3054666000,-846706709,3692215421,61021574,134,6
2710,3055258000,-844269767,3804476552,212282827,135,7
2711,3055851000,-841789418,3916737683,212282827,135,7
2712,3056444000,-839306554,4028998814,212282827,135,7
2713,3057036000,-836794177,4141259945,212282827,135,7
2714,3057629000,-834315565,4253521076,212282827,135,7
2715,3058221000,-831796667,70814911,212282827,135,7
2716,3058814000,-829265809,183076042,212282827,135,7
2717,3059407000,-826702203,295337173,212282827,135,7
2718,3059999000,-824167033,407598304,212282827,135,7
2719,3060592000,-821595969,519859435,212282827,135,7
2720,3061185000,-819014062,632120566,212282827,135,7
2721,3061777000,-816437327,744381697,212282827,135,7
2722,3062370000,-813857045,856642828,212282827,135,7
2723,3062963000,-811243720,968903959,212282827,135,7
2724,3063555000,-808612158,1081165090,212282827,135,7
2725,3064148000,-805985164,1193426221,212282827,135,7
2726,3064741000,-803356648,1305687352,212282827,135,7
2727,3065333000,-800697138,1417948483,212282827,135,7
2728,3065926000,-798022847,1530209614,212282827,135,7
2729,3066518000,-795352077,1642470745,212282827,135,7
2730,3067111000,-792651252,1754731876,212282827,135,7
2731,3067704000,-789998805,1866993007,212282827,135,7
2732,3068296000,-787251392,1979254138,212282827,135,7
2733,3068889000,-784558872,2091515269,212282827,135,7
2734,3069482000,-781817456,2203776400,212282827,135,7
2735,3070074000,-779075754,2316037531,212282827,135,7
2736,3070667000,-776355084,2428298662,212282827,135,7
2737,3071260000,-773552396,2540559793,212282827,135,7
2738,3071852000,-770781737,2652820924,212282827,135,7
2739,3072445000,-768015026,2765082055,212282827,135,7
2740,3073037000,-765210638,2877343186,212282827,135,7
2741,3073630000,-762404615,2989604317,212282827,135,7
2742,3074223000,-759616314,3101865448,212282827,135,7
2743,3074815000,-756774235,3214126579,212282827,135,7
2744,3075408000,-753939836,3326387710,212282827,135,7
2745,3076001000,-751075596,3438648841,212282827,135,7
2746,3076593000,-748228444,3550909972,212282827,135,7
2747,3077186000,-745350737,3663171103,212282827,135,7
2748,3077779000,-742489177,3775432234,359261569,136,8
2749,3078371000,-739615972,3887693365,359261569,136,8
2750,3078964000,-736716278,3999954496,359261569,136,8
2751,3079557000,-733802472,4112215627,359261569,136,8
2752,3080149000,-730887204,4224476758,359261569,136,8
2753,3080742000,-727996811,41770593,359261569,136,8
2754,3081334000,-725003953,154031724,359261569,136,8
2755,3081927000,-722030040,266292855,359261569,136,8
2756,3082520000,-719106035,378553986,359261569,136,8
2757,3083112000,-716126210,490815117,359261569,136,8
2758,3083705000,-713158860,603076248,359261569,136,8
2759,3084298000,-710154473,715337379,359261569,136,8
2760,3084890000,-707174790,827598510,359261569,136,8
2761,3085483000,-704167018,939859641,359261569,136,8
2762,3086076000,-701142828,1052120772,359261569,136,8
2763,3086668000,-698127664,1164381903,359261569,136,8
2764,3087261000,-695077303,1276643034,359261569,136,8
2765,3087853000,-692062913,1388904165,359261569,136,8
2766,3088446000,-688976933,1501165296,359261569,136,8
2767,3089039000,-685911945,1613426427,359261569,136,8
2768,3089631000,-682835601,1725687558,359261569,136,8
2769,3090224000,-679782412,1837948689,359261569,136,8
2770,3090817000,-676700178,1950209820,359261569,136,8
2771,3091409000,-673565638,2062470951,359261569,136,8
2772,3092002000,-670472617,2174732082,359261569,136,8
2773,3092595000,-667330149,2286993213,359261569,136,8
2774,3093187000,-664223703,2399254344,359261569,136,8
2775,3093780000,-661079771,2511515475,359261569,136,8
2776,3094373000,-657897967,2623776606,359261569,136,8
2777,3094965000,-654774199,2736037737,359261569,136,8
2778,3095558000,-651581153,2848298868,359261569,136,8
2779,3096150000,-648439878,2960559999,359261569,136,8
2780,3096743000,-645247150,3072821130,359261569,136,8
2781,3097336000,-642058627,3185082261,359261569,136,8
2782,3097928000,-638858531,3297343392,359261569,136,8
2783,3098521000,-635585211,3409604523,359261569,136,8
2784,3099114000,-632409811,3521865654,359261569,136,8
2785,3099706000,-629171838,3634126785,359261569,136,8
2786,3100299000,-625940206,3746387916,498992706,137,9
2787,3100892000,-622702543,3858649047,498992706,137,9
2788,3101484000,-619453466,3970910178,498992706,137,9
2789,3102077000,-616198740,4083171309,498992706,137,9
2790,3102669000,-612912846,4195432440,498992706,137,9
2791,3103262000,-609643401,12726275,498992706,137,9
2792,3103855000,-606350242,124987406,498992706,137,9
2793,3104447000,-603050913,237248537,498992706,137,9
2794,3105040000,-599714810,349509668,498992706,137,9
2795,3105633000,-596457636,461770799,498992706,137,9
2796,3106225000,-593126473,574031930,498992706,137,9
2797,3106818000,-589762911,686293061,498992706,137,9
2798,3107411000,-586447751,798554192,498992706,137,9
2799,3108003000,-583095948,910815323,498992706,137,9
2800,3108596000,-579763716,1023076454,498992706,137,9
2801,3109189000,-576396200,1135337585,498992706,137,9
2802,3109781000,-572993084,1247598716,498992706,137,9
2803,3110374000,-569612864,1359859847,498992706,137,9
2804,3110966000,-566234980,1472120978,498992706,137,9
2805,3111559000,-562835288,1584382109,498992706,137,9
2806,3112152000,-559437694,1696643240,498992706,137,9
2807,3112744000,-556026166,1808904371,498992706,137,9
2808,3113337000,-552623468,1921165502,498992706,137,9
2809,3113930000,-549224475,2033426633,498992706,137,9
2810,3114522000,-545760756,2145687764,498992706,137,9
2811,3115115000,-542316173,2257948895,498992706,137,9
2812,3115708000,-538880806,2370210026,498992706,137,9
2813,3116300000,-535429464,2482471157,498992706,137,9
2814,3116893000,-531995569,2594732288,498992706,137,9
2815,3117485000,-528491071,2706993419,498992706,137,9
2816,3118078000,-525003763,2819254550,498992706,137,9
2817,3118671000,-521523389,2931515681,498992706,137,9
2818,3119263000,-518042712,3043776812,498992706,137,9
2819,3119856000,-514536647,3156037943,498992706,137,9
2820,3120449000,-511042773,3268299074,498992706,137,9
2821,3121041000,-507512779,3380560205,498992706,137,9
2822,3121634000,-504002056,3492821336,498992706,137,9
2823,3122227000,-500481976,3605082467,498992706,137,9
2824,3122819000,-496931528,3717343598,628657356,138,10
2825,3123412000,-493421823,3829604729,628657356,138,10
2826,3124005000,-489853180,3941865860,628657356,138,10
2827,3124597000,-486320139,4054126991,628657356,138,10
2828,3125190000,-482738984,4166388122,628657356,138,10
2829,3125782000,-479175199,4278649253,628657356,138,10
2830,3126375000,-475617371,95943088,628657356,138,10
2831,3126968000,-472027535,208204219,628657356,138,10
2832,3127560000,-468443665,320465350,628657356,138,10
2833,3128153000,-464836270,432726481,628657356,138,10
2834,3128746000,-461254713,544987612,628657356,138,10
2835,3129338000,-457629890,657248743,628657356,138,10
2836,3129931000,-454006562,769509874,628657356,138,10
2837,3130524000,-450430536,881771005,628657356,138,10
2838,3131116000,-446774527,994032136,628657356,138,10
2839,3131709000,-443143118,1106293267,628657356,138,10
2840,3132301000,-439532337,1218554398,628657356,138,10
2841,3132894000,-435893479,1330815529,628657356,138,10
2842,3133487000,-432241332,1443076660,628657356,138,10
2843,3134079000,-428564698,1555337791,628657356,138,10
2844,3134672000,-424930677,1667598922,628657356,138,10
2845,3135265000,-421243952,1779860053,628657356,138,10
2846,3135857000,-417583253,1892121184,628657356,138,10
2847,3136450000,-413907522,2004382315,628657356,138,10
2848,3137043000,-410195195,2116643446,628657356,138,10
2849,3137635000,-406503622,2228904577,628657356,138,10
2850,3138228000,-402823903,2341165708,628657356,138,10
2851,3138821000,-399126047,2453426839,628657356,138,10
2852,3139413000,-395400205,2565687970,628657356,138,10
2853,3140006000,-391726506,2677949101,628657356,138,10
2854,3140598000,-387979199,2790210232,628657356,138,10
2855,3141191000,-384258252,2902471363,628657356,138,10
2856,3141784000,-380510752,3014732494,628657356,138,10
2857,3142376000,-376794133,3126993625,628657356,138,10
2858,3142969000,-373081185,3239254756,628657356,138,10
2859,3143562000,-369324950,3351515887,628657356,138,10
2860,3144154000,-365576438,3463777018,628657356,138,10
2861,3144747000,-361800306,3576038149,628657356,138,10
2862,3145340000,-358029805,3688299280,745639714,139,11
2863,3145932000,-354311928,3800560411,745639714,139,11
2864,3146525000,-350533089,3912821542,745639714,139,11
2865,3147117000,-346758067,4025082673,745639714,139,11
2866,3147710000,-342974005,4137343804,745639714,139,11
2867,3148303000,-339201490,4249604935,745639714,139,11
2868,3148895000,-335424318,66898770,745639714,139,11
2869,3149488000,-331606427,179159901,745639714,139,11
2870,3150081000,-327806217,291421032,745639714,139,11
2871,3150673000,-324008208,403682163,745639714,139,11
2872,3151266000,-320199411,515943294,745639714,139,11
2873,3151859000,-316393291,628204425,745639714,139,11
2874,3152451000,-312569655,740465556,745639714,139,11
2875,3153044000,-308785008,852726687,745639714,139,11
2876,3153637000,-304920826,964987818,745639714,139,11
2877,3154229000,-301110291,1077248949,745639714,139,11
2878,3154822000,-297268715,1189510080,745639714,139,11
2879,3155414000,-293455614,1301771211,745639714,139,11
2880,3156007000,-289616111,1414032342,745639714,139,11
2881,3156600000,-285756594,1526293473,745639714,139,11
2882,3157192000,-281896874,1638554604,745639714,139,11
2883,3157785000,-278049867,1750815735,745639714,139,11
2884,3158378000,-274218832,1863076866,745639714,139,11
2885,3158970000,-270347959,1975337997,745639714,139,11
2886,3159563000,-266497878,2087599128,745639714,139,11
2887,3160156000,-262619087,2199860259,745639714,139,11
2888,3160748000,-258759351,2312121390,745639714,139,11
2889,3161341000,-254885966,2424382521,745639714,139,11
2890,3161933000,-250961735,2536643652,745639714,139,11
2891,3162526000,-247106803,2648904783,745639714,139,11
2892,3163119000,-243225292,2761165914,745639714,139,11
2893,3163711000,-239325515,2873427045,745639714,139,11
2894,3164304000,-235434326,2985688176,745639714,139,11
2895,3164897000,-231540163,3097949307,745639714,139,11
2896,3165489000,-227657585,3210210438,745639714,139,11
2897,3166082000,-223759567,3322471569,745639714,139,11
2898,3166675000,-219829828,3434732700,745639714,139,11
2899,3167267000,-215933559,3546993831,745639714,139,11
2900,3167860000,-212044310,3659254962,847579823,140,12
2901,3168453000,-208131734,3771516093,847579823,140,12
2902,3169045000,-204232153,3883777224,847579823,140,12
2903,3169638000,-200302643,3996038355,847579823,140,12
2904,3170230000,-196369681,4108299486,847579823,140,12
2905,3170823000,-192469628,4220560617,847579823,140,12
2906,3171416000,-188524975,37854452,847579823,140,12
2907,3172008000,-184575398,150115583,847579823,140,12
2908,3172601000,-180647182,262376714,847579823,140,12
2909,3173194000,-176696212,374637845,847579823,140,12
2910,3173786000,-172775026,486898976,847579823,140,12
2911,3174379000,-168843734,599160107,847579823,140,12
2912,3174972000,-164907949,711421238,847579823,140,12
2913,3175564000,-160970252,823682369,847579823,140,12
2914,3176157000,-157029293,935943500,847579823,140,12
2915,3176749000,-153063694,1048204631,847579823,140,12
2916,3177342000,-149130287,1160465762,847579823,140,12
2917,3177935000,-145161803,1272726893,847579823,140,12
2918,3178527000,-141239925,1384988024,847579823,140,12
2919,3179120000,-137258765,1497249155,847579823,140,12
2920,3179713000,-133275132,1609510286,847579823,140,12
2921,3180305000,-129326721,1721771417,847579823,140,12
2922,3180898000,-125403751,1834032548,847579823,140,12
2923,3181491000,-121412100,1946293679,847579823,140,12
2924,3182083000,-117431864,2058554810,847579823,140,12
2925,3182676000,-113473389,2170815941,847579823,140,12
2926,3183269000,-109515298,2283077072,847579823,140,12
2927,3183861000,-105556293,2395338203,847579823,140,12
2928,3184454000,-101589557,2507599334,847579823,140,12
2929,3185046000,-97601643,2619860465,847579823,140,12
2930,3185639000,-93628543,2732121596,847579823,140,12
2931,3186232000,-89650529,2844382727,847579823,140,12
2932,3186824000,-85680933,2956643858,847579823,140,12
2933,3187417000,-81715004,3068904989,847579823,140,12
2934,3188010000,-77747103,3181166120,847579823,140,12
2935,3188602000,-73751397,3293427251,847579823,140,12
2936,3189195000,-69778562,3405688382,847579823,140,12
2937,3189788000,-65781558,3517949513,847579823,140,12
2938,3190380000,-61790171,3630210644,847579823,140,12
2939,3190973000,-57827047,3742471775,932421183,141,13
2940,3191565000,-53794647,3854732906,932421183,141,13
2941,3192158000,-49848408,3966994037,932421183,141,13
2942,3192751000,-45872780,4079255168,932421183,141,13
2943,3193343000,-41865039,4191516299,932421183,141,13
2944,3193936000,-37914401,8810134,932421183,141,13
2945,3194529000,-33898946,121071265,932421183,141,13
2946,3195121000,-29921061,233332396,932421183,141,13
2947,3195714000,-25881008,345593527,932421183,141,13
2948,3196307000,-21945644,457854658,932421183,141,13
2949,3196899000,-17961604,570115789,932421183,141,13
2950,3197492000,-13945600,682376920,932421183,141,13
2951,3198085000,-9984465,794638051,932421183,141,13
2952,3198677000,-5971627,906899182,932421183,141,13
2953,3199270000,-2037645,1019160313,932421183,141,13
2954,3199862000,1996565,1131421444,932421183,141,13
2955,3200455000,6006089,1243682575,932421183,141,13
2956,3201048000,9970950,1355943706,932421183,141,13
2957,3201640000,13951751,1468204837,932421183,141,13
2958,3202233000,17982857,1580465968,932421183,141,13
2959,3202826000,21947543,1692727099,932421183,141,13
2960,3203418000,25936152,1804988230,932421183,141,13
2961,3204011000,29919618,1917249361,932421183,141,13
2962,3204604000,33902851,2029510492,932421183,141,13
2963,3205196000,37889660,2141771623,932421183,141,13
2964,3205789000,41857697,2254032754,932421183,141,13
2965,3206381000,45872244,2366293885,932421183,141,13
2966,3206974000,49871114,2478555016,932421183,141,13
2967,3207567000,53826397,2590816147,932421183,141,13
2968,3208159000,57831591,2703077278,932421183,141,13
2969,3208752000,61825117,2815338409,932421183,141,13
2970,3209345000,65795042,2927599540,932421183,141,13
2971,3209937000,69775858,3039860671,932421183,141,13
2972,3210530000,73737706,3152121802,932421183,141,13
2973,3211123000,77747560,3264382933,932421183,141,13
2974,3211715000,81723281,3376644064,932421183,141,13
2975,3212308000,85682143,3488905195,932421183,141,13
2976,3212901000,89675445,3601166326,932421183,141,13
2977,3213493000,93646191,3713427457,998452237,142,14
2978,3214086000,97606427,3825688588,998452237,142,14
2979,3214678000,101592219,3937949719,998452237,142,14
2980,3215271000,105557447,4050210850,998452237,142,14
2981,3215864000,109527786,4162471981,998452237,142,14
2982,3216456000,113512533,4274733112,998452237,142,14
2983,3217049000,117430410,92026947,998452237,142,14
2984,3217642000,121424349,204288078,998452237,142,14
2985,3218234000,125400022,316549209,998452237,142,14
2986,3218827000,129368000,428810340,998452237,142,14
2987,3219420000,133307388,541071471,998452237,142,14
2988,3220012000,137290746,653332602,998452237,142,14
2989,3220605000,141238424,765593733,998452237,142,14
2990,3221197000,145157046,877854864,998452237,142,14
2991,3221790000,149159991,990115995,998452237,142,14
2992,3222383000,153076844,1102377126,998452237,142,14
2993,3222975000,157011713,1214638257,998452237,142,14
2994,3223568000,160973321,1326899388,998452237,142,14
2995,3224161000,164916621,1439160519,998452237,142,14
2996,3224753000,168872885,1551421650,998452237,142,14
2997,3225346000,172776757,1663682781,998452237,142,14
2998,3225939000,176731422,1775943912,998452237,142,14
2999,3226531000,180645215,1888205043,998452237,142,14
3000,3227124000,184576161,2000466174,998452237,142,14
3001,3227717000,188535481,2112727305,998452237,142,14
3002,3228309000,192451764,2224988436,998452237,142,14
3003,3228902000,196385816,2337249567,998452237,142,14
3004,3229494000,200269724,2449510698,998452237,142,14
3005,3230087000,204215317,2561771829,998452237,142,14
3006,3230680000,208109037,2674032960,998452237,142,14
3007,3231272000,212044775,2786294091,998452237,142,14
3008,3231865000,215972125,2898555222,998452237,142,14
3009,3232458000,219845026,3010816353,998452237,142,14
3010,3233050000,223761691,3123077484,998452237,142,14
3011,3233643000,227652933,3235338615,998452237,142,14
3012,3234236000,231551669,3347599746,998452237,142,14
3013,3234828000,235479380,3459860877,998452237,142,14
3014,3235421000,239372318,3572122008,998452237,142,14
3015,3236013000,243254586,3684383139,1044340899,143,15
3016,3236606000,247128040,3796644270,1044340899,143,15
3017,3237199000,251008962,3908905401,1044340899,143,15
3018,3237791000,254881667,4021166532,1044340899,143,15
3019,3238384000,258752033,4133427663,1044340899,143,15
3020,3238977000,262605134,4245688794,1044340899,143,15
3021,3239569000,266449609,62982629,1044340899,143,15
3022,3240162000,270354713,175243760,1044340899,143,15
3023,3240755000,274225102,287504891,1044340899,143,15
3024,3241347000,278080212,399766022,1044340899,143,15
3025,3241940000,281912348,512027153,1044340899,143,15
3026,3242533000,285737398,624288284,1044340899,143,15
3027,3243125000,289638085,736549415,1044340899,143,15
3028,3243718000,293433684,848810546,1044340899,143,15
3029,3244310000,297281915,961071677,1044340899,143,15
3030,3244903000,301088443,1073332808,1044340899,143,15
3031,3245496000,304944945,1185593939,1044340899,143,15
3032,3246088000,308740093,1297855070,1044340899,143,15
3033,3246681000,312574138,1410116201,1044340899,143,15
3034,3247274000,316420922,1522377332,1044340899,143,15
3035,3247866000,320205149,1634638463,1044340899,143,15
3036,3248459000,324005803,1746899594,1044340899,143,15
3037,3249052000,327820997,1859160725,1044340899,143,15
3038,3249644000,331606175,1971421856,1044340899,143,15
3039,3250237000,335383203,2083682987,1044340899,143,15
3040,3250829000,339187257,2195944118,1044340899,143,15
3041,3251422000,343002702,2308205249,1044340899,143,15
3042,3252015000,346788224,2420466380,1044340899,143,15
3043,3252607000,350539373,2532727511,1044340899,143,15
3044,3253200000,354296603,2644988642,1044340899,143,15
3045,3253793000,358058287,2757249773,1044340899,143,15
3046,3254385000,361847783,2869510904,1044340899,143,15
3047,3254978000,365590989,2981772035,1044340899,143,15
3048,3255571000,369337745,3094033166,1044340899,143,15
3049,3256163000,373053511,3206294297,1044340899,143,15
3050,3256756000,376815683,3318555428,1044340899,143,15
3051,3257349000,380551832,3430816559,1044340899,143,15
3052,3257941000,384303373,3543077690,1044340899,143,15
3053,3258534000,387999022,3655338821,1069161430,144,16
3054,3259126000,391690578,3767599952,1069161430,144,16
3055,3259719000,395416492,3879861083,1069161430,144,16
3056,3260312000,399102316,3992122214,1069161430,144,16
3057,3260904000,402850918,4104383345,1069161430,144,16
3058,3261497000,406503306,4216644476,1069161430,144,16
3059,3262090000,410188788,33938311,1069161430,144,16
3060,3262682000,413907811,146199442,1069161430,144,16
3061,3263275000,417578650,258460573,1069161430,144,16
3062,3263868000,421249686,370721704,1069161430,144,16
3063,3264460000,424913411,482982835,1069161430,144,16
3064,3265053000,428570757,595243966,1069161430,144,16
3065,3265645000,432218120,707505097,1069161430,144,16
3066,3266238000,435907257,819766228,1069161430,144,16
3067,3266831000,439534774,932027359,1069161430,144,16
3068,3267423000,443161679,1044288490,1069161430,144,16
3069,3268016000,446781268,1156549621,1069161430,144,16
3070,3268609000,450423251,1268810752,1069161430,144,16
3071,3269201000,454026629,1381071883,1069161430,144,16
3072,3269794000,457669641,1493333014,1069161430,144,16
3073,3270387000,461243958,1605594145,1069161430,144,16
3074,3270979000,464836160,1717855276,1069161430,144,16
3075,3271572000,468439388,1830116407,1069161430,144,16
3076,3272165000,472020158,1942377538,1069161430,144,16
3077,3272757000,475612648,2054638669,1069161430,144,16
3078,3273350000,479191820,2166899800,1069161430,144,16
3079,3273942000,482755585,2279160931,1069161430,144,16
3080,3274535000,486308070,2391422062,1069161430,144,16
3081,3275128000,489852806,2503683193,1069161430,144,16
3082,3275720000,493417874,2615944324,1069161430,144,16
3083,3276313000,496960084,2728205455,1069161430,144,16
3084,3276906000,500514592,2840466586,1069161430,144,16
3085,3277498000,504022243,2952727717,1069161430,144,16
3086,3278091000,507533936,3064988848,1069161430,144,16
3087,3278684000,511038095,3177249979,1069161430,144,16
3088,3279276000,514553002,3289511110,1069161430,144,16
3089,3279869000,518071457,3401772241,1069161430,144,16
3090,3280461000,521553844,3514033372,1069161430,144,16
3091,3281054000,525038524,3626294503,1072413109,145,17
3092,3281647000,528485189,3738555634,1072413109,145,17
3093,3282239000,531995516,3850816765,1072413109,145,17
3094,3282832000,535410512,3963077896,1072413109,145,17
3095,3283425000,538876523,4075339027,1072413109,145,17
3096,3284017000,542342724,4187600158,1072413109,145,17
3097,3284610000,545781477,4893993,1072413109,145,17
3098,3285203000,549193363,117155124,1072413109,145,17
3099,3285795000,552625920,229416255,1072413109,145,17
3100,3286388000,556056869,341677386,1072413109,145,17
3101,3286981000,559444893,453938517,1072413109,145,17
3102,3287573000,562823976,566199648,1072413109,145,17
3103,3288166000,566254085,678460779,1072413109,145,17
3104,3288758000,569620569,790721910,1072413109,145,17
3105,3289351000,573000839,902983041,1072413109,145,17
3106,3289944000,576371384,1015244172,1072413109,145,17
3107,3290536000,579766245,1127505303,1072413109,145,17
3108,3291129000,583113415,1239766434,1072413109,145,17
3109,3291722000,586454696,1352027565,1072413109,145,17
3110,3292314000,589793742,1464288696,1072413109,145,17
3111,3292907000,593108570,1576549827,1072413109,145,17
3112,3293500000,596441238,1688810958,1072413109,145,17
3113,3294092000,599733951,1801072089,1072413109,145,17
3114,3294685000,603051844,1913333220,1072413109,145,17
3115,3295277000,606319103,2025594351,1072413109,145,17
3116,3295870000,609636452,2137855482,1072413109,145,17
3117,3296463000,612893099,2250116613,1072413109,145,17
3118,3297055000,616167898,2362377744,1072413109,145,17
3119,3297648000,619459913,2474638875,1072413109,145,17
3120,3298241000,622679290,2586900006,1072413109,145,17
3121,3298833000,625960655,2699161137,1072413109,145,17
3122,3299426000,629186015,2811422268,1072413109,145,17
3123,3300019000,632406364,2923683399,1072413109,145,17
3124,3300611000,635628400,3035944530,1072413109,145,17
3125,3301204000,638843400,3148205661,1072413109,145,17
3126,3301797000,642054118,3260466792,1072413109,145,17
3127,3302389000,645246318,3372727923,1072413109,145,17
3128,3302982000,648429368,3484989054,1072413109,145,17
3129,3303574000,651626998,3597250185,1072413109,145,17
3130,3304167000,654782073,3709511316,1054030338,146,18
3131,3304760000,657931841,3821772447,1054030338,146,18
3132,3305352000,661101472,3934033578,1054030338,146,18
3133,3305945000,664230227,4046294709,1054030338,146,18
3134,3306538000,667364259,4158555840,1054030338,146,18
3135,3307130000,670489434,4270816971,1054030338,146,18
3136,3307723000,673569492,88110806,1054030338,146,18
3137,3308316000,676670988,200371937,1054030338,146,18
3138,3308908000,679788801,312633068,1054030338,146,18
3139,3309501000,682875817,424894199,1054030338,146,18
3140,3310093000,685934963,537155330,1054030338,146,18
3141,3310686000,689007076,649416461,1054030338,146,18
3142,3311279000,692035032,761677592,1054030338,146,18
3143,3311871000,695081406,873938723,1054030338,146,18
3144,3312464000,698122476,986199854,1054030338,146,18
3145,3313057000,701137509,1098460985,1054030338,146,18
3146,3313649000,704189472,1210722116,1054030338,146,18
3147,3314242000,707153858,1322983247,1054030338,146,18
3148,3314835000,710194801,1435244378,1054030338,146,18
3149,3315427000,713184275,1547505509,1054030338,146,18
3150,3316020000,716148752,1659766640,1054030338,146,18
3151,3316613000,719125432,1772027771,1054030338,146,18
3152,3317205000,722046880,1884288902,1054030338,146,18
3153,3317798000,725009800,1996550033,1054030338,146,18
3154,3318390000,727961258,2108811164,1054030338,146,18
3155,3318983000,730862565,2221072295,1054030338,146,18
3156,3319576000,733815390,2333333426,1054030338,146,18
3157,3320168000,736689671,2445594557,1054030338,146,18
3158,3320761000,739600105,2557855688,1054030338,146,18
3159,3321354000,742506456,2670116819,1054030338,146,18
3160,3321946000,745380387,2782377950,1054030338,146,18
3161,3322539000,748242308,2894639081,1054030338,146,18
3162,3323132000,751066911,3006900212,1054030338,146,18
3163,3323724000,753925654,3119161343,1054030338,146,18
3164,3324317000,756758038,3231422474,1054030338,146,18
3165,3324909000,759608948,3343683605,1054030338,146,18
3166,3325502000,762402749,3455944736,1054030338,146,18
3167,3326095000,765234548,3568205867,1054030338,146,18
3168,3326687000,768013264,3680466998,1014383965,147,19
3169,3327280000,770806052,3792728129,1014383965,147,19
3170,3327873000,773593326,3904989260,1014383965,147,19
3171,3328465000,776308611,4017250391,1014383965,147,19
3172,3329058000,779081748,4129511522,1014383965,147,19
3173,3329651000,781798233,4241772653,1014383965,147,19
3174,3330243000,784528466,59066488,1014383965,147,19
3175,3330836000,787254700,171327619,1014383965,147,19
3176,3331429000,789982828,283588750,1014383965,147,19
3177,3332021000,792700235,395849881,1014383965,147,19
3178,3332614000,795380993,508111012,1014383965,147,19
3179,3333206000,798031327,620372143,1014383965,147,19
3180,3333799000,800707386,732633274,1014383965,147,19
3181,3334392000,803396251,844894405,1014383965,147,19
3182,3334984000,805972269,957155536,1014383965,147,19
3183,3335577000,808605756,1069416667,1014383965,147,19
3184,3336170000,811248303,1181677798,1014383965,147,19
3185,3336762000,813835727,1293938929,1014383965,147,19
3186,3337355000,816444465,1406200060,1014383965,147,19
3187,3337948000,819043769,1518461191,1014383965,147,19
3188,3338540000,821605534,1630722322,1014383965,147,19
3189,3339133000,824164055,1742983453,1014383965,147,19
3190,3339725000,826744661,1855244584,1014383965,147,19
3191,3340318000,829273475,1967505715,1014383965,147,19
3192,3340911000,831799072,2079766846,1014383965,147,19
3193,3341503000,834283649,2192027977,1014383965,147,19
3194,3342096000,836828310,2304289108,1014383965,147,19
3195,3342689000,839336280,2416550239,1014383965,147,19
3196,3343281000,841786696,2528811370,1014383965,147,19
3197,3343874000,844270928,2641072501,1014383965,147,19
3198,3344467000,846708778,2753333632,1014383965,147,19
3199,3345059000,849174227,2865594763,1014383965,147,19
3200,3345652000,851611523,2977855894,1014383965,147,19
3201,3346245000,854029635,3090117025,1014383965,147,19
3202,3346837000,856434786,3202378156,1014383965,147,19
3203,3347430000,858863233,3314639287,1014383965,147,19
3204,3348022000,861243378,3426900418,1014383965,147,19
3205,3348615000,863613431,3539161549,1014383965,147,19
3206,3349208000,865964033,3651422680,954273800,148,20
3207,3349800000,868319399,3763683811,954273800,148,20
3208,3350393000,870682864,3875944942,954273800,148,20
3209,3350986000,872983170,3988206073,954273800,148,20
3210,3351578000,875304757,4100467204,954273800,148,20
3211,3352171000,877627495,4212728335,954273800,148,20
3212,3352764000,879902448,30022170,954273800,148,20
3213,3353356000,882177048,142283301,954273800,148,20
3214,3353949000,884436921,254544432,954273800,148,20
3215,3354541000,886730002,366805563,954273800,148,20
3216,3355134000,888952487,479066694,954273800,148,20
3217,3355727000,891187209,591327825,954273800,148,20
3218,3356319000,893383654,703588956,954273800,148,20
3219,3356912000,895638689,815850087,954273800,148,20
3220,3357505000,897845673,928111218,954273800,148,20
3221,3358097000,899979793,1040372349,954273800,148,20
3222,3358690000,902170227,1152633480,954273800,148,20
3223,3359283000,904335870,1264894611,954273800,148,20
3224,3359875000,906461123,1377155742,954273800,148,20
3225,3360468000,908623713,1489416873,954273800,148,20
3226,3361061000,910703221,1601678004,954273800,148,20
3227,3361653000,912804168,1713939135,954273800,148,20
3228,3362246000,914913440,1826200266,954273800,148,20
3229,3362838000,917001363,1938461397,954273800,148,20
3230,3363431000,919061894,2050722528,954273800,148,20
3231,3364024000,921130111,2162983659,954273800,148,20
3232,3364616000,923167812,2275244790,954273800,148,20
3233,3365209000,925207914,2387505921,954273800,148,20
3234,3365802000,927204635,2499767052,954273800,148,20
3235,3366394000,929221446,2612028183,954273800,148,20
3236,3366987000,931240305,2724289314,954273800,148,20
3237,3367580000,933205882,2836550445,954273800,148,20
3238,3368172000,935179978,2948811576,954273800,148,20
3239,3368765000,937127060,3061072707,954273800,148,20
3240,3369357000,939067206,3173333838,954273800,148,20
3241,3369950000,940989449,3285594969,954273800,148,20
3242,3370543000,942893959,3397856100,954273800,148,20
3243,3371135000,944814837,3510117231,954273800,148,20
3244,3371728000,946684258,3622378362,874912482,149,21
3245,3372321000,948570239,3734639493,874912482,149,21
3246,3372913000,950461339,3846900624,874912482,149,21
3247,3373506000,952271052,3959161755,874912482,149,21
3248,3374099000,954114165,4071422886,874912482,149,21
3249,3374691000,955939620,4183684017,874912482,149,21
3250,3375284000,957748565,977852,874912482,149,21
3251,3375877000,959553615,113238983,874912482,149,21
3252,3376469000,961319947,225500114,874912482,149,21
3253,3377062000,963116156,337761245,874912482,149,21
3254,3377654000,964866510,450022376,874912482,149,21
3255,3378247000,966595479,562283507,874912482,149,21
3256,3378840000,968333052,674544638,874912482,149,21
3257,3379432000,970030338,786805769,874912482,149,21
3258,3380025000,971747485,899066900,874912482,149,21
3259,3380618000,973422342,1011328031,874912482,149,21
3260,3381210000,975116634,1123589162,874912482,149,21
3261,3381803000,976791624,1235850293,874912482,149,21
3262,3382396000,978448905,1348111424,874912482,149,21
3263,3382988000,980087336,1460372555,874912482,149,21
3264,3383581000,981686917,1572633686,874912482,149,21
3265,3384173000,983287718,1684894817,874912482,149,21
3266,3384766000,984885819,1797155948,874912482,149,21
3267,3385359000,986476757,1909417079,874912482,149,21
3268,3385951000,988039508,2021678210,874912482,149,21
3269,3386544000,989616726,2133939341,874912482,149,21
3270,3387137000,991158462,2246200472,874912482,149,21
3271,3387729000,992682713,2358461603,874912482,149,21
3272,3388322000,994176590,2470722734,874912482,149,21
3273,3388915000,995706091,2582983865,874912482,149,21
3274,3389507000,997163482,2695244996,874912482,149,21
3275,3390100000,998647471,2807506127,874912482,149,21
3276,3390693000,1000091764,2919767258,874912482,149,21
3277,3391285000,1001552208,3032028389,874912482,149,21
3278,3391878000,1002990415,3144289520,874912482,149,21
3279,3392470000,1004413619,3256550651,874912482,149,21
3280,3393063000,1005785454,3368811782,874912482,149,21
3281,3393656000,1007183081,3481072913,874912482,149,21
3282,3394248000,1008591142,3593334044,777901017,150,22
3283,3394841000,1009939523,3705595175,777901017,150,22
3284,3395434000,1011291170,3817856306,777901017,150,22
3285,3396026000,1012623927,3930117437,777901017,150,22
3286,3396619000,1013935506,4042378568,777901017,150,22
3287,3397212000,1015263587,4154639699,777901017,150,22
3288,3397804000,1016556300,4266900830,777901017,150,22
3289,3398397000,1017803310,84194665,777901017,150,22
3290,3398989000,1019087953,196455796,777901017,150,22
3291,3399582000,1020334369,308716927,777901017,150,22
3292,3400175000,1021583941,420978058,777901017,150,22
3293,3400767000,1022775246,533239189,777901017,150,22
3294,3401360000,1024001952,645500320,777901017,150,22
3295,3401953000,1025191140,757761451,777901017,150,22
3296,3402545000,1026368519,870022582,777901017,150,22
3297,3403138000,1027541778,982283713,777901017,150,22
3298,3403731000,1028653246,1094544844,777901017,150,22
3299,3404323000,1029823743,1206805975,777901017,150,22
3300,3404916000,1030941216,1319067106,777901017,150,22
3301,3405509000,1032043204,1431328237,777901017,150,22
3302,3406101000,1033150103,1543589368,777901017,150,22
3303,3406694000,1034217049,1655850499,777901017,150,22
3304,3407286000,1035300392,1768111630,777901017,150,22
3305,3407879000,1036343286,1880372761,777901017,150,22
3306,3408472000,1037369657,1992633892,777901017,150,22
3307,3409064000,1038390044,2104895023,777901017,150,22
3308,3409657000,1039398479,2217156154,777901017,150,22
3309,3410250000,1040419534,2329417285,777901017,150,22
3310,3410842000,1041354189,2441678416,777901017,150,22
3311,3411435000,1042331453,2553939547,777901017,150,22
3312,3412028000,1043293662,2666200678,777901017,150,22
3313,3412620000,1044250879,2778461809,777901017,150,22
3314,3413213000,1045155102,2890722940,777901017,150,22
3315,3413805000,1046047350,3002984071,777901017,150,22
3316,3414398000,1046937629,3115245202,777901017,150,22
3317,3414991000,1047832992,3227506333,777901017,150,22
3318,3415583000,1048671641,3339767464,777901017,150,22
3319,3416176000,1049542752,3452028595,777901017,150,22
3320,3416769000,1050384787,3564289726,665196475,151,23
3321,3417361000,1051206016,3676550857,665196475,151,23
3322,3417954000,1052005483,3788811988,665196475,151,23
3323,3418547000,1052796498,3901073119,665196475,151,23
3324,3419139000,1053578536,4013334250,665196475,151,23
3325,3419732000,1054367905,4125595381,665196475,151,23
3326,3420325000,1055076899,4237856512,665196475,151,23
3327,3420917000,1055824892,55150347,665196475,151,23
3328,3421510000,1056534336,167411478,665196475,151,23
3329,3422102000,1057225022,279672609,665196475,151,23
3330,3422695000,1057968541,391933740,665196475,151,23
3331,3423288000,1058616314,504194871,665196475,151,23
3332,3423880000,1059284497,616456002,665196475,151,23
3333,3424473000,1059910660,728717133,665196475,151,23
3334,3425066000,1060580309,840978264,665196475,151,23
3335,3425658000,1061154708,953239395,665196475,151,23
3336,3426251000,1061777398,1065500526,665196475,151,23
3337,3426844000,1062349717,1177761657,665196475,151,23
3338,3427436000,1062912036,1290022788,665196475,151,23
3339,3428029000,1063495946,1402283919,665196475,151,23
3340,3428621000,1064022507,1514545050,665196475,151,23
3341,3429214000,1064561093,1626806181,665196475,151,23
3342,3429807000,1065062448,1739067312,665196475,151,23
3343,3430399000,1065576714,1851328443,665196475,151,23
3344,3430992000,1066047966,1963589574,665196475,151,23
3345,3431585000,1066524523,2075850705,665196475,151,23
3346,3432177000,1066968126,2188111836,665196475,151,23
3347,3432770000,1067416212,2300372967,665196475,151,23
3348,3433363000,1067846979,2412634098,665196475,151,23
3349,3433955000,1068255165,2524895229,665196475,151,23
3350,3434548000,1068625091,2637156360,665196475,151,23
3351,3435141000,1069022194,2749417491,665196475,151,23
3352,3435733000,1069401816,2861678622,665196475,151,23
3353,3436326000,1069736225,2973939753,665196475,151,23
3354,3436918000,1070084167,3086200884,665196475,151,23
3355,3437511000,1070418640,3198462015,665196475,151,23
3356,3438104000,1070706840,3310723146,665196475,151,23
3357,3438696000,1071009096,3422984277,665196475,151,23
3358,3439289000,1071287184,3535245408,665196475,151,23
3359,3439882000,1071544199,3647506539,539072516,152,24
3360,3440474000,1071767579,3759767670,539072516,152,24
3361,3441067000,1072015481,3872028801,539072516,152,24
3362,3441660000,1072262299,3984289932,539072516,152,24
3363,3442252000,1072427200,4096551063,539072516,152,24
3364,3442845000,1072640426,4208812194,539072516,152,24
3365,3443437000,1072828804,26106029,539072516,152,24
3366,3444030000,1072968192,138367160,539072516,152,24
3367,3444623000,1073100188,250628291,539072516,152,24
3368,3445215000,1073263759,362889422,539072516,152,24
3369,3445808000,1073358460,475150553,539072516,152,24
3370,3446401000,1073454083,587411684,539072516,152,24
3371,3446993000,1073528580,699672815,539072516,152,24
3372,3447586000,1073657922,811933946,539072516,152,24
3373,3448179000,1073702897,924195077,539072516,152,24
3374,3448771000,1073726267,1036456208,539072516,152,24
3375,3449364000,1073751463,1148717339,539072516,152,24
3376,3449957000,1073766893,1260978470,539072516,152,24
3377,3450549000,1073759133,1373239601,539072516,152,24
3378,3451142000,1073737001,1485500732,539072516,152,24
3379,3451734000,1073695041,1597761863,539072516,152,24
3380,3452327000,1073622461,1710022994,539072516,152,24
3381,3452920000,1073601776,1822284125,539072516,152,24
3382,3453512000,1073506439,1934545256,539072516,152,24
3383,3454105000,1073430778,2046806387,539072516,152,24
3384,3454698000,1073305862,2159067518,539072516,152,24
3385,3455290000,1073170051,2271328649,539072516,152,24
3386,3455883000,1073053472,2383589780,539072516,152,24
3387,3456476000,1072892563,2495850911,539072516,152,24
3388,3457068000,1072737120,2608112042,539072516,152,24
3389,3457661000,1072563871,2720373173,539072516,152,24
3390,3458253000,1072357794,2832634304,539072516,152,24
3391,3458846000,1072162662,2944895435,539072516,152,24
3392,3459439000,1071910286,3057156566,539072516,152,24
3393,3460031000,1071686707,3169417697,539072516,152,24
3394,3460624000,1071398200,3281678828,539072516,152,24
3395,3461217000,1071165525,3393939959,539072516,152,24
3396,3461809000,1070896963,3506201090,539072516,152,24
3397,3462402000,1070566425,3618462221,402073515,153,25
3398,3462995000,1070231823,3730723352,402073515,153,25
3399,3463587000,1069918521,3842984483,402073515,153,25
3400,3464180000,1069556545,3955245614,402073515,153,25
3401,3464773000,1069215741,4067506745,402073515,153,25
3402,3465365000,1068832828,4179767876,402073515,153,25
3403,3465958000,1068465914,4292029007,402073515,153,25
3404,3466550000,1068057485,109322842,402073515,153,25
3405,3467143000,1067633157,221583973,402073515,153,25
3406,3467736000,1067183240,333845104,402073515,153,25
3407,3468328000,1066764070,446106235,402073515,153,25
3408,3468921000,1066320620,558367366,402073515,153,25
3409,3469514000,1065804904,670628497,402073515,153,25
3410,3470106000,1065320282,782889628,402073515,153,25
3411,3470699000,1064806564,895150759,402073515,153,25
3412,3471292000,1064287141,1007411890,402073515,153,25
3413,3471884000,1063774946,1119673021,402073515,153,25
3414,3472477000,1063213669,1231934152,402073515,153,25
3415,3473069000,1062668190,1344195283,402073515,153,25
3416,3473662000,1062092363,1456456414,402073515,153,25
3417,3474255000,1061471575,1568717545,402073515,153,25
3418,3474847000,1060863090,1680978676,402073515,153,25
3419,3475440000,1060234137,1793239807,402073515,153,25
3420,3476033000,1059602569,1905500938,402073515,153,25
3421,3476625000,1058968695,2017762069,402073515,153,25
3422,3477218000,1058281976,2130023200,402073515,153,25
3423,3477811000,1057622425,2242284331,402073515,153,25
3424,3478403000,1056904877,2354545462,402073515,153,25
3425,3478996000,1056164977,2466806593,402073515,153,25
3426,3479589000,1055465533,2579067724,402073515,153,25
3427,3480181000,1054728507,2691328855,402073515,153,25
3428,3480774000,1053980877,2803589986,402073515,153,25
3429,3481366000,1053207869,2915851117,402073515,153,25
3430,3481959000,1052399825,3028112248,402073515,153,25
3431,3482552000,1051640622,3140373379,402073515,153,25
3432,3483144000,1050824421,3252634510,402073515,153,25
3433,3483737000,1049958818,3364895641,402073515,153,25
3434,3484330000,1049118476,3477156772,402073515,153,25
3435,3484922000,1048319033,3589417903,256963237,154,26
3436,3485515000,1047402007,3701679034,256963237,154,26
3437,3486108000,1046544268,3813940165,256963237,154,26
3438,3486700000,1045634896,3926201296,256963237,154,26
3439,3487293000,1044698629,4038462427,256963237,154,26
3440,3487885000,1043749704,4150723558,256963237,154,26
3441,3488478000,1042842218,4262984689,256963237,154,26
3442,3489071000,1041904677,80278524,256963237,154,26
3443,3489663000,1040927209,192539655,256963237,154,26
3444,3490256000,1039925469,304800786,256963237,154,26
3445,3490849000,1038919917,417061917,256963237,154,26
3446,3491441000,1037901651,529323048,256963237,154,26
3447,3492034000,1036866957,641584179,256963237,154,26
3448,3492627000,1035826119,753845310,256963237,154,26
3449,3493219000,1034801300,866106441,256963237,154,26
3450,3493812000,1033687798,978367572,256963237,154,26
3451,3494405000,1032611220,1090628703,256963237,154,26
3452,3494997000,1031514085,1202889834,256963237,154,26
3453,3495590000,1030400916,1315150965,256963237,154,26
3454,3496182000,1029270037,1427412096,256963237,154,26
3455,3496775000,1028121628,1539673227,256963237,154,26
3456,3497368000,1026945539,1651934358,256963237,154,26
3457,3497960000,1025768252,1764195489,256963237,154,26
3458,3498553000,1024610846,1876456620,256963237,154,26
3459,3499146000,1023397910,1988717751,256963237,154,26
3460,3499738000,1022202380,2100978882,256963237,154,26
3461,3500331000,1020975401,2213240013,256963237,154,26
3462,3500924000,1019725076,2325501144,256963237,154,26
3463,3501516000,1018467968,2437762275,256963237,154,26
3464,3502109000,1017200552,2550023406,256963237,154,26
3465,3502701000,1015889277,2662284537,256963237,154,26
3466,3503294000,1014629474,2774545668,256963237,154,26
3467,3503887000,1013279327,2886806799,256963237,154,26
3468,3504479000,1011960940,2999067930,256963237,154,26
3469,3505072000,1010632413,3111329061,256963237,154,26
3470,3505665000,1009284066,3223590192,256963237,154,26
3471,3506257000,1007893104,3335851323,256963237,154,26
3472,3506850000,1006531543,3448112454,256963237,154,26
3473,3507443000,1005118588,3560373585,106669082,155,27
3474,3508035000,1003708596,3672634716,106669082,155,27
3475,3508628000,1002262685,3784895847,106669082,155,27
3476,3509221000,1000871853,3897156978,106669082,155,27
3477,3509813000,999395777,4009418109,106669082,155,27
3478,3510406000,997949273,4121679240,106669082,155,27
3479,3510998000,996476504,4233940371,106669082,155,27
3480,3511591000,994981728,51234206,106669082,155,27
3481,3512184000,993439016,163495337,106669082,155,27
3482,3512776000,991942492,275756468,106669082,155,27
3483,3513369000,990449639,388017599,106669082,155,27
3484,3513962000,988871080,500278730,106669082,155,27
3485,3514554000,987319448,612539861,106669082,155,27
3486,3515147000,985712426,724800992,106669082,155,27
3487,3515740000,984135918,837062123,106669082,155,27
3488,3516332000,982506717,949323254,106669082,155,27
3489,3516925000,980906531,1061584385,106669082,155,27
3490,3517517000,979278661,1173845516,106669082,155,27
3491,3518110000,977626679,1286106647,106669082,155,27
3492,3518703000,975989025,1398367778,106669082,155,27
3493,3519295000,974313318,1510628909,106669082,155,27
3494,3519888000,972649603,1622890040,106669082,155,27
3495,3520481000,970929834,1735151171,106669082,155,27
3496,3521073000,969218764,1847412302,106669082,155,27
3497,3521666000,967508183,1959673433,106669082,155,27
3498,3522259000,965777631,2071934564,106669082,155,27
3499,3522851000,964009343,2184195695,106669082,155,27
3500,3523444000,962257848,2296456826,106669082,155,27
3501,3524037000,960475536,2408717957,106669082,155,27
3502,3524629000,958686550,2520979088,106669082,155,27
3503,3525222000,956862812,2633240219,106669082,155,27
3504,3525814000,955038662,2745501350,106669082,155,27
3505,3526407000,953209878,2857762481,106669082,155,27
3506,3527000000,951376317,2970023612,106669082,155,27
3507,3527592000,949542534,3082284743,106669082,155,27
3508,3528185000,947657724,3194545874,106669082,155,27
3509,3528778000,945768046,3306807005,106669082,155,27
3510,3529370000,943881734,3419068136,106669082,155,27
3511,3529963000,941976065,3531329267,-45776973,156,28
3512,3530556000,940040889,3643590398,-45776973,156,28
3513,3531148000,938108882,3755851529,-45776973,156,28
3514,3531741000,936156210,3868112660,-45776973,156,28
3515,3532333000,934256145,3980373791,-45776973,156,28
3516,3532926000,932248945,4092634922,-45776973,156,28
3517,3533519000,930253042,4204896053,-45776973,156,28
3518,3534111000,928258380,22189888,-45776973,156,28
3519,3534704000,926249431,134451019,-45776973,156,28
3520,3535297000,924213647,246712150,-45776973,156,28
3521,3535889000,922167959,358973281,-45776973,156,28
3522,3536482000,920130178,471234412,-45776973,156,28
3523,3537075000,918094615,583495543,-45776973,156,28
3524,3537667000,915983399,695756674,-45776973,156,28
3525,3538260000,913911255,808017805,-45776973,156,28
3526,3538853000,911831438,920278936,-45776973,156,28
3527,3539445000,909701311,1032540067,-45776973,156,28
3528,3540038000,907573521,1144801198,-45776973,156,28
3529,3540630000,905411374,1257062329,-45776973,156,28
3530,3541223000,903265653,1369323460,-45776973,156,28
3531,3541816000,901106850,1481584591,-45776973,156,28
3532,3542408000,898899039,1593845722,-45776973,156,28
3533,3543001000,896719118,1706106853,-45776973,156,28
3534,3543594000,894534956,1818367984,-45776973,156,28
3535,3544186000,892333233,1930629115,-45776973,156,28
3536,3544779000,890092471,2042890246,-45776973,156,28
3537,3545372000,887863064,2155151377,-45776973,156,28
3538,3545964000,885592122,2267412508,-45776973,156,28
3539,3546557000,883338457,2379673639,-45776973,156,28
3540,3547149000,881070591,2491934770,-45776973,156,28
3541,3547742000,878799169,2604195901,-45776973,156,28
3542,3548335000,876490396,2716457032,-45776973,156,28
3543,3548927000,874165598,2828718163,-45776973,156,28
3544,3549520000,871844205,2940979294,-45776973,156,28
3545,3550113000,869503500,3053240425,-45776973,156,28
3546,3550705000,867179136,3165501556,-45776973,156,28
3547,3551298000,864801193,3277762687,-45776973,156,28
3548,3551891000,862438582,3390023818,-45776973,156,28
3549,3552483000,860077371,3502284949,-197299542,157,29
3550,3553076000,857668767,3614546080,-197299542,157,29
3551,3553669000,855268741,3726807211,-197299542,157,29
3552,3554261000,852856982,3839068342,-197299542,157,29
3553,3554854000,850386489,3951329473,-197299542,157,29
3554,3555446000,847972406,4063590604,-197299542,157,29
3555,3556039000,845530917,4175851735,-197299542,157,29
3556,3556632000,843087575,4288112866,-197299542,157,29
3557,3557224000,840595780,105406701,-197299542,157,29
3558,3557817000,838097859,217667832,-197299542,157,29
3559,3558410000,835605453,329928963,-197299542,157,29
3560,3559002000,833099732,442190094,-197299542,157,29
3561,3559595000,830567757,554451225,-197299542,157,29
3562,3560188000,828039495,666712356,-197299542,157,29
3563,3560780000,825491795,778973487,-197299542,157,29
3564,3561373000,822924838,891234618,-197299542,157,29
3565,3561965000,820365028,1003495749,-197299542,157,29
3566,3562558000,817761073,1115756880,-197299542,157,29
3567,3563151000,815203943,1228018011,-197299542,157,29
3568,3563743000,812583411,1340279142,-197299542,157,29
3569,3564336000,809969398,1452540273,-197299542,157,29
3570,3564929000,807353928,1564801404,-197299542,157,29
3571,3565521000,804705992,1677062535,-197299542,157,29
3572,3566114000,802060894,1789323666,-197299542,157,29
3573,3566707000,799411222,1901584797,-197299542,157,29
3574,3567299000,796739978,2013845928,-197299542,157,29
3575,3567892000,794053087,2126107059,-197299542,157,29
3576,3568485000,791365745,2238368190,-197299542,157,29
3577,3569077000,788663669,2350629321,-197299542,157,29
3578,3569670000,785953255,2462890452,-197299542,157,29
3579,3570262000,783212143,2575151583,-197299542,157,29
3580,3570855000,780520111,2687412714,-197299542,157,29
3581,3571448000,777746270,2799673845,-197299542,157,29
3582,3572040000,775002433,2911934976,-197299542,157,29
3583,3572633000,772211902,3024196107,-197299542,157,29
3584,3573226000,769461720,3136457238,-197299542,157,29
3585,3573818000,766662059,3248718369,-197299542,157,29
3586,3574411000,763866160,3360979500,-197299542,157,29
3587,3575004000,761052218,3473240631,-197299542,157,29
3588,3575596000,758217760,3585501762,-344841866,158,30
3589,3576189000,755386106,3697762893,-344841866,158,30
3590,3576781000,752566877,3810024024,-344841866,158,30
3591,3577374000,749717658,3922285155,-344841866,158,30
3592,3577967000,746847817,4034546286,-344841866,158,30
3593,3578559000,743974658,4146807417,-344841866,158,30
3594,3579152000,741113090,4259068548,-344841866,158,30
3595,3579745000,738232660,76362383,-344841866,158,30
3596,3580337000,735307570,188623514,-344841866,158,30
3597,3580930000,732383251,300884645,-344841866,158,30
3598,3581523000,729464025,413145776,-344841866,158,30
3599,3582115000,726525495,525406907,-344841866,158,30
3600,3582708000,723573168,637668038,-344841866,158,30
3601,3583301000,720648362,749929169,-344841866,158,30
3602,3583893000,717701581,862190300,-344841866,158,30
3603,3584486000,714708115,974451431,-344841866,158,30
3604,3585078000,711722949,1086712562,-344841866,158,30
3605,3585671000,708730936,1198973693,-344841866,158,30
3606,3586264000,705739125,1311234824,-344841866,158,30
3607,3586856000,702718681,1423495955,-344841866,158,30
3608,3587449000,699700784,1535757086,-344841866,158,30
3609,3588042000,696659303,1648018217,-344841866,158,30
3610,3588634000,693630015,1760279348,-344841866,158,30
3611,3589227000,690599127,1872540479,-344841866,158,30
3612,3589820000,687525506,1984801610,-344841866,158,30
3613,3590412000,684453602,2097062741,-344841866,158,30
3614,3591005000,681366985,2209323872,-344841866,158,30
3615,3591597000,678294468,2321585003,-344841866,158,30
3616,3592190000,675193625,2433846134,-344841866,158,30
3617,3592783000,672078945,2546107265,-344841866,158,30
3618,3593375000,668957482,2658368396,-344841866,158,30
3619,3593968000,665843391,2770629527,-344841866,158,30
3620,3594561000,662686133,2882890658,-344841866,158,30
3621,3595153000,659550571,2995151789,-344841866,158,30
3622,3595746000,656385764,3107412920,-344841866,158,30
3623,3596339000,653244774,3219674051,-344841866,158,30
3624,3596931000,650071164,3331935182,-344841866,158,30
3625,3597524000,646887516,3444196313,-344841866,158,30
3626,3598117000,643673109,3556457444,-485427483,159,31
3627,3598709000,640506298,3668718575,-485427483,159,31
3628,3599302000,637267795,3780979706,-485427483,159,31
3629,3599894000,634100176,3893240837,-485427483,159,31
3630,3600487000,630863186,4005501968,-485427483,159,31
3631,3601080000,627619467,4117763099,-485427483,159,31
3632,3601672000,624371250,4230024230,-485427483,159,31
3633,3602265000,621161666,47318065,-485427483,159,31
3634,3602858000,617874219,159579196,-485427483,159,31
3635,3603450000,614602505,271840327,-485427483,159,31
3636,3604043000,611313062,384101458,-485427483,159,31
3637,3604636000,608038752,496362589,-485427483,159,31
3638,3605228000,604773575,608623720,-485427483,159,31
3639,3605821000,601447821,720884851,-485427483,159,31
3640,3606413000,598142731,833145982,-485427483,159,31
3641,3607006000,594812519,945407113,-485427483,159,31
3642,3607599000,591506856,1057668244,-485427483,159,31
3643,3608191000,588187585,1169929375,-485427483,159,31
3644,3608784000,584808613,1282190506,-485427483,159,31
3645,3609377000,581477176,1394451637,-485427483,159,31
3646,3609969000,578122951,1506712768,-485427483,159,31
3647,3610562000,574752513,1618973899,-485427483,159,31
3648,3611155000,571375897,1731235030,-485427483,159,31
3649,3611747000,568005293,1843496161,-485427483,159,31
3650,3612340000,564600369,1955757292,-485427483,159,31
3651,3612933000,561197777,2068018423,-485427483,159,31
3652,3613525000,557807023,2180279554,-485427483,159,31
3653,3614118000,554393679,2292540685,-485427483,159,31
3654,3614710000,550981728,2404801816,-485427483,159,31
3655,3615303000,547539755,2517062947,-485427483,159,31
3656,3615896000,544085757,2629324078,-485427483,159,31
3657,3616488000,540663342,2741585209,-485427483,159,31
3658,3617081000,537201238,2853846340,-485427483,159,31
3659,3617674000,533762457,2966107471,-485427483,159,31
3660,3618266000,530282766,3078368602,-485427483,159,31
3661,3618859000,526834967,3190629733,-485427483,159,31
3662,3619452000,523322310,3302890864,-485427483,159,31
3663,3620044000,519860701,3415151995,-485427483,159,31
3664,3620637000,516354624,3527413126,-616220272,160,32
3665,3621229000,512832316,3639674257,-616220272,160,32
3666,3621822000,509346149,3751935388,-616220272,160,32
3667,3622415000,505815284,3864196519,-616220272,160,32
3668,3623007000,502330295,3976457650,-616220272,160,32
3669,3623600000,498766799,4088718781,-616220272,160,32
3670,3624193000,495244113,4200979912,-616220272,160,32
3671,3624785000,491704372,18273747,-616220272,160,32
3672,3625378000,488130898,130534878,-616220272,160,32
3673,3625971000,484580733,242796009,-616220272,160,32
3674,3626563000,480998757,355057140,-616220272,160,32
3675,3627156000,477445974,467318271,-616220272,160,32
3676,3627749000,473895693,579579402,-616220272,160,32
3677,3628341000,470297863,691840533,-616220272,160,32
3678,3628934000,466720035,804101664,-616220272,160,32
3679,3629526000,463131805,916362795,-616220272,160,32
3680,3630119000,459495223,1028623926,-616220272,160,32
3681,3630712000,455918944,1140885057,-616220272,160,32
3682,3631304000,452286638,1253146188,-616220272,160,32
3683,3631897000,448634939,1365407319,-616220272,160,32
3684,3632490000,445036679,1477668450,-616220272,160,32
3685,3633082000,441396320,1589929581,-616220272,160,32
3686,3633675000,437772585,1702190712,-616220272,160,32
3687,3634268000,434107449,1814451843,-616220272,160,32
3688,3634860000,430458850,1926712974,-616220272,160,32
3689,3635453000,426779819,2038974105,-616220272,160,32
3690,3636045000,423129638,2151235236,-616220272,160,32
3691,3636638000,419457545,2263496367,-616220272,160,32
3692,3637231000,415781877,2375757498,-616220272,160,32
3693,3637823000,412129476,2488018629,-616220272,160,32
3694,3638416000,408420220,2600279760,-616220272,160,32
3695,3639009000,404728758,2712540891,-616220272,160,32
3696,3639601000,401014185,2824802022,-616220272,160,32
3697,3640194000,397321522,2937063153,-616220272,160,32
3698,3640787000,393605194,3049324284,-616220272,160,32
3699,3641379000,389912874,3161585415,-616220272,160,32
3700,3641972000,386188006,3273846546,-616220272,160,32
3701,3642565000,382477488,3386107677,-616220272,160,32
3702,3643157000,378743243,3498368808,-734581671,161,33
3703,3643750000,374992279,3610629939,-734581671,161,33
3704,3644342000,371249361,3722891070,-734581671,161,33
3705,3644935000,367521628,3835152201,-734581671,161,33
3706,3645528000,363757374,3947413332,-734581671,161,33
3707,3646120000,359999999,4059674463,-734581671,161,33
3708,3646713000,356235741,4171935594,-734581671,161,33
3709,3647306000,352487393,4284196725,-734581671,161,33
3710,3647898000,348726363,101490560,-734581671,161,33
3711,3648491000,344926091,213751691,-734581671,161,33
3712,3649084000,341141215,326012822,-734581671,161,33
3713,3649676000,337354435,438273953,-734581671,161,33
3714,3650269000,333591437,550535084,-734581671,161,33
3715,3650861000,329761283,662796215,-734581671,161,33
3716,3651454000,325965529,775057346,-734581671,161,33
3717,3652047000,322171399,887318477,-734581671,161,33
3718,3652639000,318377946,999579608,-734581671,161,33
3719,3653232000,314542914,1111840739,-734581671,161,33
3720,3653825000,310727388,1224101870,-734581671,161,33
3721,3654417000,306925585,1336363001,-734581671,161,33
3722,3655010000,303092273,1448624132,-734581671,161,33
3723,3655603000,299273281,1560885263,-734581671,161,33
3724,3656195000,295435444,1673146394,-734581671,161,33
3725,3656788000,291598746,1785407525,-734581671,161,33
3726,3657381000,287763056,1897668656,-734581671,161,33
3727,3657973000,283917351,2009929787,-734581671,161,33
3728,3658566000,280060674,2122190918,-734581671,161,33
3729,3659158000,276189142,2234452049,-734581671,161,33
3730,3659751000,272337172,2346713180,-734581671,161,33
3731,3660344000,268499294,2458974311,-734581671,161,33
3732,3660936000,264605046,2571235442,-734581671,161,33
3733,3661529000,260776094,2683496573,-734581671,161,33
3734,3662122000,256905040,2795757704,-734581671,161,33
3735,3662714000,252990427,2908018835,-734581671,161,33
3736,3663307000,249106306,3020279966,-734581671,161,33
3737,3663900000,245245280,3132541097,-734581671,161,33
3738,3664492000,241364021,3244802228,-734581671,161,33
3739,3665085000,237476359,3357063359,-734581671,161,33
3740,3665677000,233565064,3469324490,-838123901,162,34
3741,3666270000,229668085,3581585621,-838123901,162,34
3742,3666863000,225755188,3693846752,-838123901,162,34
3743,3667455000,221887667,3806107883,-838123901,162,34
3744,3668048000,217936751,3918369014,-838123901,162,34
3745,3668641000,214092944,4030630145,-838123901,162,34
3746,3669233000,210145742,4142891276,-838123901,162,34
3747,3669826000,206245859,4255152407,-838123901,162,34
3748,3670419000,202329867,72446242,-838123901,162,34
3749,3671011000,198390043,184707373,-838123901,162,34
3750,3671604000,194475559,296968504,-838123901,162,34
3751,3672197000,190530111,409229635,-838123901,162,34
3752,3672789000,186627291,521490766,-838123901,162,34
3753,3673382000,182679627,633751897,-838123901,162,34
3754,3673974000,178740368,746013028,-838123901,162,34
3755,3674567000,174821141,858274159,-838123901,162,34
3756,3675160000,170913960,970535290,-838123901,162,34
3757,3675752000,166952946,1082796421,-838123901,162,34
3758,3676345000,163003633,1195057552,-838123901,162,34
3759,3676938000,159071052,1307318683,-838123901,162,34
3760,3677530000,155123571,1419579814,-838123901,162,34
3761,3678123000,151167569,1531840945,-838123901,162,34
3762,3678716000,147202845,1644102076,-838123901,162,34
3763,3679308000,143249470,1756363207,-838123901,162,34
3764,3679901000,139312753,1868624338,-838123901,162,34
3765,3680493000,135351170,1980885469,-838123901,162,34
3766,3681086000,131407683,2093146600,-838123901,162,34
3767,3681679000,127446991,2205407731,-838123901,162,34
3768,3682271000,123463528,2317668862,-838123901,162,34
3769,3682864000,119535599,2429929993,-838123901,162,34
3770,3683457000,115545458,2542191124,-838123901,162,34
3771,3684049000,111577602,2654452255,-838123901,162,34
3772,3684642000,107618275,2766713386,-838123901,162,34
3773,3685235000,103621530,2878974517,-838123901,162,34
3774,3685827000,99664817,2991235648,-838123901,162,34
3775,3686420000,95691427,3103496779,-838123901,162,34
3776,3687013000,91720704,3215757910,-838123901,162,34
3777,3687605000,87741415,3328019041,-838123901,162,34
3778,3688198000,83756990,3440280172,-838123901,162,34
3779,3688790000,79775198,3552541303,-924758142,163,35
3780,3689383000,75797517,3664802434,-924758142,163,35
3781,3689976000,71804868,3777063565,-924758142,163,35
3782,3690568000,67895647,3889324696,-924758142,163,35
3783,3691161000,63858066,4001585827,-924758142,163,35
3784,3691754000,59872893,4113846958,-924758142,163,35
3785,3692346000,55900664,4226108089,-924758142,163,35
3786,3692939000,51923357,43401924,-924758142,163,35
3787,3693532000,47912772,155663055,-924758142,163,35
3788,3694124000,43947413,267924186,-924758142,163,35
3789,3694717000,39930436,380185317,-924758142,163,35
3790,3695309000,35946830,492446448,-924758142,163,35
3791,3695902000,31963097,604707579,-924758142,163,35
3792,3696495000,27993496,716968710,-924758142,163,35
3793,3697087000,23981835,829229841,-924758142,163,35
3794,3697680000,20023084,941490972,-924758142,163,35
3795,3698273000,16020028,1053752103,-924758142,163,35
3796,3698865000,12045208,1166013234,-924758142,163,35
3797,3699458000,8037313,1278274365,-924758142,163,35
3798,3700051000,4081120,1390535496,-924758142,163,35
3799,3700643000,44792,1502796627,-924758142,163,35
3800,3701236000,-3927069,1615057758,-924758142,163,35
3801,3701829000,-7907334,1727318889,-924758142,163,35
3802,3702421000,-11880042,1839580020,-924758142,163,35
3803,3703014000,-15899952,1951841151,-924758142,163,35
3804,3703606000,-19893989,2064102282,-924758142,163,35
3805,3704199000,-23885524,2176363413,-924758142,163,35
3806,3704792000,-27874847,2288624544,-924758142,163,35
3807,3705384000,-31847830,2400885675,-924758142,163,35
3808,3705977000,-35841186,2513146806,-924758142,163,35
3809,3706570000,-39846984,2625407937,-924758142,163,35
3810,3707162000,-43798079,2737669068,-924758142,163,35
3811,3707755000,-47808147,2849930199,-924758142,163,35
3812,3708348000,-51742821,2962191330,-924758142,163,35
3813,3708940000,-55763972,3074452461,-924758142,163,35
3814,3709533000,-59727899,3186713592,-924758142,163,35
3815,3710125000,-63729700,3298974723,-924758142,163,35
3816,3710718000,-67708778,3411235854,-924758142,163,35
3817,3711311000,-71715391,3523496985,-992736669,164,36
3818,3711903000,-75681582,3635758116,-992736669,164,36
3819,3712496000,-79656190,3748019247,-992736669,164,36
3820,3713089000,-83644508,3860280378,-992736669,164,36
3821,3713681000,-87624638,3972541509,-992736669,164,36
3822,3714274000,-91568224,4084802640,-992736669,164,36
3823,3714867000,-95560070,4197063771,-992736669,164,36
3824,3715459000,-99524010,14357606,-992736669,164,36
3825,3716052000,-103473091,126618737,-992736669,164,36
3826,3716645000,-107480126,238879868,-992736669,164,36
3827,3717237000,-111466641,351140999,-992736669,164,36
3828,3717830000,-115420532,463402130,-992736669,164,36
3829,3718422000,-119331899,575663261,-992736669,164,36
3830,3719015000,-123337895,687924392,-992736669,164,36
3831,3719608000,-127287709,800185523,-992736669,164,36
3832,3720200000,-131263125,912446654,-992736669,164,36
3833,3720793000,-135191598,1024707785,-992736669,164,36
3834,3721386000,-139154184,1136968916,-992736669,164,36
3835,3721978000,-143137852,1249230047,-992736669,164,36
3836,3722571000,-147087104,1361491178,-992736669,164,36
3837,3723164000,-151020644,1473752309,-992736669,164,36
3838,3723756000,-154996283,1586013440,-992736669,164,36
3839,3724349000,-158937004,1698274571,-992736669,164,36
3840,3724941000,-162878265,1810535702,-992736669,164,36
3841,3725534000,-166816913,1922796833,-992736669,164,36
3842,3726127000,-170764779,2035057964,-992736669,164,36
3843,3726719000,-174677692,2147319095,-992736669,164,36
3844,3727312000,-178624515,2259580226,-992736669,164,36
3845,3727905000,-182571421,2371841357,-992736669,164,36
3846,3728497000,-186500846,2484102488,-992736669,164,36
3847,3729090000,-190418957,2596363619,-992736669,164,36
3848,3729683000,-194351469,2708624750,-992736669,164,36
3849,3730275000,-198298124,2820885881,-992736669,164,36
3850,3730868000,-202186387,2933147012,-992736669,164,36
3851,3731461000,-206099765,3045408143,-992736669,164,36
3852,3732053000,-210025487,3157669274,-992736669,164,36
3853,3732646000,-213953423,3269930405,-992736669,164,36
3854,3733238000,-217848462,3382191536,-992736669,164,36
3855,3733831000,-221750118,3494452667,-1040688107,165,37
3856,3734424000,-225639693,3606713798,-1040688107,165,37
3857,3735016000,-229558246,3718974929,-1040688107,165,37
3858,3735609000,-233445199,3831236060,-1040688107,165,37
3859,3736202000,-237324494,3943497191,-1040688107,165,37
3860,3736794000,-241209823,4055758322,-1040688107,165,37
3861,3737387000,-245133978,4168019453,-1040688107,165,37
3862,3737980000,-249013811,4280280584,-1040688107,165,37
3863,3738572000,-252869888,97574419,-1040688107,165,37
3864,3739165000,-256731816,209835550,-1040688107,165,37
3865,3739757000,-260651826,322096681,-1040688107,165,37
3866,3740350000,-264490111,434357812,-1040688107,165,37
3867,3740943000,-268338604,546618943,-1040688107,165,37
3868,3741535000,-272214572,658880074,-1040688107,165,37
3869,3742128000,-276074602,771141205,-1040688107,165,37
3870,3742721000,-279922396,883402336,-1040688107,165,37
3871,3743313000,-283775107,995663467,-1040688107,165,37
3872,3743906000,-287617066,1107924598,-1040688107,165,37
3873,3744499000,-291457723,1220185729,-1040688107,165,37
3874,3745091000,-295296082,1332446860,-1040688107,165,37
3875,3745684000,-299126998,1444707991,-1040688107,165,37
3876,3746277000,-302973175,1556969122,-1040688107,165,37
3877,3746869000,-306787398,1669230253,-1040688107,165,37
3878,3747462000,-310607473,1781491384,-1040688107,165,37
3879,3748054000,-314411471,1893752515,-1040688107,165,37
3880,3748647000,-318252555,2006013646,-1040688107,165,37
3881,3749240000,-322072366,2118274777,-1040688107,165,37
3882,3749832000,-325841994,2230535908,-1040688107,165,37
3883,3750425000,-329612796,2342797039,-1040688107,165,37
3884,3751018000,-333407814,2455058170,-1040688107,165,37
3885,3751610000,-337247717,2567319301,-1040688107,165,37
3886,3752203000,-341008504,2679580432,-1040688107,165,37
3887,3752796000,-344777329,2791841563,-1040688107,165,37
3888,3753388000,-348564635,2904102694,-1040688107,165,37
3889,3753981000,-352343722,3016363825,-1040688107,165,37
3890,3754573000,-356109436,3128624956,-1040688107,165,37
3891,3755166000,-359868687,3240886087,-1040688107,165,37
3892,3755759000,-363617393,3353147218,-1040688107,165,37
3893,3756351000,-367413556,3465408349,-1067645104,166,38
3894,3756944000,-371163256,3577669480,-1067645104,166,38
3895,3757537000,-374857903,3689930611,-1067645104,166,38
3896,3758129000,-378571489,3802191742,-1067645104,166,38
3897,3758722000,-382362961,3914452873,-1067645104,166,38
3898,3759315000,-386045801,4026714004,-1067645104,166,38
3899,3759907000,-389791967,4138975135,-1067645104,166,38
3900,3760500000,-393472119,4251236266,-1067645104,166,38
3901,3761093000,-397184988,68530101,-1067645104,166,38
3902,3761685000,-400900640,180791232,-1067645104,166,38
3903,3762278000,-404618496,293052363,-1067645104,166,38
3904,3762870000,-408325710,405313494,-1067645104,166,38
3905,3763463000,-412001365,517574625,-1067645104,166,38
3906,3764056000,-415675986,629835756,-1067645104,166,38
3907,3764648000,-419355154,742096887,-1067645104,166,38
3908,3765241000,-423013994,854358018,-1067645104,166,38
3909,3765834000,-426669106,966619149,-1067645104,166,38
3910,3766426000,-430349047,1078880280,-1067645104,166,38
3911,3767019000,-433992260,1191141411,-1067645104,166,38
3912,3767612000,-437626596,1303402542,-1067645104,166,38
3913,3768204000,-441261497,1415663673,-1067645104,166,38
3914,3768797000,-444924828,1527924804,-1067645104,166,38
3915,3769389000,-448534340,1640185935,-1067645104,166,38
3916,3769982000,-452180910,1752447066,-1067645104,166,38
3917,3770575000,-455768098,1864708197,-1067645104,166,38
3918,3771167000,-459373312,1976969328,-1067645104,166,38
3919,3771760000,-462970222,2089230459,-1067645104,166,38
3920,3772353000,-466576219,2201491590,-1067645104,166,38
3921,3772945000,-470184169,2313752721,-1067645104,166,38
3922,3773538000,-473752664,2426013852,-1067645104,166,38
3923,3774131000,-477346764,2538274983,-1067645104,166,38
3924,3774723000,-480899836,2650536114,-1067645104,166,38
3925,3775316000,-484453923,2762797245,-1067645104,166,38
3926,3775909000,-488048217,2875058376,-1067645104,166,38
3927,3776501000,-491577045,2987319507,-1067645104,166,38
3928,3777094000,-495136669,3099580638,-1067645104,166,38
3929,3777686000,-498658456,3211841769,-1067645104,166,38
3930,3778279000,-502214570,3324102900,-1067645104,166,38
3931,3778872000,-505719002,3436364031,-1073063839,167,39
3932,3779464000,-509242815,3548625162,-1073063839,167,39
3933,3780057000,-512738036,3660886293,-1073063839,167,39
3934,3780650000,-516241868,3773147424,-1073063839,167,39
3935,3781242000,-519730089,3885408555,-1073063839,167,39
3936,3781835000,-523206761,3997669686,-1073063839,167,39
3937,3782428000,-526727258,4109930817,-1073063839,167,39
3938,3783020000,-530172282,4222191948,-1073063839,167,39
3939,3783613000,-533643761,39485783,-1073063839,167,39
3940,3784205000,-537093066,151746914,-1073063839,167,39
3941,3784798000,-540525975,264008045,-1073063839,167,39
3942,3785391000,-544006924,376269176,-1073063839,167,39
3943,3785983000,-547440953,488530307,-1073063839,167,39
3944,3786576000,-550855965,600791438,-1073063839,167,39
3945,3787169000,-554281728,713052569,-1073063839,167,39
3946,3787761000,-557699119,825313700,-1073063839,167,39
3947,3788354000,-561082931,937574831,-1073063839,167,39
3948,3788947000,-564487294,1049835962,-1073063839,167,39
3949,3789539000,-567867136,1162097093,-1073063839,167,39
3950,3790132000,-571265689,1274358224,-1073063839,167,39
3951,3790725000,-574615639,1386619355,-1073063839,167,39
3952,3791317000,-578021211,1498880486,-1073063839,167,39
3953,3791910000,-581369282,1611141617,-1073063839,167,39
3954,3792502000,-584689822,1723402748,-1073063839,167,39
3955,3793095000,-588041254,1835663879,-1073063839,167,39
3956,3793688000,-591404435,1947925010,-1073063839,167,39
3957,3794280000,-594718740,2060186141,-1073063839,167,39
3958,3794873000,-598050150,2172447272,-1073063839,167,39
3959,3795466000,-601339345,2284708403,-1073063839,167,39
3960,3796058000,-604629102,2396969534,-1073063839,167,39
3961,3796651000,-607922966,2509230665,-1073063839,167,39
3962,3797244000,-611222662,2621491796,-1073063839,167,39
3963,3797836000,-614487360,2733752927,-1073063839,167,39
3964,3798429000,-617765473,2846014058,-1073063839,167,39
3965,3799021000,-621020780,2958275189,-1073063839,167,39
3966,3799614000,-624271106,3070536320,-1073063839,167,39
3967,3800207000,-627520690,3182797451,-1073063839,167,39
3968,3800799000,-630768030,3295058582,-1073063839,167,39
3969,3801392000,-633990206,3407319713,-1056834997,168,40
3970,3801985000,-637203648,3519580844,-1056834997,168,40
3971,3802577000,-640408414,3631841975,-1056834997,168,40
3972,3803170000,-643581484,3744103106,-1056834997,168,40
3973,3803763000,-646803742,3856364237,-1056834997,168,40
3974,3804355000,-649948115,3968625368,-1056834997,168,40
3975,3804948000,-653136520,4080886499,-1056834997,168,40
3976,3805541000,-656301112,4193147630,-1056834997,168,40
3977,3806133000,-659424750,10441465,-1056834997,168,40
3978,3806726000,-662574058,122702596,-1056834997,168,40
3979,3807318000,-665726724,234963727,-1056834997,168,40
3980,3807911000,-668877247,347224858,-1056834997,168,40
3981,3808504000,-671985366,459485989,-1056834997,168,40
3982,3809096000,-675046705,571747120,-1056834997,168,40
3983,3809689000,-678188172,684008251,-1056834997,168,40
3984,3810282000,-681270991,796269382,-1056834997,168,40
3985,3810874000,-684364426,908530513,-1056834997,168,40
3986,3811467000,-687378196,1020791644,-1056834997,168,40
3987,3812060000,-690457851,1133052775,-1056834997,168,40
3988,3812652000,-693530340,1245313906,-1056834997,168,40
3989,3813245000,-696563962,1357575037,-1056834997,168,40
3990,3813837000,-699578925,1469836168,-1056834997,168,40
3991,3814430000,-702615146,1582097299,-1056834997,168,40
3992,3815023000,-705626992,1694358430,-1056834997,168,40
3993,3815615000,-708637583,1806619561,-1056834997,168,40
3994,3816208000,-711629292,1918880692,-1056834997,168,40
3995,3816801000,-714588213,2031141823,-1056834997,168,40
3996,3817393000,-717579834,2143402954,-1056834997,168,40
3997,3817986000,-720522558,2255664085,-1056834997,168,40
3998,3818579000,-723507422,2367925216,-1056834997,168,40
3999,3819171000,-726445724,2480186347,-1056834997,168,40
4000,3819764000,-729359443,2592447478,-1056834997,168,40
4001,3820357000,-732289993,2704708609,-1056834997,168,40
4002,3820949000,-735199850,2816969740,-1056834997,168,40
4003,3821542000,-738090825,2929230871,-1056834997,168,40
4004,3822134000,-740996712,3041492002,-1056834997,168,40
4005,3822727000,-743872301,3153753133,-1056834997,168,40
4006,3823320000,-746783874,3266014264,-1056834997,168,40
4007,3823912000,-749617213,3378275395,-1056834997,168,40
4008,3824505000,-752477941,3490536526,-1019285972,169,41
4009,3825098000,-755304150,3602797657,-1019285972,169,41
4010,3825690000,-758130143,3715058788,-1019285972,169,41
4011,3826283000,-760963563,3827319919,-1019285972,169,41
4012,3826876000,-763775329,3939581050,-1019285972,169,41
4013,3827468000,-766577386,4051842181,-1019285972,169,41
4014,3828061000,-769369294,4164103312,-1019285972,169,41
4015,3828653000,-772156588,4276364443,-1019285972,169,41
4016,3829246000,-774876719,93658278,-1019285972,169,41
4017,3829839000,-777663950,205919409,-1019285972,169,41
4018,3830431000,-780425387,318180540,-1019285972,169,41
4019,3831024000,-783143354,430441671,-1019285972,169,41
4020,3831617000,-785851029,542702802,-1019285972,169,41
4021,3832209000,-788579623,654963933,-1019285972,169,41
4022,3832802000,-791272287,767225064,-1019285972,169,41
4023,3833395000,-793966775,879486195,-1019285972,169,41
4024,3833987000,-796639512,991747326,-1019285972,169,41
4025,3834580000,-799291418,1104008457,-1019285972,169,41
4026,3835173000,-801966563,1216269588,-1019285972,169,41
4027,3835765000,-804594452,1328530719,-1019285972,169,41
4028,3836358000,-807275898,1440791850,-1019285972,169,41
4029,3836950000,-809884951,1553052981,-1019285972,169,41
4030,3837543000,-812491052,1665314112,-1019285972,169,41
4031,3838136000,-815112688,1777575243,-1019285972,169,41
4032,3838728000,-817695936,1889836374,-1019285972,169,41
4033,3839321000,-820269385,2002097505,-1019285972,169,41
4034,3839914000,-822846927,2114358636,-1019285972,169,41
4035,3840506000,-825400640,2226619767,-1019285972,169,41
4036,3841099000,-827939968,2338880898,-1019285972,169,41
4037,3841692000,-830462403,2451142029,-1019285972,169,41
4038,3842284000,-833013376,2563403160,-1019285972,169,41
4039,3842877000,-835493433,2675664291,-1019285972,169,41
4040,3843469000,-838036950,2787925422,-1019285972,169,41
4041,3844062000,-840521072,2900186553,-1019285972,169,41
4042,3844655000,-842973111,3012447684,-1019285972,169,41
4043,3845247000,-845421672,3124708815,-1019285972,169,41
4044,3845840000,-847886647,3236969946,-1019285972,169,41
4045,3846433000,-850341290,3349231077,-1019285972,169,41
4046,3847025000,-852774923,3461492208,-961174264,170,42
4047,3847618000,-855212674,3573753339,-961174264,170,42
4048,3848211000,-857607072,3686014470,-961174264,170,42
4049,3848803000,-859999851,3798275601,-961174264,170,42
4050,3849396000,-862406840,3910536732,-961174264,170,42
4051,3849989000,-864731827,4022797863,-961174264,170,42
4052,3850581000,-867140459,4135058994,-961174264,170,42
4053,3851174000,-869446343,4247320125,-961174264,170,42
4054,3851766000,-871750026,64613960,-961174264,170,42
4055,3852359000,-874105011,176875091,-961174264,170,42
4056,3852952000,-876420663,289136222,-961174264,170,42
4057,3853544000,-878745570,401397353,-961174264,170,42
4058,3854137000,-881001375,513658484,-961174264,170,42
4059,3854730000,-883273742,625919615,-961174264,170,42
4060,3855322000,-885561198,738180746,-961174264,170,42
4061,3855915000,-887799769,850441877,-961174264,170,42
4062,3856508000,-890003106,962703008,-961174264,170,42
4063,3857100000,-892267062,1074964139,-961174264,170,42
4064,3857693000,-894461523,1187225270,-961174264,170,42
4065,3858285000,-896658824,1299486401,-961174264,170,42
4066,3858878000,-898856927,1411747532,-961174264,170,42
4067,3859471000,-901045415,1524008663,-961174264,170,42
4068,3860063000,-903187901,1636269794,-961174264,170,42
4069,3860656000,-905371434,1748530925,-961174264,170,42
4070,3861249000,-907496102,1860792056,-961174264,170,42
4071,3861841000,-909596726,1973053187,-961174264,170,42
4072,3862434000,-911732678,2085314318,-961174264,170,42
4073,3863027000,-913835528,2197575449,-961174264,170,42
4074,3863619000,-915940174,2309836580,-961174264,170,42
4075,3864212000,-918012278,2422097711,-961174264,170,42
4076,3864805000,-920047148,2534358842,-961174264,170,42
4077,3865397000,-922125587,2646619973,-961174264,170,42
4078,3865990000,-924139042,2758881104,-961174264,170,42
4079,3866582000,-926219528,2871142235,-961174264,170,42
4080,3867175000,-928179211,2983403366,-961174264,170,42
4081,3867768000,-930195429,3095664497,-961174264,170,42
4082,3868360000,-932169100,3207925628,-961174264,170,42
4083,3868953000,-934182416,3320186759,-961174264,170,42
4084,3869546000,-936096262,3432447890,-883672196,171,43
4085,3870138000,-938062204,3544709021,-883672196,171,43
4086,3870731000,-939980775,3656970152,-883672196,171,43
4087,3871324000,-941895459,3769231283,-883672196,171,43
4088,3871916000,-943833710,3881492414,-883672196,171,43
4089,3872509000,-945716922,3993753545,-883672196,171,43
4090,3873101000,-947598218,4106014676,-883672196,171,43
4091,3873694000,-949476865,4218275807,-883672196,171,43
4092,3874287000,-951336523,35569642,-883672196,171,43
4093,3874879000,-953151303,147830773,-883672196,171,43
4094,3875472000,-954975751,260091904,-883672196,171,43
4095,3876065000,-956847985,372353035,-883672196,171,43
4096,3876657000,-958632298,484614166,-883672196,171,43
4097,3877250000,-960417876,596875297,-883672196,171,43
4098,3877843000,-962165108,709136428,-883672196,171,43
4099,3878435000,-963981788,821397559,-883672196,171,43
4100,3879028000,-965717494,933658690,-883672196,171,43
4101,3879621000,-967448022,1045919821,-883672196,171,43
4102,3880213000,-969160048,1158180952,-883672196,171,43
4103,3880806000,-970895399,1270442083,-883672196,171,43
4104,3881398000,-972551873,1382703214,-883672196,171,43
4105,3881991000,-974263834,1494964345,-883672196,171,43
4106,3882584000,-975925887,1607225476,-883672196,171,43
4107,3883176000,-977558167,1719486607,-883672196,171,43
4108,3883769000,-979202751,1831747738,-883672196,171,43
4109,3884362000,-980859344,1944008869,-883672196,171,43
4110,3884954000,-982472030,2056270000,-883672196,171,43
4111,3885547000,-984073709,2168531131,-883672196,171,43
4112,3886140000,-985650157,2280792262,-883672196,171,43
4113,3886732000,-987225291,2393053393,-883672196,171,43
4114,3887325000,-988786039,2505314524,-883672196,171,43
4115,3887917000,-990342522,2617575655,-883672196,171,43
4116,3888510000,-991886207,2729836786,-883672196,171,43
4117,3889103000,-993414688,2842097917,-883672196,171,43
4118,3889695000,-994932770,2954359048,-883672196,171,43
4119,3890288000,-996426941,3066620179,-883672196,171,43
4120,3890881000,-997898850,3178881310,-883672196,171,43
4121,3891473000,-999386833,3291142441,-883672196,171,43
4122,3892066000,-1000804124,3403403572,-788343265,172,44
4123,3892659000,-1002260114,3515664703,-788343265,172,44
4124,3893251000,-1003673288,3627925834,-788343265,172,44
4125,3893844000,-1005082348,3740186965,-788343265,172,44
4126,3894437000,-1006483880,3852448096,-788343265,172,44
4127,3895029000,-1007845765,3964709227,-788343265,172,44
4128,3895622000,-1009241558,4076970358,-788343265,172,44
4129,3896214000,-1010583842,4189231489,-788343265,172,44
4130,3896807000,-1011946862,6525324,-788343265,172,44
4131,3897400000,-1013264764,118786455,-788343265,172,44
4132,3897992000,-1014578062,231047586,-788343265,172,44
4133,3898585000,-1015885113,343308717,-788343265,172,44
4134,3899178000,-1017194612,455569848,-788343265,172,44
4135,3899770000,-1018419395,567830979,-788343265,172,44
4136,3900363000,-1019684288,680092110,-788343265,172,44
4137,3900956000,-1020902116,792353241,-788343265,172,44
4138,3901548000,-1022157111,904614372,-788343265,172,44
4139,3902141000,-1023356020,1016875503,-788343265,172,44
4140,3902733000,-1024595055,1129136634,-788343265,172,44
4141,3903326000,-1025746674,1241397765,-788343265,172,44
4142,3903919000,-1026914366,1353658896,-788343265,172,44
4143,3904511000,-1028112292,1465920027,-788343265,172,44
4144,3905104000,-1029237385,1578181158,-788343265,172,44
4145,3905697000,-1030344686,1690442289,-788343265,172,44
4146,3906289000,-1031459297,1802703420,-788343265,172,44
4147,3906882000,-1032575635,1914964551,-788343265,172,44
4148,3907475000,-1033659917,2027225682,-788343265,172,44
4149,3908067000,-1034741854,2139486813,-788343265,172,44
4150,3908660000,-1035786229,2251747944,-788343265,172,44
4151,3909253000,-1036838427,2364009075,-788343265,172,44
4152,3909845000,-1037878741,2476270206,-788343265,172,44
4153,3910438000,-1038866018,2588531337,-788343265,172,44
4154,3911030000,-1039885368,2700792468,-788343265,172,44
4155,3911623000,-1040854708,2813053599,-788343265,172,44
4156,3912216000,-1041851198,2925314730,-788343265,172,44
4157,3912808000,-1042786336,3037575861,-788343265,172,44
4158,3913401000,-1043742939,3149836992,-788343265,172,44
4159,3913994000,-1044702074,3262098123,-788343265,172,44
4160,3914586000,-1045592811,3374359254,-677110601,173,45
4161,3915179000,-1046477047,3486620385,-677110601,173,45
4162,3915772000,-1047400285,3598881516,-677110601,173,45
4163,3916364000,-1048256490,3711142647,-677110601,173,45
4164,3916957000,-1049111988,3823403778,-677110601,173,45
4165,3917549000,-1049941529,3935664909,-677110601,173,45
4166,3918142000,-1050770118,4047926040,-677110601,173,45
4167,3918735000,-1051577865,4160187171,-677110601,173,45
4168,3919327000,-1052416928,4272448302,-677110601,173,45
4169,3919920000,-1053151656,89742137,-677110601,173,45
4170,3920513000,-1053965364,202003268,-677110601,173,45
4171,3921105000,-1054717382,314264399,-677110601,173,45
4172,3921698000,-1055455641,426525530,-677110601,173,45
4173,3922291000,-1056168673,538786661,-677110601,173,45
4174,3922883000,-1056884674,651047792,-677110601,173,45
4175,3923476000,-1057566718,763308923,-677110601,173,45
4176,3924069000,-1058254210,875570054,-677110601,173,45
4177,3924661000,-1058935427,987831185,-677110601,173,45
4178,3925254000,-1059556490,1100092316,-677110601,173,45
4179,3925846000,-1060226918,1212353447,-677110601,173,45
4180,3926439000,-1060838989,1324614578,-677110601,173,45
4181,3927032000,-1061469267,1436875709,-677110601,173,45
4182,3927624000,-1062053047,1549136840,-677110601,173,45
4183,3928217000,-1062650398,1661397971,-677110601,173,45
4184,3928810000,-1063198177,1773659102,-677110601,173,45
4185,3929402000,-1063750209,1885920233,-677110601,173,45
4186,3929995000,-1064272911,1998181364,-677110601,173,45
4187,3930588000,-1064800001,2110442495,-677110601,173,45
4188,3931180000,-1065291805,2222703626,-677110601,173,45
4189,3931773000,-1065800538,2334964757,-677110601,173,45
4190,3932365000,-1066263666,2447225888,-677110601,173,45
4191,3932958000,-1066738187,2559487019,-677110601,173,45
4192,3933551000,-1067155207,2671748150,-677110601,173,45
4193,3934143000,-1067627621,2784009281,-677110601,173,45
4194,3934736000,-1068047660,2896270412,-677110601,173,45
4195,3935329000,-1068420952,3008531543,-677110601,173,45
4196,3935921000,-1068815472,3120792674,-677110601,173,45
4197,3936514000,-1069209158,3233053805,-677110601,173,45
4198,3937107000,-1069572513,3345314936,-677110601,173,45
4199,3937699000,-1069926021,3457576067,-552218167,174,46
4200,3938292000,-1070244336,3569837198,-552218167,174,46
4201,3938885000,-1070555628,3682098329,-552218167,174,46
4202,3939477000,-1070863951,3794359460,-552218167,174,46
4203,3940070000,-1071149635,3906620591,-552218167,174,46
4204,3940662000,-1071395510,4018881722,-552218167,174,46
4205,3941255000,-1071668660,4131142853,-552218167,174,46
4206,3941848000,-1071911657,4243403984,-552218167,174,46
4207,3942440000,-1072128886,60697819,-552218167,174,46
4208,3943033000,-1072332299,172958950,-552218167,174,46
4209,3943626000,-1072543537,285220081,-552218167,174,46
4210,3944218000,-1072759181,397481212,-552218167,174,46
4211,3944811000,-1072880844,509742343,-552218167,174,46
4212,3945404000,-1073046035,622003474,-552218167,174,46
4213,3945996000,-1073189165,734264605,-552218167,174,46
4214,3946589000,-1073304453,846525736,-552218167,174,46
4215,3947181000,-1073375565,958786867,-552218167,174,46
4216,3947774000,-1073516650,1071047998,-552218167,174,46
4217,3948367000,-1073578421,1183309129,-552218167,174,46
4218,3948959000,-1073636476,1295570260,-552218167,174,46
4219,3949552000,-1073697302,1407831391,-552218167,174,46
4220,3950145000,-1073708088,1520092522,-552218167,174,46
4221,3950737000,-1073751288,1632353653,-552218167,174,46
4222,3951330000,-1073756336,1744614784,-552218167,174,46
4223,3951923000,-1073771567,1856875915,-552218167,174,46
4224,3952515000,-1073699316,1969137046,-552218167,174,46
4225,3953108000,-1073681031,2081398177,-552218167,174,46
4226,3953701000,-1073608249,2193659308,-552218167,174,46
4227,3954293000,-1073579244,2305920439,-552218167,174,46
4228,3954886000,-1073486328,2418181570,-552218167,174,46
4229,3955478000,-1073361330,2530442701,-552218167,174,46
4230,3956071000,-1073250989,2642703832,-552218167,174,46
4231,3956664000,-1073103940,2754964963,-552218167,174,46
4232,3957256000,-1072980437,2867226094,-552218167,174,46
4233,3957849000,-1072812327,2979487225,-552218167,174,46
4234,3958442000,-1072653082,3091748356,-552218167,174,46
4235,3959034000,-1072462489,3204009487,-552218167,174,46
4236,3959627000,-1072261712,3316270618,-552218167,174,46
4237,3960220000,-1072008975,3428531749,-416185497,175,47
4238,3960812000,-1071796994,3540792880,-416185497,175,47
4239,3961405000,-1071540531,3653054011,-416185497,175,47
4240,3961997000,-1071266161,3765315142,-416185497,175,47
4241,3962590000,-1071016657,3877576273,-416185497,175,47
4242,3963183000,-1070730204,3989837404,-416185497,175,47
4243,3963775000,-1070415232,4102098535,-416185497,175,47
4244,3964368000,-1070107667,4214359666,-416185497,175,47
4245,3964961000,-1069786950,31653501,-416185497,175,47
4246,3965553000,-1069407731,143914632,-416185497,175,47
4247,3966146000,-1069034645,256175763,-416185497,175,47
4248,3966739000,-1068648705,368436894,-416185497,175,47
4249,3967331000,-1068256106,480698025,-416185497,175,47
4250,3967924000,-1067875870,592959156,-416185497,175,47
4251,3968517000,-1067387371,705220287,-416185497,175,47
4252,3969109000,-1067025242,817481418,-416185497,175,47
4253,3969702000,-1066551162,929742549,-416185497,175,47
4254,3970294000,-1066082351,1042003680,-416185497,175,47
4255,3970887000,-1065604860,1154264811,-416185497,175,47
4256,3971480000,-1065092539,1266525942,-416185497,175,47
4257,3972072000,-1064581073,1378787073,-416185497,175,47
4258,3972665000,-1064041614,1491048204,-416185497,175,47
4259,3973258000,-1063490902,1603309335,-416185497,175,47
4260,3973850000,-1062923316,1715570466,-416185497,175,47
4261,3974443000,-1062374070,1827831597,-416185497,175,47
4262,3975036000,-1061790866,1940092728,-416185497,175,47
4263,3975628000,-1061169359,2052353859,-416185497,175,47
4264,3976221000,-1060577249,2164614990,-416185497,175,47
4265,3976813000,-1059910156,2276876121,-416185497,175,47
4266,3977406000,-1059303122,2389137252,-416185497,175,47
4267,3977999000,-1058623745,2501398383,-416185497,175,47
4268,3978591000,-1057964663,2613659514,-416185497,175,47
4269,3979184000,-1057267929,2725920645,-416185497,175,47
4270,3979777000,-1056555083,2838181776,-416185497,175,47
4271,3980369000,-1055853648,2950442907,-416185497,175,47
4272,3980962000,-1055112043,3062704038,-416185497,175,47
4273,3981555000,-1054372381,3174965169,-416185497,175,47
4274,3982147000,-1053594647,3287226300,-416185497,175,47
4275,3982740000,-1052808950,3399487431,-271756860,176,48
4276,3983333000,-1052035284,3511748562,-271756860,176,48
4277,3983925000,-1051207089,3624009693,-271756860,176,48
4278,3984518000,-1050405890,3736270824,-271756860,176,48
4279,3985110000,-1049568638,3848531955,-271756860,176,48
4280,3985703000,-1048714968,3960793086,-271756860,176,48
4281,3986296000,-1047861477,4073054217,-271756860,176,48
4282,3986888000,-1046966083,4185315348,-271756860,176,48
4283,3987481000,-1046107675,2609183,-271756860,176,48
4284,3988074000,-1045208302,114870314,-271756860,176,48
4285,3988666000,-1044267628,227131445,-271756860,176,48
4286,3989259000,-1043327597,339392576,-271756860,176,48
4287,3989852000,-1042421136,451653707,-271756860,176,48
4288,3990444000,-1041418305,563914838,-271756860,176,48
4289,3991037000,-1040435588,676175969,-271756860,176,48
4290,3991629000,-1039431336,788437100,-271756860,176,48
4291,3992222000,-1038419842,900698231,-271756860,176,48
4292,3992815000,-1037390428,1012959362,-271756860,176,48
4293,3993407000,-1036411208,1125220493,-271756860,176,48
4294,3994000000,-1035328923,1237481624,-271756860,176,48
4295,3994593000,-1034263678,1349742755,-271756860,176,48
4296,3995185000,-1033198363,1462003886,-271756860,176,48
4297,3995778000,-1032074563,1574265017,-271756860,176,48
4298,3996371000,-1030949198,1686526148,-271756860,176,48
4299,3996963000,-1029837497,1798787279,-271756860,176,48
4300,3997556000,-1028710538,1911048410,-271756860,176,48
4301,3998149000,-1027561500,2023309541,-271756860,176,48
4302,3998741000,-1026392348,2135570672,-271756860,176,48
4303,3999334000,-1025233191,2247831803,-271756860,176,48
4304,3999926000,-1024027446,2360092934,-271756860,176,48
4305,4000519000,-1022805981,2472354065,-271756860,176,48
4306,4001112000,-1021588200,2584615196,-271756860,176,48
4307,4001704000,-1020393357,2696876327,-271756860,176,48
4308,4002297000,-1019120181,2809137458,-271756860,176,48
4309,4002890000,-1017860542,2921398589,-271756860,176,48
4310,4003482000,-1016554641,3033659720,-271756860,176,48
4311,4004075000,-1015292993,3145920851,-271756860,176,48
4312,4004668000,-1014002200,3258181982,-271756860,176,48
4313,4005260000,-1012644249,3370443113,-121845905,177,49
4314,4005853000,-1011334205,3482704244,-121845905,177,49
4315,4006445000,-1009991894,3594965375,-121845905,177,49
4316,4007038000,-1008592789,3707226506,-121845905,177,49
4317,4007631000,-1007264747,3819487637,-121845905,177,49
4318,4008223000,-1005869418,3931748768,-121845905,177,49
4319,4008816000,-1004443155,4044009899,-121845905,177,49
4320,4009409000,-1003023449,4156271030,-121845905,177,49
4321,4010001000,-1001627982,4268532161,-121845905,177,49
4322,4010594000,-1000170949,85825996,-121845905,177,49
4323,4011187000,-998709974,198087127,-121845905,177,49
4324,4011779000,-997221050,310348258,-121845905,177,49
4325,4012372000,-995759310,422609389,-121845905,177,49
4326,4012965000,-994253513,534870520,-121845905,177,49
4327,4013557000,-992721843,647131651,-121845905,177,49
4328,4014150000,-991213511,759392782,-121845905,177,49
4329,4014742000,-989671349,871653913,-121845905,177,49
4330,4015335000,-988103484,983915044,-121845905,177,49
4331,4015928000,-986547370,1096176175,-121845905,177,49
4332,4016520000,-984951633,1208437306,-121845905,177,49
4333,4017113000,-983349824,1320698437,-121845905,177,49
4334,4017706000,-981758202,1432959568,-121845905,177,49
4335,4018298000,-980137341,1545220699,-121845905,177,49
4336,4018891000,-978488785,1657481830,-121845905,177,49
4337,4019484000,-976854141,1769742961,-121845905,177,49
4338,4020076000,-975192884,1882004092,-121845905,177,49
4339,4020669000,-973500450,1994265223,-121845905,177,49
4340,4021261000,-971806373,2106526354,-121845905,177,49
4341,4021854000,-970101959,2218787485,-121845905,177,49
4342,4022447000,-968386506,2331048616,-121845905,177,49
4343,4023039000,-966664915,2443309747,-121845905,177,49
4344,4023632000,-964923041,2555570878,-121845905,177,49
4345,4024225000,-963162832,2667832009,-121845905,177,49
4346,4024817000,-961408181,2780093140,-121845905,177,49
4347,4025410000,-959602918,2892354271,-121845905,177,49
4348,4026003000,-957787668,3004615402,-121845905,177,49
4349,4026595000,-956013702,3116876533,-121845905,177,49
4350,4027188000,-954199499,3229137664,-121845905,177,49
4351,4027781000,-952326221,3341398795,30523122,178,50
4352,4028373000,-950484259,3453659926,30523122,178,50
4353,4028966000,-948630192,3565921057,30523122,178,50
4354,4029558000,-946757908,3678182188,30523122,178,50
4355,4030151000,-944863894,3790443319,30523122,178,50
4356,4030744000,-942988504,3902704450,30523122,178,50
4357,4031336000,-941050425,4014965581,30523122,178,50
4358,4031929000,-939128088,4127226712,30523122,178,50
4359,4032522000,-937186384,4239487843,30523122,178,50
4360,4033114000,-935229477,56781678,30523122,178,50
4361,4033707000,-933249370,169042809,30523122,178,50
4362,4034300000,-931265661,281303940,30523122,178,50
4363,4034892000,-929292720,393565071,30523122,178,50
4364,4035485000,-927293401,505826202,30523122,178,50
4365,4036077000,-925290698,618087333,30523122,178,50
4366,4036670000,-923222418,730348464,30523122,178,50
4367,4037263000,-921207309,842609595,30523122,178,50
4368,4037855000,-919099162,954870726,30523122,178,50
4369,4038448000,-917070777,1067131857,30523122,178,50
4370,4039041000,-914995253,1179392988,30523122,178,50
4371,4039633000,-912884065,1291654119,30523122,178,50
4372,4040226000,-910789563,1403915250,30523122,178,50
4373,4040819000,-908666325,1516176381,30523122,178,50
4374,4041411000,-906551994,1628437512,30523122,178,50
4375,4042004000,-904382800,1740698643,30523122,178,50
4376,4042597000,-902260191,1852959774,30523122,178,50
4377,4043189000,-900047118,1965220905,30523122,178,50
4378,4043782000,-897860322,2077482036,30523122,178,50
4379,4044374000,-895685113,2189743167,30523122,178,50
4380,4044967000,-893468037,2302004298,30523122,178,50
4381,4045560000,-891256423,2414265429,30523122,178,50
4382,4046152000,-889009617,2526526560,30523122,178,50
4383,4046745000,-886788004,2638787691,30523122,178,50
4384,4047338000,-884497138,2751048822,30523122,178,50
4385,4047930000,-882257320,2863309953,30523122,178,50
4386,4048523000,-879986890,2975571084,30523122,178,50
4387,4049116000,-877688220,3087832215,30523122,178,50
4388,4049708000,-875387121,3200093346,30523122,178,50
4389,4050301000,-873066120,3312354477,182276387,179,51
4390,4050893000,-870721570,3424615608,182276387,179,51
4391,4051486000,-868401150,3536876739,182276387,179,51
4392,4052079000,-866034922,3649137870,182276387,179,51
4393,4052671000,-863683239,3761399001,182276387,179,51
4394,4053264000,-861315020,3873660132,182276387,179,51
4395,4053857000,-858919725,3985921263,182276387,179,51
4396,4054449000,-856516022,4098182394,182276387,179,51
4397,4055042000,-854095445,4210443525,182276387,179,51
4398,4055635000,-851699608,27737360,182276387,179,51
4399,4056227000,-849251322,139998491,182276387,179,51
4400,4056820000,-846789619,252259622,182276387,179,51
4401,4057413000,-844334081,364520753,182276387,179,51
4402,4058005000,-841854660,476781884,182276387,179,51
4403,4058598000,-839416794,589043015,182276387,179,51
4404,4059190000,-836891373,701304146,182276387,179,51
4405,4059783000,-834420714,813565277,182276387,179,51
4406,4060376000,-831887862,925826408,182276387,179,51
4407,4060968000,-829359369,1038087539,182276387,179,51
4408,4061561000,-826845782,1150348670,182276387,179,51
4409,4062154000,-824257829,1262609801,182276387,179,51
4410,4062746000,-821686275,1374870932,182276387,179,51
4411,4063339000,-819090291,1487132063,182276387,179,51
4412,4063932000,-816507523,1599393194,182276387,179,51
4413,4064524000,-813926977,1711654325,182276387,179,51
4414,4065117000,-811342643,1823915456,182276387,179,51
4415,4065709000,-808705497,1936176587,182276387,179,51
4416,4066302000,-806084394,2048437718,182276387,179,51
4417,4066895000,-803443796,2160698849,182276387,179,51
4418,4067487000,-800741860,2272959980,182276387,179,51
4419,4068080000,-798123720,2385221111,182276387,179,51
4420,4068673000,-795441042,2497482242,182276387,179,51
4421,4069265000,-792748960,2609743373,182276387,179,51
4422,4069858000,-790061641,2722004504,182276387,179,51
4423,4070451000,-787337922,2834265635,182276387,179,51
4424,4071043000,-784646864,2946526766,182276387,179,51
4425,4071636000,-781905893,3058787897,182276387,179,51
4426,4072229000,-779174802,3171049028,182276387,179,51
4427,4072821000,-776422807,3283310159,182276387,179,51
4428,4073414000,-773641183,3395571290,330352480,180,52
4429,4074006000,-770886713,3507832421,330352480,180,52
4430,4074599000,-768093495,3620093552,330352480,180,52
4431,4075192000,-765303862,3732354683,330352480,180,52
4432,4075784000,-762521619,3844615814,330352480,180,52
4433,4076377000,-759670219,3956876945,330352480,180,52
4434,4076970000,-756881764,4069138076,330352480,180,52
4435,4077562000,-754031744,4181399207,330352480,180,52
4436,4078155000,-751210576,4293660338,330352480,180,52
4437,4078748000,-748362197,110954173,330352480,180,52
4438,4079340000,-745467541,223215304,330352480,180,52
4439,4079933000,-742562390,335476435,330352480,180,52
4440,4080525000,-739734160,447737566,330352480,180,52
4441,4081118000,-736830030,559998697,330352480,180,52
4442,4081711000,-733890686,672259828,330352480,180,52
4443,4082303000,-730990095,784520959,330352480,180,52
4444,4082896000,-728073405,896782090,330352480,180,52
4445,4083489000,-725087818,1009043221,330352480,180,52
4446,4084081000,-722170029,1121304352,330352480,180,52
4447,4084674000,-719225502,1233565483,330352480,180,52
4448,4085267000,-716276689,1345826614,330352480,180,52
4449,4085859000,-713271072,1458087745,330352480,180,52
4450,4086452000,-710268063,1570348876,330352480,180,52
4451,4087045000,-707299462,1682610007,330352480,180,52
4452,4087637000,-704264670,1794871138,330352480,180,52
4453,4088230000,-701264026,1907132269,330352480,180,52
4454,4088822000,-698238050,2019393400,330352480,180,52
4455,4089415000,-695212140,2131654531,330352480,180,52
4456,4090008000,-692173799,2243915662,330352480,180,52
4457,4090600000,-689107332,2356176793,330352480,180,52
4458,4091193000,-686015864,2468437924,330352480,180,52
4459,4091786000,-682943626,2580699055,330352480,180,52
4460,4092378000,-679876680,2692960186,330352480,180,52
4461,4092971000,-676800597,2805221317,330352480,180,52
4462,4093564000,-673684941,2917482448,330352480,180,52
4463,4094156000,-670568824,3029743579,330352480,180,52
4464,4094749000,-667460909,3142004710,330352480,180,52
4465,4095341000,-664317204,3254265841,330352480,180,52
4466,4095934000,-661157191,3366526972,471764168,181,53
4467,4096527000,-658027521,3478788103,471764168,181,53
4468,4097119000,-654873007,3591049234,471764168,181,53
4469,4097712000,-651686071,3703310365,471764168,181,53
4470,4098305000,-648526874,3815571496,471764168,181,53
4471,4098897000,-645352395,3927832627,471764168,181,53
4472,4099490000,-642173944,4040093758,471764168,181,53
4473,4100083000,-638927163,4152354889,471764168,181,53
4474,4100675000,-635751374,4264616020,471764168,181,53
4475,4101268000,-632553316,81909855,471764168,181,53
4476,4101861000,-629306643,194170986,471764168,181,53
4477,4102453000,-626050393,306432117,471764168,181,53
4478,4103046000,-622814929,418693248,471764168,181,53
4479,4103638000,-619567070,530954379,471764168,181,53
4480,4104231000,-616287451,643215510,471764168,181,53
4481,4104824000,-613034368,755476641,471764168,181,53
4482,4105416000,-609759848,867737772,471764168,181,53
4483,4106009000,-606474597,979998903,471764168,181,53
4484,4106602000,-603189092,1092260034,471764168,181,53
4485,4107194000,-599864356,1204521165,471764168,181,53
4486,4107787000,-596567130,1316782296,471764168,181,53
4487,4108380000,-593221792,1429043427,471764168,181,53
4488,4108972000,-589904705,1541304558,471764168,181,53
4489,4109565000,-586539427,1653565689,471764168,181,53
4490,4110157000,-583188873,1765826820,471764168,181,53
4491,4110750000,-579879048,1878087951,471764168,181,53
4492,4111343000,-576520994,1990349082,471764168,181,53
4493,4111935000,-573135511,2102610213,471764168,181,53
4494,4112528000,-569748059,2214871344,471764168,181,53
4495,4113121000,-566362738,2327132475,471764168,181,53
4496,4113713000,-562957175,2439393606,471764168,181,53
4497,4114306000,-559570972,2551654737,471764168,181,53
4498,4114899000,-556158916,2663915868,471764168,181,53
4499,4115491000,-552751547,2776176999,471764168,181,53
4500,4116084000,-549289373,2888438130,471764168,181,53
4501,4116677000,-545854752,3000699261,471764168,181,53
4502,4117269000,-542460123,3112960392,471764168,181,53
4503,4117862000,-539029117,3225221523,471764168,181,53
4504,4118454000,-535541059,3337482654,603658667,182,54
4505,4119047000,-532086884,3449743785,603658667,182,54
4506,4119640000,-528589025,3562004916,603658667,182,54
4507,4120232000,-525139110,3674266047,603658667,182,54
4508,4120825000,-521653793,3786527178,603658667,182,54
4509,4121418000,-518188854,3898788309,603658667,182,54
4510,4122010000,-514652903,4011049440,603658667,182,54
4511,4122603000,-511159598,4123310571,603658667,182,54
4512,4123196000,-507639625,4235571702,603658667,182,54
4513,4123788000,-504142720,52865537,603658667,182,54
4514,4124381000,-500595242,165126668,603658667,182,54
4515,4124973000,-497073605,277387799,603658667,182,54
4516,4125566000,-493531129,389648930,603658667,182,54
4517,4126159000,-489980364,501910061,603658667,182,54
4518,4126751000,-486440056,614171192,603658667,182,54
4519,4127344000,-482858485,726432323,603658667,182,54
4520,4127937000,-479307768,838693454,603658667,182,54
4521,4128529000,-475728531,950954585,603658667,182,54
4522,4129122000,-472157467,1063215716,603658667,182,54
4523,4129715000,-468594049,1175476847,603658667,182,54
4524,4130307000,-464958512,1287737978,603658667,182,54
4525,4130900000,-461368308,1399999109,603658667,182,54
4526,4131493000,-457759902,1512260240,603658667,182,54
4527,4132085000,-454176028,1624521371,603658667,182,54
4528,4132678000,-450541294,1736782502,603658667,182,54
4529,4133270000,-446932612,1849043633,603658667,182,54
4530,4133863000,-443269955,1961304764,603658667,182,54
4531,4134456000,-439651085,2073565895,603658667,182,54
4532,4135048000,-436003352,2185827026,603658667,182,54
4533,4135641000,-432352027,2298088157,603658667,182,54
4534,4136234000,-428702109,2410349288,603658667,182,54
4535,4136826000,-425029082,2522610419,603658667,182,54
4536,4137419000,-421338535,2634871550,603658667,182,54
4537,4138012000,-417699216,2747132681,603658667,182,54
4538,4138604000,-414011409,2859393812,603658667,182,54
4539,4139197000,-410337543,2971654943,603658667,182,54
4540,4139789000,-406649640,3083916074,603658667,182,54
4541,4140382000,-402946623,3196177205,603658667,182,54
4542,4140975000,-399240909,3308438336,723375188,183,55
4543,4141567000,-395514906,3420699467,723375188,183,55
4544,4142160000,-391844601,3532960598,723375188,183,55
4545,4142753000,-388121712,3645221729,723375188,183,55
4546,4143345000,-384376507,3757482860,723375188,183,55
4547,4143938000,-380642432,3869743991,723375188,183,55
4548,4144531000,-376965377,3982005122,723375188,183,55
4549,4145123000,-373191799,4094266253,723375188,183,55
4550,4145716000,-369456067,4206527384,723375188,183,55
4551,4146309000,-365727027,23821219,723375188,183,55
4552,4146901000,-361944157,136082350,723375188,183,55
4553,4147494000,-358188738,248343481,723375188,183,55
4554,4148086000,-354412222,360604612,723375188,183,55
4555,4148679000,-350636758,472865743,723375188,183,55
4556,4149272000,-346902296,585126874,723375188,183,55
4557,4149864000,-343071216,697388005,723375188,183,55
4558,4150457000,-339352774,809649136,723375188,183,55
4559,4151050000,-335517128,921910267,723375188,183,55
4560,4151642000,-331752368,1034171398,723375188,183,55
4561,4152235000,-327977751,1146432529,723375188,183,55
4562,4152828000,-324154419,1258693660,723375188,183,55
4563,4153420000,-320342369,1370954791,723375188,183,55
4564,4154013000,-316494389,1483215922,723375188,183,55
4565,4154605000,-312697562,1595477053,723375188,183,55
4566,4155198000,-308899472,1707738184,723375188,183,55
4567,4155791000,-305063892,1819999315,723375188,183,55
4568,4156383000,-301241459,1932260446,723375188,183,55
4569,4156976000,-297428155,2044521577,723375188,183,55
4570,4157569000,-293567637,2156782708,723375188,183,55
4571,4158161000,-289705755,2269043839,723375188,183,55
4572,4158754000,-285881095,2381304970,723375188,183,55
4573,4159347000,-282060637,2493566101,723375188,183,55
4574,4159939000,-278206968,2605827232,723375188,183,55
4575,4160532000,-274348796,2718088363,723375188,183,55
4576,4161125000,-270462036,2830349494,723375188,183,55
4577,4161717000,-266628557,2942610625,723375188,183,55
4578,4162310000,-262743624,3054871756,723375188,183,55
4579,4162902000,-258880325,3167132887,723375188,183,55
4580,4163495000,-254998433,3279394018,828498617,184,56
4581,4164088000,-251120520,3391655149,828498617,184,56
4582,4164680000,-247237934,3503916280,828498617,184,56
4583,4165273000,-243371129,3616177411,828498617,184,56
4584,4165866000,-239468878,3728438542,828498617,184,56
4585,4166458000,-235587418,3840699673,828498617,184,56
4586,4167051000,-231686997,3952960804,828498617,184,56
4587,4167644000,-227802678,4065221935,828498617,184,56
4588,4168236000,-223883100,4177483066,828498617,184,56
4589,4168829000,-220017699,4289744197,828498617,184,56
4590,4169421000,-216107598,107038032,828498617,184,56
4591,4170014000,-212155804,219299163,828498617,184,56
4592,4170607000,-208243113,331560294,828498617,184,56
4593,4171199000,-204349887,443821425,828498617,184,56
4594,4171792000,-200446240,556082556,828498617,184,56
4595,4172385000,-196496971,668343687,828498617,184,56
4596,4172977000,-192570742,780604818,828498617,184,56
4597,4173570000,-188660255,892865949,828498617,184,56
4598,4174163000,-184724172,1005127080,828498617,184,56
4599,4174755000,-180796769,1117388211,828498617,184,56
4600,4175348000,-176841253,1229649342,828498617,184,56
4601,4175941000,-172935643,1341910473,828498617,184,56
4602,4176533000,-169001536,1454171604,828498617,184,56
4603,4177126000,-165053551,1566432735,828498617,184,56
4604,4177718000,-161114983,1678693866,828498617,184,56
4605,4178311000,-157137795,1790954997,828498617,184,56
4606,4178904000,-153233544,1903216128,828498617,184,56
4607,4179496000,-149257902,2015477259,828498617,184,56
4608,4180089000,-145302883,2127738390,828498617,184,56
4609,4180682000,-141365208,2239999521,828498617,184,56
4610,4181274000,-137416023,2352260652,828498617,184,56
4611,4181867000,-133452559,2464521783,828498617,184,56
4612,4182460000,-129497328,2576782914,828498617,184,56
4613,4183052000,-125536226,2689044045,828498617,184,56
4614,4183645000,-121561521,2801305176,828498617,184,56
4615,4184237000,-117598689,2913566307,828498617,184,56
4616,4184830000,-113632319,3025827438,828498617,184,56
4617,4185423000,-109651488,3138088569,828498617,184,56
4618,4186015000,-105687287,3250349700,828498617,184,56
4619,4186608000,-101726543,3362610831,916908233,185,57
4620,4187201000,-97736945,3474871962,916908233,185,57
4621,4187793000,-93733424,3587133093,916908233,185,57
4622,4188386000,-89770350,3699394224,916908233,185,57
4623,4188979000,-85833576,3811655355,916908233,185,57
4624,4189571000,-81828796,3923916486,916908233,185,57
4625,4190164000,-77868644,4036177617,916908233,185,57
4626,4190757000,-73879685,4148438748,916908233,185,57
4627,4191349000,-69903723,4260699879,916908233,185,57
4628,4191942000,-65959674,77993714,916908233,185,57
4629,4192534000,-61949412,190254845,916908233,185,57
4630,4193127000,-57950197,302515976,916908233,185,57
4631,4193720000,-53935475,414777107,916908233,185,57
4632,4194312000,-49987166,527038238,916908233,185,57
4633,4194905000,-46025682,639299369,916908233,185,57
4634,4195498000,-42015950,751560500,916908233,185,57
4635,4196090000,-38050470,863821631,916908233,185,57
4636,4196683000,-34048024,976082762,916908233,185,57
4637,4197276000,-30071257,1088343893,916908233,185,57
4638,4197868000,-26077246,1200605024,916908233,185,57
4639,4198461000,-22099289,1312866155,916908233,185,57
4640,4199053000,-18101702,1425127286,916908233,185,57
4641,4199646000,-14097553,1537388417,916908233,185,57
4642,4200239000,-10101215,1649649548,916908233,185,57
4643,4200831000,-6122073,1761910679,916908233,185,57
4644,4201424000,-2134162,1874171810,916908233,185,57
4645,4202017000,1851642,1986432941,916908233,185,57
4646,4202609000,5827127,2098694072,916908233,185,57
4647,4203202000,9830892,2210955203,916908233,185,57
4648,4203795000,13843344,2323216334,916908233,185,57
4649,4204387000,17798204,2435477465,916908233,185,57
4650,4204980000,21801408,2547738596,916908233,185,57
4651,4205573000,25788233,2659999727,916908233,185,57
4652,4206165000,29767689,2772260858,916908233,185,57
4653,4206758000,33775602,2884521989,916908233,185,57
4654,4207350000,37775607,2996783120,916908233,185,57
4655,4207943000,41732950,3109044251,916908233,185,57
4656,4208536000,45717199,3221305382,916908233,185,57
4657,4209128000,49740993,3333566513,986820495,186,58
4658,4209721000,53693670,3445827644,986820495,186,58
4659,4210314000,57686184,3558088775,986820495,186,58
4660,4210906000,61689005,3670349906,986820495,186,58
4661,4211499000,65648262,3782611037,986820495,186,58
4662,4212092000,69628220,3894872168,986820495,186,58
4663,4212684000,73600399,4007133299,986820495,186,58
4664,4213277000,77600162,4119394430,986820495,186,58
4665,4213869000,81558060,4231655561,986820495,186,58
4666,4214462000,85522584,48949396,986820495,186,58
4667,4215055000,89512954,161210527,986820495,186,58
4668,4215647000,93491253,273471658,986820495,186,58
4669,4216240000,97483091,385732789,986820495,186,58
4670,4216833000,101460188,497993920,986820495,186,58
4671,4217425000,105407871,610255051,986820495,186,58
4672,4218018000,109397424,722516182,986820495,186,58
4673,4218611000,113376132,834777313,986820495,186,58
4674,4219203000,117294744,947038444,986820495,186,58
4675,4219796000,121277290,1059299575,986820495,186,58
4676,4220389000,125232098,1171560706,986820495,186,58
4677,4220981000,129206176,1283821837,986820495,186,58
4678,4221574000,133181358,1396082968,986820495,186,58
4679,4222166000,137136666,1508344099,986820495,186,58
4680,4222759000,141078873,1620605230,986820495,186,58
4681,4223352000,145019348,1732866361,986820495,186,58
4682,4223944000,148992879,1845127492,986820495,186,58
4683,4224537000,152947508,1957388623,986820495,186,58
4684,4225130000,156891052,2069649754,986820495,186,58
4685,4225722000,160847194,2181910885,986820495,186,58
4686,4226315000,164791719,2294172016,986820495,186,58
4687,4226908000,168733879,2406433147,986820495,186,58
4688,4227500000,172674591,2518694278,986820495,186,58
4689,4228093000,176612683,2630955409,986820495,186,58
4690,4228685000,180530408,2743216540,986820495,186,58
4691,4229278000,184489763,2855477671,986820495,186,58
4692,4229871000,188368950,2967738802,986820495,186,58
4693,4230463000,192300007,3079999933,986820495,186,58
4694,4231056000,196244339,3192261064,986820495,186,58
4695,4231649000,200166278,3304522195,1036825020,187,59
4696,4232241000,204104524,3416783326,1036825020,187,59
4697,4232834000,208005597,3529044457,1036825020,187,59
4698,4233427000,211892496,3641305588,1036825020,187,59
4699,4234019000,215816293,3753566719,1036825020,187,59
4700,4234612000,219731049,3865827850,1036825020,187,59
4701,4235205000,223613196,3978088981,1036825020,187,59
4702,4235797000,227526940,4090350112,1036825020,187,59
4703,4236390000,231431660,4202611243,1036825020,187,59
4704,4236982000,235293744,19905078,1036825020,187,59
4705,4237575000,239198413,132166209,1036825020,187,59
4706,4238168000,243081887,244427340,1036825020,187,59
4707,4238760000,247017540,356688471,1036825020,187,59
4708,4239353000,250864734,468949602,1036825020,187,59
4709,4239946000,254729146,581210733,1036825020,187,59
4710,4240538000,258625173,693471864,1036825020,187,59
4711,4241131000,262457269,805732995,1036825020,187,59
4712,4241724000,266363852,917994126,1036825020,187,59
4713,4242316000,270209178,1030255257,1036825020,187,59
4714,4242909000,274049639,1142516388,1036825020,187,59
4715,4243501000,277940739,1254777519,1036825020,187,59
4716,4244094000,281783936,1367038650,1036825020,187,59
4717,4244687000,285655812,1479299781,1036825020,187,59
4718,4245279000,289500796,1591560912,1036825020,187,59
4719,4245872000,293314200,1703822043,1036825020,187,59
4720,4246465000,297150454,1816083174,1036825020,187,59
4721,4247057000,300980999,1928344305,1036825020,187,59
4722,4247650000,304822986,2040605436,1036825020,187,59
4723,4248243000,308633114,2152866567,1036825020,187,59
4724,4248835000,312452437,2265127698,1036825020,187,59
4725,4249428000,316267871,2377388829,1036825020,187,59
4726,4250021000,320075011,2489649960,1036825020,187,59
4727,4250613000,323876972,2601911091,1036825020,187,59
4728,4251206000,327698503,2714172222,1036825020,187,59
4729,4251798000,331486794,2826433353,1036825020,187,59
4730,4252391000,335265766,2938694484,1036825020,187,59
4731,4252984000,339070840,3050955615,1036825020,187,59
4732,4253576000,342847896,3163216746,1036825020,187,59
4733,4254169000,346637713,3275477877,1065913036,188,60
4734,4254762000,350404951,3387739008,1065913036,188,60
4735,4255354000,354172819,3500000139,1065913036,188,60
4736,4255947000,357932932,3612261270,1065913036,188,60
4737,4256540000,361673329,3724522401,1065913036,188,60
4738,4257132000,365454181,3836783532,1065913036,188,60
4739,4257725000,369184691,3949044663,1065913036,188,60
4740,4258317000,372925958,4061305794,1065913036,188,60
4741,4258910000,376680778,4173566925,1065913036,188,60
4742,4259503000,380400277,4285828056,1065913036,188,60
4743,4260095000,384125459,103121891,1065913036,188,60
4744,4260688000,387863663,215383022,1065913036,188,60
4745,4261281000,391598196,327644153,1065913036,188,60
4746,4261873000,395296459,439905284,1065913036,188,60
4747,4262466000,398985185,552166415,1065913036,188,60
4748,4263059000,402707555,664427546,1065913036,188,60
4749,4263651000,406387090,776688677,1065913036,188,60
4750,4264244000,410080548,888949808,1065913036,188,60
4751,4264837000,413745010,1001210939,1065913036,188,60
4752,4265429000,417451758,1113472070,1065913036,188,60
4753,4266022000,421133721,1225733201,1065913036,188,60
4754,4266614000,424778455,1337994332,1065913036,188,60
4755,4267207000,428437154,1450255463,1065913036,188,60
4756,4267800000,432109205,1562516594,1065913036,188,60
4757,4268392000,435728253,1674777725,1065913036,188,60
4758,4268985000,439409487,1787038856,1065913036,188,60
4759,4269578000,443031692,1899299987,1065913036,188,60
4760,4270170000,446696967,2011561118,1065913036,188,60
4761,4270763000,450297849,2123822249,1065913036,188,60
4762,4271356000,453882610,2236083380,1065913036,188,60
4763,4271948000,457516978,2348344511,1065913036,188,60
4764,4272541000,461114503,2460605642,1065913036,188,60
4765,4273133000,464724313,2572866773,1065913036,188,60
4766,4273726000,468320035,2685127904,1065913036,188,60
4767,4274319000,471921064,2797389035,1065913036,188,60
4768,4274911000,475471893,2909650166,1065913036,188,60
4769,4275504000,479048932,3021911297,1065913036,188,60
4770,4276097000,482603657,3134172428,1065913036,188,60
4771,4276689000,486188188,3246433559,1073497732,189,61
4772,4277282000,489719125,3358694690,1073497732,189,61
4773,4277875000,493284817,3470955821,1073497732,189,61
4774,4278467000,496837477,3583216952,1073497732,189,61
4775,4279060000,500368019,3695478083,1073497732,189,61
4776,4279653000,503899999,3807739214,1073497732,189,61
4777,4280245000,507437471,3920000345,1073497732,189,61
4778,4280838000,510898474,4032261476,1073497732,189,61
4779,4281430000,514452924,4144522607,1073497732,189,61
4780,4282023000,517920038,4256783738,1073497732,189,61
4781,4282616000,521403427,74077573,1073497732,189,61
4782,4283208000,524898317,186338704,1073497732,189,61
4783,4283801000,528404356,298599835,1073497732,189,61
4784,4284394000,531849901,410860966,1073497732,189,61
4785,4284986000,535308963,523122097,1073497732,189,61
4786,4285579000,538766137,635383228,1073497732,189,61
4787,4286172000,542241021,747644359,1073497732,189,61
4788,4286764000,545613469,859905490,1073497732,189,61
4789,4287357000,549076710,972166621,1073497732,189,61
4790,4287949000,552503695,1084427752,1073497732,189,61
4791,4288542000,555905416,1196688883,1073497732,189,61
4792,4289135000,559341767,1308950014,1073497732,189,61
4793,4289727000,562722752,1421211145,1073497732,189,61
4794,4290320000,566133173,1533472276,1073497732,189,61
4795,4290913000,569539136,1645733407,1073497732,189,61
4796,4291505000,572886447,1757994538,1073497732,189,61
4797,4292098000,576236076,1870255669,1073497732,189,61
4798,4292691000,579616883,1982516800,1073497732,189,61
4799,4293283000,582957447,2094777931,1073497732,189,61
4800,4293876000,586320401,2207039062,1073497732,189,61
4801,4294469000,589661121,2319300193,1073497732,189,61
4802,4295061000,593005550,2431561324,1073497732,189,61
4803,4295654000,596302772,2543822455,1073497732,189,61
4804,4296246000,599636290,2656083586,1073497732,189,61
4805,4296839000,602934693,2768344717,1073497732,189,61
4806,4297432000,606260525,2880605848,1073497732,189,61
4807,4298024000,609520937,2992866979,1073497732,189,61
4808,4298617000,612791719,3105128110,1073497732,189,61
4809,4299210000,616066547,3217389241,1059426098,190,62
4810,4299802000,619330046,3329650372,1059426098,190,62
4811,4300395000,622573115,3441911503,1059426098,190,62
4812,4300988000,625845337,3554172634,1059426098,190,62
4813,4301580000,629076299,3666433765,1059426098,190,62
4814,4302173000,632303674,3778694896,1059426098,190,62
4815,4302765000,635541576,3890956027,1059426098,190,62
4816,4303358000,638736293,4003217158,1059426098,190,62
4817,4303951000,641958507,4115478289,1059426098,190,62
4818,4304543000,645142034,4227739420,1059426098,190,62
4819,4305136000,648335656,45033255,1059426098,190,62
4820,4305729000,651489638,157294386,1059426098,190,62
4821,4306321000,654667712,269555517,1059426098,190,62
4822,4306914000,657858819,381816648,1059426098,190,62
4823,4307507000,660976327,494077779,1059426098,190,62
4824,4308099000,664112976,606338910,1059426098,190,62
4825,4308692000,667273572,718600041,1059426098,190,62
4826,4309285000,670391435,830861172,1059426098,190,62
4827,4309877000,673465344,943122303,1059426098,190,62
4828,4310470000,676555157,1055383434,1059426098,190,62
4829,4311062000,679654035,1167644565,1059426098,190,62
4830,4311655000,682751231,1279905696,1059426098,190,62
4831,4312248000,685816628,1392166827,1059426098,190,62
4832,4312840000,688885546,1504427958,1059426098,190,62
4833,4313433000,691937507,1616689089,1059426098,190,62
4834,4314026000,694957400,1728950220,1059426098,190,62
4835,4314618000,698008196,1841211351,1059426098,190,62
4836,4315211000,701065289,1953472482,1059426098,190,62
4837,4315804000,704069749,2065733613,1059426098,190,62
4838,4316396000,707072356,2177994744,1059426098,190,62
4839,4316989000,710094812,2290255875,1059426098,190,62
4840,4317581000,713032701,2402517006,1059426098,190,62
4841,4318174000,716048120,2514778137,1059426098,190,62
4842,4318767000,719037687,2627039268,1059426098,190,62
4843,4319359000,721984295,2739300399,1059426098,190,62
4844,4319952000,724915066,2851561530,1059426098,190,62
4845,4320545000,727826627,2963822661,1059426098,190,62
4846,4321137000,730776318,3076083792,1059426098,190,62
4847,4321730000,733706121,3188344923,1059426098,190,62
4848,4322323000,736600689,3300606054,1023982009,191,63
4849,4322915000,739517510,3412867185,1023982009,191,63
4850,4323508000,742390502,3525128316,1023982009,191,63
4851,4324101000,745280795,3637389447,1023982009,191,63
4852,4324693000,748125922,3749650578,1023982009,191,63
4853,4325286000,751015804,3861911709,1023982009,191,63
4854,4325878000,753832380,3974172840,1023982009,191,63
4855,4326471000,756679540,4086433971,1023982009,191,63
4856,4327064000,759489712,4198695102,1023982009,191,63
4857,4327656000,762304389,15988937,1023982009,191,63
4858,4328249000,765128523,128250068,1023982009,191,63
4859,4328842000,767935412,240511199,1023982009,191,63
4860,4329434000,770711413,352772330,1023982009,191,63
4861,4330027000,773486211,465033461,1023982009,191,63
4862,4330620000,776225595,577294592,1023982009,191,63
4863,4331212000,778992926,689555723,1023982009,191,63
4864,4331805000,781733018,801816854,1023982009,191,63
4865,4332397000,784451860,914077985,1023982009,191,63
4866,4332990000,787159195,1026339116,1023982009,191,63
4867,4333583000,789886008,1138600247,1023982009,191,63
4868,4334175000,792577345,1250861378,1023982009,191,63
4869,4334768000,795236342,1363122509,1023982009,191,63
4870,4335361000,797944795,1475383640,1023982009,191,63
4871,4335953000,800620500,1587644771,1023982009,191,63
4872,4336546000,803251338,1699905902,1023982009,191,63
4873,4337139000,805905405,1812167033,1023982009,191,63
4874,4337731000,808528013,1924428164,1023982009,191,63
4875,4338324000,811171873,2036689295,1023982009,191,63
4876,4338917000,813743130,2148950426,1023982009,191,63
4877,4339509000,816343395,2261211557,1023982009,191,63
4878,4340102000,818950396,2373472688,1023982009,191,63
4879,4340694000,821523680,2485733819,1023982009,191,63
4880,4341287000,824065726,2597994950,1023982009,191,63
4881,4341880000,826649388,2710256081,1023982009,191,63
4882,4342472000,829167801,2822517212,1023982009,191,63
4883,4343065000,831687289,2934778343,1023982009,191,63
4884,4343658000,834201658,3047039474,1023982009,191,63
4885,4344250000,836717582,3159300605,1023982009,191,63
4886,4344843000,839234404,3271561736,967880501,192,64
4887,4345436000,841710201,3383822867,967880501,192,64
4888,4346028000,844175798,3496083998,967880501,192,64
4889,4346621000,846613134,3608345129,967880501,192,64
4890,4347213000,849055645,3720606260,967880501,192,64
4891,4347806000,851515306,3832867391,967880501,192,64
4892,4348399000,853946601,3945128522,967880501,192,64
4893,4348991000,856347308,4057389653,967880501,192,64
4894,4349584000,858761728,4169650784,967880501,192,64
4895,4350177000,861152084,4281911915,967880501,192,64
4896,4350769000,863524332,99205750,967880501,192,64
4897,4351362000,865883467,211466881,967880501,192,64
4898,4351955000,868265647,323728012,967880501,192,64
4899,4352547000,870595760,435989143,967880501,192,64
4900,4353140000,872900062,548250274,967880501,192,64
4901,4353733000,875219830,660511405,967880501,192,64
4902,4354325000,877508660,772772536,967880501,192,64
4903,4354918000,879819452,885033667,967880501,192,64
4904,4355510000,882086278,997294798,967880501,192,64
4905,4356103000,884376429,1109555929,967880501,192,64
4906,4356696000,886642721,1221817060,967880501,192,64
4907,4357288000,888867267,1334078191,967880501,192,64
4908,4357881000,891114079,1446339322,967880501,192,64
4909,4358474000,893326112,1558600453,967880501,192,64
4910,4359066000,895547718,1670861584,967880501,192,64
4911,4359659000,897736092,1783122715,967880501,192,64
4912,4360252000,899908232,1895383846,967880501,192,64
4913,4360844000,902083296,2007644977,967880501,192,64
4914,4361437000,904255495,2119906108,967880501,192,64
4915,4362029000,906385019,2232167239,967880501,192,64
4916,4362622000,908498029,2344428370,967880501,192,64
4917,4363215000,910621183,2456689501,967880501,192,64
4918,4363807000,912750041,2568950632,967880501,192,64
4919,4364400000,914858301,2681211763,967880501,192,64
4920,4364993000,916916811,2793472894,967880501,192,64
4921,4365585000,919003654,2905734025,967880501,192,64
4922,4366178000,921031108,3017995156,967880501,192,64
4923,4366771000,923073096,3130256287,967880501,192,64
4924,4367363000,925125675,3242517418,892253344,193,65
4925,4367956000,927125178,3354778549,892253344,193,65
4926,4368549000,929159213,3467039680,892253344,193,65
4927,4369141000,931168686,3579300811,892253344,193,65
4928,4369734000,933133407,3691561942,892253344,193,65
4929,4370326000,935102246,3803823073,892253344,193,65
4930,4370919000,937082833,3916084204,892253344,193,65
4931,4371512000,938977102,4028345335,892253344,193,65
4932,4372104000,940921750,4140606466,892253344,193,65
4933,4372697000,942804864,4252867597,892253344,193,65
4934,4373290000,944734979,70161432,892253344,193,65
4935,4373882000,946610443,182422563,892253344,193,65
4936,4374475000,948510525,294683694,892253344,193,65
4937,4375068000,950396714,406944825,892253344,193,65
4938,4375660000,952221250,519205956,892253344,193,65
4939,4376253000,954039917,631467087,892253344,193,65
4940,4376845000,955897082,743728218,892253344,193,65
4941,4377438000,957684064,855989349,892253344,193,65
4942,4378031000,959468993,968250480,892253344,193,65
4943,4378623000,961271070,1080511611,892253344,193,65
4944,4379216000,963036751,1192772742,892253344,193,65
4945,4379809000,964788247,1305033873,892253344,193,65
4946,4380401000,966530376,1417295004,892253344,193,65
4947,4380994000,968274000,1529556135,892253344,193,65
4948,4381587000,970003836,1641817266,892253344,193,65
4949,4382179000,971700558,1754078397,892253344,193,65
4950,4382772000,973389876,1866339528,892253344,193,65
4951,4383365000,975047939,1978600659,892253344,193,65
4952,4383957000,976710818,2090861790,892253344,193,65
4953,4384550000,978367940,2203122921,892253344,193,65
4954,4385142000,980037287,2315384052,892253344,193,65
4955,4385735000,981640987,2427645183,892253344,193,65
4956,4386328000,983242217,2539906314,892253344,193,65
4957,4386920000,984845183,2652167445,892253344,193,65
4958,4387513000,986402981,2764428576,892253344,193,65
4959,4388106000,988007761,2876689707,892253344,193,65
4960,4388698000,989561867,2988950838,892253344,193,65
4961,4389291000,991099019,3101211969,892253344,193,65
4962,4389884000,992637206,3213473100,798626211,194,66
4963,4390476000,994150405,3325734231,798626211,194,66
4964,4391069000,995627764,3437995362,798626211,194,66
4965,4391661000,997133960,3550256493,798626211,194,66
4966,4392254000,998597240,3662517624,798626211,194,66
4967,4392847000,1000056909,3774778755,798626211,194,66
4968,4393439000,1001517229,3887039886,798626211,194,66
4969,4394032000,1002923962,3999301017,798626211,194,66
4970,4394625000,1004383108,4111562148,798626211,194,66
4971,4395217000,1005753029,4223823279,798626211,194,66
4972,4395810000,1007169364,41117114,798626211,194,66
4973,4396403000,1008526778,153378245,798626211,194,66
4974,4396995000,1009881824,265639376,798626211,194,66
4975,4397588000,1011241391,377900507,798626211,194,66
4976,4398181000,1012582030,490161638,798626211,194,66
4977,4398773000,1013884774,602422769,798626211,194,66
4978,4399366000,1015188154,714683900,798626211,194,66
4979,4399958000,1016516816,826945031,798626211,194,66
4980,4400551000,1017769679,939206162,798626211,194,66
4981,4401144000,1019025043,1051467293,798626211,194,66
4982,4401736000,1020271949,1163728424,798626211,194,66
4983,4402329000,1021526591,1275989555,798626211,194,66
4984,4402922000,1022731282,1388250686,798626211,194,66
4985,4403514000,1023967170,1500511817,798626211,194,66
4986,4404107000,1025123127,1612772948,798626211,194,66
4987,4404700000,1026298990,1725034079,798626211,194,66
4988,4405292000,1027482429,1837295210,798626211,194,66
4989,4405885000,1028653351,1949556341,798626211,194,66
4990,4406477000,1029784335,2061817472,798626211,194,66
4991,4407070000,1030911565,2174078603,798626211,194,66
4992,4407663000,1031981710,2286339734,798626211,194,66
4993,4408255000,1033112893,2398600865,798626211,194,66
4994,4408848000,1034175546,2510861996,798626211,194,66
4995,4409441000,1035240820,2623123127,798626211,194,66
4996,4410033000,1036296215,2735384258,798626211,194,66
4997,4410626000,1037326279,2847645389,798626211,194,66
4998,4411219000,1038346537,2959906520,798626211,194,66
4999,4411811000,1039357282,3072167651,798626211,194,66
5000,4412404000,1040379616,3184428782,688887900,195,67
5001,4412997000,1041348586,3296689913,688887900,195,67
5002,4413589000,1042309023,3408951044,688887900,195,67
5003,4414182000,1043264759,3521212175,688887900,195,67
5004,4414774000,1044207987,3633473306,688887900,195,67
5005,4415367000,1045118271,3745734437,688887900,195,67
5006,4415960000,1046045682,3857995568,688887900,195,67
5007,4416552000,1046922036,3970256699,688887900,195,67
5008,4417145000,1047826658,4082517830,688887900,195,67
5009,4417738000,1048655529,4194778961,688887900,195,67
5010,4418330000,1049524169,12072796,688887900,195,67
5011,4418923000,1050355079,124333927,688887900,195,67
5012,4419516000,1051171914,236595058,688887900,195,67
5013,4420108000,1051978691,348856189,688887900,195,67
5014,4420701000,1052788153,461117320,688887900,195,67
5015,4421293000,1053516027,573378451,688887900,195,67
5016,4421886000,1054316192,685639582,688887900,195,67
5017,4422479000,1055064889,797900713,688887900,195,67
5018,4423071000,1055806740,910161844,688887900,195,67
5019,4423664000,1056516949,1022422975,688887900,195,67
5020,4424257000,1057243516,1134684106,688887900,195,67
5021,4424849000,1057912564,1246945237,688887900,195,67
5022,4425442000,1058579561,1359206368,688887900,195,67
5023,4426035000,1059255413,1471467499,688887900,195,67
5024,4426627000,1059898616,1583728630,688887900,195,67
5025,4427220000,1060510123,1695989761,688887900,195,67
5026,4427813000,1061107365,1808250892,688887900,195,67
5027,4428405000,1061738129,1920512023,688887900,195,67
5028,4428998000,1062329804,2032773154,688887900,195,67
5029,4429590000,1062906796,2145034285,688887900,195,67
5030,4430183000,1063448311,2257295416,688887900,195,67
5031,4430776000,1064007802,2369556547,688887900,195,67
5032,4431368000,1064533851,2481817678,688887900,195,67
5033,4431961000,1065061646,2594078809,688887900,195,67
5034,4432554000,1065538861,2706339940,688887900,195,67
5035,4433146000,1066022358,2818601071,688887900,195,67
5036,4433739000,1066480584,2930862202,688887900,195,67
5037,4434332000,1066934213,3043123333,688887900,195,67
5038,4434924000,1067403770,3155384464,565252230,196,68
5039,4435517000,1067848186,3267645595,565252230,196,68
5040,4436109000,1068243794,3379906726,565252230,196,68
5041,4436702000,1068633111,3492167857,565252230,196,68
5042,4437295000,1069022941,3604428988,565252230,196,68
5043,4437887000,1069354317,3716690119,565252230,196,68
5044,4438480000,1069735241,3828951250,565252230,196,68
5045,4439073000,1070084854,3941212381,565252230,196,68
5046,4439665000,1070387297,4053473512,565252230,196,68
5047,4440258000,1070695168,4165734643,565252230,196,68
5048,4440851000,1071006980,4277995774,565252230,196,68
5049,4441443000,1071289465,95289609,565252230,196,68
5050,4442036000,1071537344,207550740,565252230,196,68
5051,4442629000,1071800031,319811871,565252230,196,68
5052,4443221000,1072042567,432073002,565252230,196,68
5053,4443814000,1072215377,544334133,565252230,196,68
5054,4444406000,1072457121,656595264,565252230,196,68
5055,4444999000,1072612378,768856395,565252230,196,68
5056,4445592000,1072821032,881117526,565252230,196,68
5057,4446184000,1072959286,993378657,565252230,196,68
5058,4446777000,1073078414,1105639788,565252230,196,68
5059,4447370000,1073265919,1217900919,565252230,196,68
5060,4447962000,1073359957,1330162050,565252230,196,68
5061,4448555000,1073443486,1442423181,565252230,196,68
5062,4449148000,1073553203,1554684312,565252230,196,68
5063,4449740000,1073612988,1666945443,565252230,196,68
5064,4450333000,1073683311,1779206574,565252230,196,68
5065,4450925000,1073712759,1891467705,565252230,196,68
5066,4451518000,1073758482,2003728836,565252230,196,68
5067,4452111000,1073748106,2115989967,565252230,196,68
5068,4452703000,1073737035,2228251098,565252230,196,68
5069,4453296000,1073728177,2340512229,565252230,196,68
5070,4453889000,1073681516,2452773360,565252230,196,68
5071,4454481000,1073648882,2565034491,565252230,196,68
5072,4455074000,1073594560,2677295622,565252230,196,68
5073,4455667000,1073504885,2789556753,565252230,196,68
5074,4456259000,1073431821,2901817884,565252230,196,68
5075,4456852000,1073293539,3014079015,565252230,196,68
5076,4457445000,1073171601,3126340146,565252230,196,68
5077,4458037000,1073055619,3238601277,430213378,197,69
5078,4458630000,1072911326,3350862408,430213378,197,69
5079,4459222000,1072751728,3463123539,430213378,197,69
5080,4459815000,1072579218,3575384670,430213378,197,69
5081,4460408000,1072377329,3687645801,430213378,197,69
5082,4461000000,1072175621,3799906932,430213378,197,69
5083,4461593000,1071953357,3912168063,430213378,197,69
5084,4462186000,1071657422,4024429194,430213378,197,69
5085,4462778000,1071432406,4136690325,430213378,197,69
5086,4463371000,1071157689,4248951456,430213378,197,69
5087,4463964000,1070903463,66245291,430213378,197,69
5088,4464556000,1070583292,178506422,430213378,197,69
5089,4465149000,1070257755,290767553,430213378,197,69
5090,4465741000,1069955477,403028684,430213378,197,69
5091,4466334000,1069588379,515289815,430213378,197,69
5092,4466927000,1069217537,627550946,430213378,197,69
5093,4467519000,1068874424,739812077,430213378,197,69
5094,4468112000,1068477730,852073208,430213378,197,69
5095,4468705000,1068052037,964334339,430213378,197,69
5096,4469297000,1067642616,1076595470,430213378,197,69
5097,4469890000,1067213463,1188856601,430213378,197,69
5098,4470483000,1066754367,1301117732,430213378,197,69
5099,4471075000,1066317370,1413378863,430213378,197,69
5100,4471668000,1065823815,1525639994,430213378,197,69
5101,4472261000,1065364271,1637901125,430213378,197,69
5102,4472853000,1064828919,1750162256,430213378,197,69
5103,4473446000,1064339566,1862423387,430213378,197,69
5104,4474038000,1063759541,1974684518,430213378,197,69
5105,4474631000,1063240481,2086945649,430213378,197,69
5106,4475224000,1062662003,2199206780,430213378,197,69
5107,4475816000,1062128641,2311467911,430213378,197,69
5108,4476409000,1061511344,2423729042,430213378,197,69
5109,4477002000,1060886501,2535990173,430213378,197,69
5110,4477594000,1060270233,2648251304,430213378,197,69
5111,4478187000,1059634193,2760512435,430213378,197,69
5112,4478780000,1058983159,2872773566,430213378,197,69
5113,4479372000,1058298387,2985034697,430213378,197,69
5114,4479965000,1057626560,3097295828,430213378,197,69
5115,4480557000,1056916582,3209556959,286495568,198,70
5116,4481150000,1056220177,3321818090,286495568,198,70
5117,4481743000,1055482183,3434079221,286495568,198,70
5118,4482335000,1054757971,3546340352,286495568,198,70
5119,4482928000,1053990406,3658601483,286495568,198,70
5120,4483521000,1053194563,3770862614,286495568,198,70
5121,4484113000,1052467106,3883123745,286495568,198,70
5122,4484706000,1051651384,3995384876,286495568,198,70
5123,4485299000,1050828821,4107646007,286495568,198,70
5124,4485891000,1050017968,4219907138,286495568,198,70
5125,4486484000,1049194708,37200973,286495568,198,70
5126,4487077000,1048306429,149462104,286495568,198,70
5127,4487669000,1047421384,261723235,286495568,198,70
5128,4488262000,1046561450,373984366,286495568,198,70
5129,4488854000,1045634721,486245497,286495568,198,70
5130,4489447000,1044754180,598506628,286495568,198,70
5131,4490040000,1043788696,710767759,286495568,198,70
5132,4490632000,1042884166,823028890,286495568,198,70
5133,4491225000,1041905206,935290021,286495568,198,70
5134,4491818000,1040949767,1047551152,286495568,198,70
5135,4492410000,1039978825,1159812283,286495568,198,70
5136,4493003000,1038951721,1272073414,286495568,198,70
5137,4493596000,1037926074,1384334545,286495568,198,70
5138,4494188000,1036904246,1496595676,286495568,198,70
5139,4494781000,1035863060,1608856807,286495568,198,70
5140,4495373000,1034797419,1721117938,286495568,198,70
5141,4495966000,1033746902,1833379069,286495568,198,70
5142,4496559000,1032651670,1945640200,286495568,198,70
5143,4497151000,1031545239,2057901331,286495568,198,70
5144,4497744000,1030433447,2170162462,286495568,198,70
5145,4498337000,1029281483,2282423593,286495568,198,70
5146,4498929000,1028172910,2394684724,286495568,198,70
5147,4499522000,1026991287,2506945855,286495568,198,70
5148,4500115000,1025849344,2619206986,286495568,198,70
5149,4500707000,1024648467,2731468117,286495568,198,70
5150,4501300000,1023437750,2843729248,286495568,198,70
5151,4501893000,1022254035,2955990379,286495568,198,70
5152,4502485000,1021012759,3068251510,286495568,198,70
5153,4503078000,1019772239,3180512641,136998106,199,71
5154,4503670000,1018520715,3292773772,136998106,199,71
5155,4504263000,1017240120,3405034903,136998106,199,71
5156,4504856000,1015980353,3517296034,136998106,199,71
5157,4505448000,1014647332,3629557165,136998106,199,71
5158,4506041000,1013332269,3741818296,136998106,199,71
5159,4506634000,1012014262,3854079427,136998106,199,71
5160,4507226000,1010678813,3966340558,136998106,199,71
5161,4507819000,1009337858,4078601689,136998106,199,71
5162,4508412000,1007960222,4190862820,136998106,199,71
5163,4509004000,1006605851,8156655,136998106,199,71
5164,4509597000,1005188247,120417786,136998106,199,71
5165,4510189000,1003771306,232678917,136998106,199,71
5166,4510782000,1002337964,344940048,136998106,199,71
5167,4511375000,1000954217,457201179,136998106,199,71
5168,4511967000,999439915,569462310,136998106,199,71
5169,4512560000,997988664,681723441,136998106,199,71
5170,4513153000,996511282,793984572,136998106,199,71
5171,4513745000,995035190,906245703,136998106,199,71
5172,4514338000,993492248,1018506834,136998106,199,71
5173,4514931000,992004210,1130767965,136998106,199,71
5174,4515523000,990447520,1243029096,136998106,199,71
5175,4516116000,988901555,1355290227,136998106,199,71
5176,4516709000,987354004,1467551358,136998106,199,71
5177,4517301000,985767590,1579812489,136998106,199,71
5178,4517894000,984174596,1692073620,136998106,199,71
5179,4518486000,982585307,1804334751,136998106,199,71
5180,4519079000,980963600,1916595882,136998106,199,71
5181,4519672000,979344411,2028857013,136998106,199,71
5182,4520264000,977703833,2141118144,136998106,199,71
5183,4520857000,976060406,2253379275,136998106,199,71
5184,4521450000,974367659,2365640406,136998106,199,71
5185,4522042000,972686816,2477901537,136998106,199,71
5186,4522635000,971000277,2590162668,136998106,199,71
5187,4523228000,969291573,2702423799,136998106,199,71
5188,4523820000,967555077,2814684930,136998106,199,71
5189,4524413000,965806660,2926946061,136998106,199,71
5190,4525005000,964062833,3039207192,136998106,199,71
5191,4525598000,962310600,3151468323,-15263103,200,72
5192,4526191000,960568541,3263729454,-15263103,200,72
5193,4526783000,958718178,3375990585,-15263103,200,72
5194,4527376000,956951791,3488251716,-15263103,200,72
5195,4527969000,955144007,3600512847,-15263103,200,72
5196,4528561000,953275583,3712773978,-15263103,200,72
5197,4529154000,951444818,3825035109,-15263103,200,72
5198,4529747000,949572967,3937296240,-15263103,200,72
5199,4530339000,947722388,4049557371,-15263103,200,72
5200,4530932000,945837165,4161818502,-15263103,200,72
5201,4531525000,943967122,4274079633,-15263103,200,72
5202,4532117000,942042452,91373468,-15263103,200,72
5203,4532710000,940119063,203634599,-15263103,200,72
5204,4533302000,938183162,315895730,-15263103,200,72
5205,4533895000,936261390,428156861,-15263103,200,72
5206,4534488000,934290020,540417992,-15263103,200,72
5207,4535080000,932302160,652679123,-15263103,200,72
5208,4535673000,930303585,764940254,-15263103,200,72
5209,4536266000,928331268,877201385,-15263103,200,72
5210,4536858000,926305871,989462516,-15263103,200,72
5211,4537451000,924267986,1101723647,-15263103,200,72
5212,4538044000,922276507,1213984778,-15263103,200,72
5213,4538636000,920228031,1326245909,-15263103,200,72
5214,4539229000,918136809,1438507040,-15263103,200,72
5215,4539821000,916068675,1550768171,-15263103,200,72
5216,4540414000,913976427,1663029302,-15263103,200,72
5217,4541007000,911890215,1775290433,-15263103,200,72
5218,4541599000,909774391,1887551564,-15263103,200,72
5219,4542192000,907658190,1999812695,-15263103,200,72
5220,4542785000,905511851,2112073826,-15263103,200,72
5221,4543377000,903334591,2224334957,-15263103,200,72
5222,4543970000,901191976,2336596088,-15263103,200,72
5223,4544563000,899013511,2448857219,-15263103,200,72
5224,4545155000,896825204,2561118350,-15263103,200,72
5225,4545748000,894614023,2673379481,-15263103,200,72
5226,4546341000,892419573,2785640612,-15263103,200,72
5227,4546933000,890186950,2897901743,-15263103,200,72
5228,4547526000,887928642,3010162874,-15263103,200,72
5229,4548118000,885697668,3122424005,-167216400,201,73
5230,4548711000,883452246,3234685136,-167216400,201,73
5231,4549304000,881168495,3346946267,-167216400,201,73
5232,4549896000,878915525,3459207398,-167216400,201,73
5233,4550489000,876562852,3571468529,-167216400,201,73
5234,4551082000,874283512,3683729660,-167216400,201,73
5235,4551674000,871967843,3795990791,-167216400,201,73
5236,4552267000,869647902,3908251922,-167216400,201,73
5237,4552860000,867236556,4020513053,-167216400,201,73
5238,4553452000,864904978,4132774184,-167216400,201,73
5239,4554045000,862552542,4245035315,-167216400,201,73
5240,4554637000,860179895,62329150,-167216400,201,73
5241,4555230000,857748009,174590281,-167216400,201,73
5242,4555823000,855352437,286851412,-167216400,201,73
5243,4556415000,852958598,399112543,-167216400,201,73
5244,4557008000,850490741,511373674,-167216400,201,73
5245,4557601000,848097591,623634805,-167216400,201,73
5246,4558193000,845608526,735895936,-167216400,201,73
5247,4558786000,843146828,848157067,-167216400,201,73
5248,4559379000,840650829,960418198,-167216400,201,73
5249,4559971000,838200822,1072679329,-167216400,201,73
5250,4560564000,835720168,1184940460,-167216400,201,73
5251,4561157000,833181641,1297201591,-167216400,201,73
5252,4561749000,830691307,1409462722,-167216400,201,73
5253,4562342000,828115684,1521723853,-167216400,201,73
5254,4562934000,825582049,1633984984,-167216400,201,73
5255,4563527000,823023470,1746246115,-167216400,201,73
5256,4564120000,820475877,1858507246,-167216400,201,73
5257,4564712000,817835061,1970768377,-167216400,201,73
5258,4565305000,815275803,2083029508,-167216400,201,73
5259,4565898000,812692049,2195290639,-167216400,201,73
5260,4566490000,810096340,2307551770,-167216400,201,73
5261,4567083000,807451947,2419812901,-167216400,201,73
5262,4567676000,804791668,2532074032,-167216400,201,73
5263,4568268000,802153694,2644335163,-167216400,201,73
5264,4568861000,799476758,2756596294,-167216400,201,73
5265,4569453000,796831181,2868857425,-167216400,201,73
5266,4570046000,794151751,2981118556,-167216400,201,73
5267,4570639000,791458877,3093379687,-167216400,201,73
5268,4571231000,788765695,3205640818,-315796338,202,74
5269,4571824000,786035143,3317901949,-315796338,202,74
5270,4572417000,783304477,3430163080,-315796338,202,74
5271,4573009000,780568845,3542424211,-315796338,202,74
5272,4573602000,777822854,3654685342,-315796338,202,74
5273,4574195000,775066880,3766946473,-315796338,202,74
5274,4574787000,772330723,3879207604,-315796338,202,74
5275,4575380000,769569967,3991468735,-315796338,202,74
5276,4575973000,766753884,4103729866,-315796338,202,74
5277,4576565000,763956355,4215990997,-315796338,202,74
5278,4577158000,761165479,33284832,-315796338,202,74
5279,4577750000,758336140,145545963,-315796338,202,74
5280,4578343000,755502111,257807094,-315796338,202,74
5281,4578936000,752646508,370068225,-315796338,202,74
5282,4579528000,749790046,482329356,-315796338,202,74
5283,4580121000,746952547,594590487,-315796338,202,74
5284,4580714000,744064231,706851618,-315796338,202,74
5285,4581306000,741218932,819112749,-315796338,202,74
5286,4581899000,738300648,931373880,-315796338,202,74
5287,4582492000,735417749,1043635011,-315796338,202,74
5288,4583084000,732487824,1155896142,-315796338,202,74
5289,4583677000,729579826,1268157273,-315796338,202,74
5290,4584269000,726649142,1380418404,-315796338,202,74
5291,4584862000,723693373,1492679535,-315796338,202,74
5292,4585455000,720726587,1604940666,-315796338,202,74
5293,4586047000,717783912,1717201797,-315796338,202,74
5294,4586640000,714822056,1829462928,-315796338,202,74
5295,4587233000,711827241,1941724059,-315796338,202,74
5296,4587825000,708807323,2053985190,-315796338,202,74
5297,4588418000,705831421,2166246321,-315796338,202,74
5298,4589011000,702797714,2278507452,-315796338,202,74
5299,4589603000,699821057,2390768583,-315796338,202,74
5300,4590196000,696764182,2503029714,-315796338,202,74
5301,4590789000,693741920,2615290845,-315796338,202,74
5302,4591381000,690660148,2727551976,-315796338,202,74
5303,4591974000,687604208,2839813107,-315796338,202,74
5304,4592566000,684568425,2952074238,-315796338,202,74
5305,4593159000,681466814,3064335369,-315796338,202,74
5306,4593752000,678392272,3176596500,-458005522,203,75
5307,4594344000,675301802,3288857631,-458005522,203,75
5308,4594937000,672161151,3401118762,-458005522,203,75
5309,4595530000,669068369,3513379893,-458005522,203,75
5310,4596122000,665927292,3625641024,-458005522,203,75
5311,4596715000,662813186,3737902155,-458005522,203,75
5312,4597308000,659642963,3850163286,-458005522,203,75
5313,4597900000,656498167,3962424417,-458005522,203,75
5314,4598493000,653374274,4074685548,-458005522,203,75
5315,4599085000,650169254,4186946679,-458005522,203,75
5316,4599678000,647006799,4240514,-458005522,203,75
5317,4600271000,643828371,116501645,-458005522,203,75
5318,4600863000,640622917,228762776,-458005522,203,75
5319,4601456000,637380031,341023907,-458005522,203,75
5320,4602049000,634214654,453285038,-458005522,203,75
5321,4602641000,630992948,565546169,-458005522,203,75
5322,4603234000,627740854,677807300,-458005522,203,75
5323,4603827000,624516087,790068431,-458005522,203,75
5324,4604419000,621254763,902329562,-458005522,203,75
5325,4605012000,618004725,1014590693,-458005522,203,75
5326,4605605000,614731157,1126851824,-458005522,203,75
5327,4606197000,611454639,1239112955,-458005522,203,75
5328,4606790000,608166369,1351374086,-458005522,203,75
5329,4607382000,604896605,1463635217,-458005522,203,75
5330,4607975000,601560754,1575896348,-458005522,203,75
5331,4608568000,598242799,1688157479,-458005522,203,75
5332,4609160000,594931279,1800418610,-458005522,203,75
5333,4609753000,591613184,1912679741,-458005522,203,75
5334,4610346000,588267485,2024940872,-458005522,203,75
5335,4610938000,584938135,2137202003,-458005522,203,75
5336,4611531000,581614303,2249463134,-458005522,203,75
5337,4612124000,578237712,2361724265,-458005522,203,75
5338,4612716000,574868599,2473985396,-458005522,203,75
5339,4613309000,571495250,2586246527,-458005522,203,75
5340,4613901000,568130491,2698507658,-458005522,203,75
5341,4614494000,564731249,2810768789,-458005522,203,75
5342,4615087000,561295940,2923029920,-458005522,203,75
5343,4615679000,557925846,3035291051,-458005522,203,75
5344,4616272000,554525761,3147552182,-590975079,204,76
5345,4616865000,551093165,3259813313,-590975079,204,76
5346,4617457000,547646409,3372074444,-590975079,204,76
5347,4618050000,544236530,3484335575,-590975079,204,76
5348,4618643000,540780020,3596596706,-590975079,204,76
5349,4619235000,537337753,3708857837,-590975079,204,76
5350,4619828000,533890906,3821118968,-590975079,204,76
5351,4620421000,530387493,3933380099,-590975079,204,76
5352,4621013000,526951191,4045641230,-590975079,204,76
5353,4621606000,523432420,4157902361,-590975079,204,76
5354,4622198000,519975376,4270163492,-590975079,204,76
5355,4622791000,516495193,87457327,-590975079,204,76
5356,4623384000,512953002,199718458,-590975079,204,76
5357,4623976000,509447094,311979589,-590975079,204,76
5358,4624569000,505933669,424240720,-590975079,204,76
5359,4625162000,502405024,536501851,-590975079,204,76
5360,4625754000,498890921,648762982,-590975079,204,76
5361,4626347000,495349921,761024113,-590975079,204,76
5362,4626940000,491844652,873285244,-590975079,204,76
5363,4627532000,488286730,985546375,-590975079,204,76
5364,4628125000,484721580,1097807506,-590975079,204,76
5365,4628717000,481170224,1210068637,-590975079,204,76
5366,4629310000,477599348,1322329768,-590975079,204,76
5367,4629903000,473994364,1434590899,-590975079,204,76
5368,4630495000,470408354,1546852030,-590975079,204,76
5369,4631088000,466826609,1659113161,-590975079,204,76
5370,4631681000,463216061,1771374292,-590975079,204,76
5371,4632273000,459658642,1883635423,-590975079,204,76
5372,4632866000,456030268,1995896554,-590975079,204,76
5373,4633459000,452414369,2108157685,-590975079,204,76
5374,4634051000,448791330,2220418816,-590975079,204,76
5375,4634644000,445164964,2332679947,-590975079,204,76
5376,4635237000,441543532,2444941078,-590975079,204,76
5377,4635829000,437879151,2557202209,-590975079,204,76
5378,4636422000,434248528,2669463340,-590975079,204,76
5379,4637014000,430592377,2781724471,-590975079,204,76
5380,4637607000,426922540,2893985602,-590975079,204,76
5381,4638200000,423247031,3006246733,-590975079,204,76
5382,4638792000,419601688,3118507864,-712022532,205,77
5383,4639385000,415953418,3230768995,-712022532,205,77
5384,4639978000,412247114,3343030126,-712022532,205,77
5385,4640570000,408564605,3455291257,-712022532,205,77
5386,4641163000,404863363,3567552388,-712022532,205,77
5387,4641756000,401175691,3679813519,-712022532,205,77
5388,4642348000,397463673,3792074650,-712022532,205,77
5389,4642941000,393764852,3904335781,-712022532,205,77
5390,4643533000,390035979,4016596912,-712022532,205,77
5391,4644126000,386323827,4128858043,-712022532,205,77
5392,4644719000,382609969,4241119174,-712022532,205,77
5393,4645311000,378917755,58413009,-712022532,205,77
5394,4645904000,375135264,170674140,-712022532,205,77
5395,4646497000,371388796,282935271,-712022532,205,77
5396,4647089000,367641154,395196402,-712022532,205,77
5397,4647682000,363882208,507457533,-712022532,205,77
5398,4648275000,360149788,619718664,-712022532,205,77
5399,4648867000,356342136,731979795,-712022532,205,77
5400,4649460000,352615841,844240926,-712022532,205,77
5401,4650053000,348816506,956502057,-712022532,205,77
5402,4650645000,345056101,1068763188,-712022532,205,77
5403,4651238000,341295599,1181024319,-712022532,205,77
5404,4651830000,337505334,1293285450,-712022532,205,77
5405,4652423000,333703805,1405546581,-712022532,205,77
5406,4653016000,329890251,1517807712,-712022532,205,77
5407,4653608000,326113190,1630068843,-712022532,205,77
5408,4654201000,322312753,1742329974,-712022532,205,77
5409,4654794000,318531663,1854591105,-712022532,205,77
5410,4655386000,314678914,1966852236,-712022532,205,77
5411,4655979000,310879366,2079113367,-712022532,205,77
5412,4656572000,307069454,2191374498,-712022532,205,77
5413,4657164000,303217731,2303635629,-712022532,205,77
5414,4657757000,299403250,2415896760,-712022532,205,77
5415,4658349000,295547800,2528157891,-712022532,205,77
5416,4658942000,291708378,2640419022,-712022532,205,77
5417,4659535000,287872734,2752680153,-712022532,205,77
5418,4660127000,284027041,2864941284,-712022532,205,77
5419,4660720000,280188427,2977202415,-712022532,205,77
5420,4661313000,276342647,3089463546,-818705916,206,78
5421,4661905000,272480650,3201724677,-818705916,206,78
5422,4662498000,268596545,3313985808,-818705916,206,78
5423,4663091000,264729017,3426246939,-818705916,206,78
5424,4663683000,260854795,3538508070,-818705916,206,78
5425,4664276000,257018589,3650769201,-818705916,206,78
5426,4664869000,253131038,3763030332,-818705916,206,78
5427,4665461000,249274403,3875291463,-818705916,206,78
5428,4666054000,245379232,3987552594,-818705916,206,78
5429,4666646000,241478779,4099813725,-818705916,206,78
5430,4667239000,237612218,4212074856,-818705916,206,78
5431,4667832000,233746979,29368691,-818705916,206,78
5432,4668424000,229829170,141629822,-818705916,206,78
5433,4669017000,225922241,253890953,-818705916,206,78
5434,4669610000,221988309,366152084,-818705916,206,78
5435,4670202000,218089555,478413215,-818705916,206,78
5436,4670795000,214213105,590674346,-818705916,206,78
5437,4671388000,210275209,702935477,-818705916,206,78
5438,4671980000,206385194,815196608,-818705916,206,78
5439,4672573000,202449090,927457739,-818705916,206,78
5440,4673165000,198537719,1039718870,-818705916,206,78
5441,4673758000,194632612,1151980001,-818705916,206,78
5442,4674351000,190694233,1264241132,-818705916,206,78
5443,4674943000,186771514,1376502263,-818705916,206,78
5444,4675536000,182829851,1488763394,-818705916,206,78
5445,4676129000,178904048,1601024525,-818705916,206,78
5446,4676721000,174971489,1713285656,-818705916,206,78
5447,4677314000,171015790,1825546787,-818705916,206,78
5448,4677907000,167102516,1937807918,-818705916,206,78
5449,4678499000,163134527,2050069049,-818705916,206,78
5450,4679092000,159209856,2162330180,-818705916,206,78
5451,4679685000,155232456,2274591311,-818705916,206,78
5452,4680277000,151310158,2386852442,-818705916,206,78
5453,4680870000,147360809,2499113573,-818705916,206,78
5454,4681462000,143388716,2611374704,-818705916,206,78
5455,4682055000,139437081,2723635835,-818705916,206,78
5456,4682648000,135469569,2835896966,-818705916,206,78
5457,4683240000,131547918,2948158097,-818705916,206,78
5458,4683833000,127559403,3060419228,-908873042,207,79
5459,4684426000,123614023,3172680359,-908873042,207,79
5460,4685018000,119648533,3284941490,-908873042,207,79
5461,4685611000,115665613,3397202621,-908873042,207,79
5462,4686204000,111699628,3509463752,-908873042,207,79
5463,4686796000,107767631,3621724883,-908873042,207,79
5464,4687389000,103786785,3733986014,-908873042,207,79
5465,4687981000,99825575,3846247145,-908873042,207,79
5466,4688574000,95840611,3958508276,-908873042,207,79
5467,4689167000,91872609,4070769407,-908873042,207,79
5468,4689759000,87869445,4183030538,-908873042,207,79
5469,4690352000,83926047,324373,-908873042,207,79
5470,4690945000,79937737,112585504,-908873042,207,79
5471,4691537000,75952772,224846635,-908873042,207,79
5472,4692130000,71946058,337107766,-908873042,207,79
5473,4692723000,67996736,449368897,-908873042,207,79
5474,4693315000,64027116,561630028,-908873042,207,79
5475,4693908000,60024732,673891159,-908873042,207,79
5476,4694501000,56060088,786152290,-908873042,207,79
5477,4695093000,52062742,898413421,-908873042,207,79
5478,4695686000,48060267,1010674552,-908873042,207,79
5479,4696278000,44075775,1122935683,-908873042,207,79
5480,4696871000,40103128,1235196814,-908873042,207,79
5481,4697464000,36123455,1347457945,-908873042,207,79
5482,4698056000,32126360,1459719076,-908873042,207,79
5483,4698649000,28124559,1571980207,-908873042,207,79
5484,4699242000,24141656,1684241338,-908873042,207,79
5485,4699834000,20140591,1796502469,-908873042,207,79
5486,4700427000,16170852,1908763600,-908873042,207,79
5487,4701020000,12168623,2021024731,-908873042,207,79
5488,4701612000,8181852,2133285862,-908873042,207,79
5489,4702205000,4213142,2245546993,-908873042,207,79
5490,4702797000,192938,2357808124,-908873042,207,79
5491,4703390000,-3789864,2470069255,-908873042,207,79
5492,4703983000,-7761249,2582330386,-908873042,207,79
5493,4704575000,-11764883,2694591517,-908873042,207,79
5494,4705168000,-15742723,2806852648,-908873042,207,79
5495,4705761000,-19755602,2919113779,-908873042,207,79
5496,4706353000,-23711065,3031374910,-908873042,207,79
5497,4706946000,-27708455,3143636041,-980704913,208,80
5498,4707539000,-31694231,3255897172,-980704913,208,80
5499,4708131000,-35676725,3368158303,-980704913,208,80
5500,4708724000,-39657563,3480419434,-980704913,208,80
5501,4709317000,-43685858,3592680565,-980704913,208,80
5502,4709909000,-47662194,3704941696,-980704913,208,80
5503,4710502000,-51644283,3817202827,-980704913,208,80
5504,4711094000,-55615565,3929463958,-980704913,208,80
5505,4711687000,-59602040,4041725089,-980704913,208,80
5506,4712280000,-63619124,4153986220,-980704913,208,80
5507,4712872000,-67577569,4266247351,-980704913,208,80
5508,4713465000,-71527975,83541186,-980704913,208,80
5509,4714058000,-75545608,195802317,-980704913,208,80
5510,4714650000,-79521959,308063448,-980704913,208,80
5511,4715243000,-83526168,420324579,-980704913,208,80
5512,4715836000,-87456662,532585710,-980704913,208,80
5513,4716428000,-91457927,644846841,-980704913,208,80
5514,4717021000,-95417990,757107972,-980704913,208,80
5515,4717613000,-99353423,869369103,-980704913,208,80
5516,4718206000,-103353895,981630234,-980704913,208,80
5517,4718799000,-107328624,1093891365,-980704913,208,80
5518,4719391000,-111304776,1206152496,-980704913,208,80
5519,4719984000,-115273662,1318413627,-980704913,208,80
5520,4720577000,-119237823,1430674758,-980704913,208,80
5521,4721169000,-123188351,1542935889,-980704913,208,80
5522,4721762000,-127172665,1655197020,-980704913,208,80
5523,4722355000,-131150023,1767458151,-980704913,208,80
5524,4722947000,-135065251,1879719282,-980704913,208,80
5525,4723540000,-139019183,1991980413,-980704913,208,80
5526,4724133000,-142985320,2104241544,-980704913,208,80
5527,4724725000,-146966804,2216502675,-980704913,208,80
5528,4725318000,-150898191,2328763806,-980704913,208,80
5529,4725910000,-154828721,2441024937,-980704913,208,80
5530,4726503000,-158764841,2553286068,-980704913,208,80
5531,4727096000,-162720138,2665547199,-980704913,208,80
5532,4727688000,-166690861,2777808330,-980704913,208,80
5533,4728281000,-170631331,2890069461,-980704913,208,80
5534,4728874000,-174542701,3002330592,-980704913,208,80
5535,4729466000,-178481294,3114591723,-1032752419,209,81
5536,4730059000,-182391036,3226852854,-1032752419,209,81
5537,4730652000,-186371006,3339113985,-1032752419,209,81
5538,4731244000,-190259983,3451375116,-1032752419,209,81
5539,4731837000,-194221329,3563636247,-1032752419,209,81
5540,4732429000,-198137231,3675897378,-1032752419,209,81
5541,4733022000,-202041173,3788158509,-1032752419,209,81
5542,4733615000,-205944411,3900419640,-1032752419,209,81
5543,4734207000,-209871046,4012680771,-1032752419,209,81
5544,4734800000,-213781771,4124941902,-1032752419,209,81
5545,4735393000,-217673058,4237203033,-1032752419,209,81
5546,4735985000,-221606931,54496868,-1032752419,209,81
5547,4736578000,-225486375,166757999,-1032752419,209,81
5548,4737171000,-229394901,279019130,-1032752419,209,81
5549,4737763000,-233339576,391280261,-1032752419,209,81
5550,4738356000,-237192662,503541392,-1032752419,209,81
5551,4738949000,-241069802,615802523,-1032752419,209,81
5552,4739541000,-244984443,728063654,-1032752419,209,81
5553,4740134000,-248874140,840324785,-1032752419,209,81
5554,4740726000,-252715791,952585916,-1032752419,209,81
5555,4741319000,-256587522,1064847047,-1032752419,209,81
5556,4741912000,-260471561,1177108178,-1032752419,209,81
5557,4742504000,-264322455,1289369309,-1032752419,209,81
5558,4743097000,-268187591,1401630440,-1032752419,209,81
5559,4743690000,-272085188,1513891571,-1032752419,209,81
5560,4744282000,-275930736,1626152702,-1032752419,209,81
5561,4744875000,-279779551,1738413833,-1032752419,209,81
5562,4745468000,-283635022,1850674964,-1032752419,209,81
5563,4746060000,-287479451,1962936095,-1032752419,209,81
5564,4746653000,-291328948,2075197226,-1032752419,209,81
5565,4747245000,-295145188,2187458357,-1032752419,209,81
5566,4747838000,-299005052,2299719488,-1032752419,209,81
5567,4748431000,-302842283,2411980619,-1032752419,209,81
5568,4749023000,-306666777,2524241750,-1032752419,209,81
5569,4749616000,-310483997,2636502881,-1032752419,209,81
5570,4750209000,-314283969,2748764012,-1032752419,209,81
5571,4750801000,-318107672,2861025143,-1032752419,209,81
5572,4751394000,-321903504,2973286274,-1032752419,209,81
5573,4751987000,-325718265,3085547405,-1063965576,210,82
5574,4752579000,-329504113,3197808536,-1063965576,210,82
5575,4753172000,-333303206,3310069667,-1063965576,210,82
5576,4753765000,-337106958,3422330798,-1063965576,210,82
5577,4754357000,-340904682,3534591929,-1063965576,210,82
5578,4754950000,-344661941,3646853060,-1063965576,210,82
5579,4755542000,-348435595,3759114191,-1063965576,210,82
5580,4756135000,-352215424,3871375322,-1063965576,210,82
5581,4756728000,-355973887,3983636453,-1063965576,210,82
5582,4757320000,-359734180,4095897584,-1063965576,210,82
5583,4757913000,-363505435,4208158715,-1063965576,210,82
5584,4758506000,-367227724,25452550,-1063965576,210,82
5585,4759098000,-370989367,137713681,-1063965576,210,82
5586,4759691000,-374734979,249974812,-1063965576,210,82
5587,4760284000,-378504585,362235943,-1063965576,210,82
5588,4760876000,-382230941,474497074,-1063965576,210,82
5589,4761469000,-385933881,586758205,-1063965576,210,82
5590,4762061000,-389663583,699019336,-1063965576,210,82
5591,4762654000,-393358397,811280467,-1063965576,210,82
5592,4763247000,-397092221,923541598,-1063965576,210,82
5593,4763839000,-400778288,1035802729,-1063965576,210,82
5594,4764432000,-404469696,1148063860,-1063965576,210,82
5595,4765025000,-408190066,1260324991,-1063965576,210,82
5596,4765617000,-411845608,1372586122,-1063965576,210,82
5597,4766210000,-415574980,1484847253,-1063965576,210,82
5598,4766803000,-419231266,1597108384,-1063965576,210,82
5599,4767395000,-422883478,1709369515,-1063965576,210,82
5600,4767988000,-426568519,1821630646,-1063965576,210,82
5601,4768581000,-430225460,1933891777,-1063965576,210,82
5602,4769173000,-433873786,2046152908,-1063965576,210,82
5603,4769766000,-437486144,2158414039,-1063965576,210,82
5604,4770358000,-441150248,2270675170,-1063965576,210,82
5605,4770951000,-444789608,2382936301,-1063965576,210,82
5606,4771544000,-448397329,2495197432,-1063965576,210,82
5607,4772136000,-452038826,2607458563,-1063965576,210,82
5608,4772729000,-455675450,2719719694,-1063965576,210,82
5609,4773322000,-459248911,2831980825,-1063965576,210,82
5610,4773914000,-462866421,2944241956,-1063965576,210,82
5611,4774507000,-466461552,3056503087,-1073714701,211,83
5612,4775100000,-470052281,3168764218,-1073714701,211,83
5613,4775692000,-473645739,3281025349,-1073714701,211,83
5614,4776285000,-477200913,3393286480,-1073714701,211,83
5615,4776877000,-480808042,3505547611,-1073714701,211,83
5616,4777470000,-484343756,3617808742,-1073714701,211,83
5617,4778063000,-487891228,3730069873,-1073714701,211,83
5618,4778655000,-491465861,3842331004,-1073714701,211,83
5619,4779248000,-494971955,3954592135,-1073714701,211,83
5620,4779841000,-498518580,4066853266,-1073714701,211,83
5621,4780433000,-502078003,4179114397,-1073714701,211,83
5622,4781026000,-505580346,4291375528,-1073714701,211,83
5623,4781619000,-509094639,108669363,-1073714701,211,83
5624,4782211000,-512601761,220930494,-1073714701,211,83
5625,4782804000,-516130223,333191625,-1073714701,211,83
5626,4783397000,-519619804,445452756,-1073714701,211,83
5627,4783989000,-523083628,557713887,-1073714701,211,83
5628,4784582000,-526568163,669975018,-1073714701,211,83
5629,4785174000,-530046354,782236149,-1073714701,211,83
5630,4785767000,-533517315,894497280,-1073714701,211,83
5631,4786360000,-536965928,1006758411,-1073714701,211,83
5632,4786952000,-540427150,1119019542,-1073714701,211,83
5633,4787545000,-543882794,1231280673,-1073714701,211,83
5634,4788138000,-547307480,1343541804,-1073714701,211,83
5635,4788730000,-550718320,1455802935,-1073714701,211,83
5636,4789323000,-554169934,1568064066,-1073714701,211,83
5637,4789916000,-557556362,1680325197,-1073714701,211,83
5638,4790508000,-560956914,1792586328,-1073714701,211,83
5639,4791101000,-564355716,1904847459,-1073714701,211,83
5640,4791693000,-567761262,2017108590,-1073714701,211,83
5641,4792286000,-571177955,2129369721,-1073714701,211,83
5642,4792879000,-574530303,2241630852,-1073714701,211,83
5643,4793471000,-577873778,2353891983,-1073714701,211,83
5644,4794064000,-581224563,2466153114,-1073714701,211,83
5645,4794657000,-584584200,2578414245,-1073714701,211,83
5646,4795249000,-587947142,2690675376,-1073714701,211,83
5647,4795842000,-591254032,2802936507,-1073714701,211,83
5648,4796435000,-594605820,2915197638,-1073714701,211,83
5649,4797027000,-597903602,3027458769,-1061803118,212,84
5650,4797620000,-601230813,3139719900,-1061803118,212,84
5651,4798213000,-604522246,3251981031,-1061803118,212,84
5652,4798805000,-607812172,3364242162,-1061803118,212,84
5653,4799398000,-611059654,3476503293,-1061803118,212,84
5654,4799990000,-614423490,3588764424,-1061803118,212,84
5655,4800583000,-617663321,3701025555,-1061803118,212,84
5656,4801176000,-620930382,3813286686,-1061803118,212,84
5657,4801768000,-624191624,3925547817,-1061803118,212,84
5658,4802361000,-627394869,4037808948,-1061803118,212,84
5659,4802954000,-630649361,4150070079,-1061803118,212,84
5660,4803546000,-633872729,4262331210,-1061803118,212,84
5661,4804139000,-637076060,79625045,-1061803118,212,84
5662,4804732000,-640275366,191886176,-1061803118,212,84
5663,4805324000,-643488414,304147307,-1061803118,212,84
5664,4805917000,-646702401,416408438,-1061803118,212,84
5665,4806509000,-649852560,528669569,-1061803118,212,84
5666,4807102000,-653012014,640930700,-1061803118,212,84
5667,4807695000,-656182099,753191831,-1061803118,212,84
5668,4808287000,-659346559,865452962,-1061803118,212,84
5669,4808880000,-662469421,977714093,-1061803118,212,84
5670,4809473000,-665608544,1089975224,-1061803118,212,84
5671,4810065000,-668734033,1202236355,-1061803118,212,84
5672,4810658000,-671863386,1314497486,-1061803118,212,84
5673,4811251000,-674963260,1426758617,-1061803118,212,84
5674,4811843000,-678071647,1539019748,-1061803118,212,84
5675,4812436000,-681143238,1651280879,-1061803118,212,84
5676,4813029000,-684251208,1763542010,-1061803118,212,84
5677,4813621000,-687299643,1875803141,-1061803118,212,84
5678,4814214000,-690356303,1988064272,-1061803118,212,84
5679,4814806000,-693387859,2100325403,-1061803118,212,84
5680,4815399000,-696444512,2212586534,-1061803118,212,84
5681,4815992000,-699511433,2324847665,-1061803118,212,84
5682,4816584000,-702502442,2437108796,-1061803118,212,84
5683,4817177000,-705512095,2549369927,-1061803118,212,84
5684,4817770000,-708512627,2661631058,-1061803118,212,84
5685,4818362000,-711529698,2773892189,-1061803118,212,84
5686,4818955000,-714507038,2886153320,-1061803118,212,84
5687,4819548000,-717467426,2998414451,-1061803118,212,84
5688,4820140000,-720427850,3110675582,-1028471127,213,85
5689,4820733000,-723392963,3222936713,-1028471127,213,85
5690,4821325000,-726330616,3335197844,-1028471127,213,85
5691,4821918000,-729242636,3447458975,-1028471127,213,85
5692,4822511000,-732207813,3559720106,-1028471127,213,85
5693,4823103000,-735102239,3671981237,-1028471127,213,85
5694,4823696000,-738004942,3784242368,-1028471127,213,85
5695,4824289000,-740893101,3896503499,-1028471127,213,85
5696,4824881000,-743756100,4008764630,-1028471127,213,85
5697,4825474000,-746677865,4121025761,-1028471127,213,85
5698,4826067000,-749517899,4233286892,-1028471127,213,85
5699,4826659000,-752373086,50580727,-1028471127,213,85
5700,4827252000,-755176585,162841858,-1028471127,213,85
5701,4827845000,-758032848,275102989,-1028471127,213,85
5702,4828437000,-760896452,387364120,-1028471127,213,85
5703,4829030000,-763669892,499625251,-1028471127,213,85
5704,4829622000,-766479778,611886382,-1028471127,213,85
5705,4830215000,-769256252,724147513,-1028471127,213,85
5706,4830808000,-772067948,836408644,-1028471127,213,85
5707,4831400000,-774795283,948669775,-1028471127,213,85
5708,4831993000,-777558188,1060930906,-1028471127,213,85
5709,4832586000,-780280759,1173192037,-1028471127,213,85
5710,4833178000,-783035793,1285453168,-1028471127,213,85
5711,4833771000,-785768981,1397714299,-1028471127,213,85
5712,4834364000,-788501306,1509975430,-1028471127,213,85
5713,4834956000,-791191279,1622236561,-1028471127,213,85
5714,4835549000,-793838404,1734497692,-1028471127,213,85
5715,4836141000,-796558494,1846758823,-1028471127,213,85
5716,4836734000,-799243996,1959019954,-1028471127,213,85
5717,4837327000,-801901977,2071281085,-1028471127,213,85
5718,4837919000,-804536326,2183542216,-1028471127,213,85
5719,4838512000,-807172444,2295803347,-1028471127,213,85
5720,4839105000,-809814666,2408064478,-1028471127,213,85
5721,4839697000,-812424761,2520325609,-1028471127,213,85
5722,4840290000,-815021128,2632586740,-1028471127,213,85
5723,4840883000,-817596740,2744847871,-1028471127,213,85
5724,4841475000,-820200504,2857109002,-1028471127,213,85
5725,4842068000,-822741133,2969370133,-1028471127,213,85
5726,4842661000,-825314747,3081631264,-974391156,214,86
5727,4843253000,-827856211,3193892395,-974391156,214,86
5728,4843846000,-830385190,3306153526,-974391156,214,86
5729,4844438000,-832922117,3418414657,-974391156,214,86
5730,4845031000,-835422514,3530675788,-974391156,214,86
5731,4845624000,-837920811,3642936919,-974391156,214,86
5732,4846216000,-840398555,3755198050,-974391156,214,86
5733,4846809000,-842904819,3867459181,-974391156,214,86
5734,4847402000,-845355473,3979720312,-974391156,214,86
5735,4847994000,-847816723,4091981443,-974391156,214,86
5736,4848587000,-850258222,4204242574,-974391156,214,86
5737,4849180000,-852690006,21536409,-974391156,214,86
5738,4849772000,-855128873,133797540,-974391156,214,86
5739,4850365000,-857508482,246058671,-974391156,214,86
5740,4850957000,-859932454,358319802,-974391156,214,86
5741,4851550000,-862300509,470580933,-974391156,214,86
5742,4852143000,-864667143,582842064,-974391156,214,86
5743,4852735000,-867044130,695103195,-974391156,214,86
5744,4853328000,-869384023,807364326,-974391156,214,86
5745,4853921000,-871724453,919625457,-974391156,214,86
5746,4854513000,-874026183,1031886588,-974391156,214,86
5747,4855106000,-876349939,1144147719,-974391156,214,86
5748,4855699000,-878642011,1256408850,-974391156,214,86
5749,4856291000,-880927600,1368669981,-974391156,214,86
5750,4856884000,-883209810,1480931112,-974391156,214,86
5751,4857477000,-885455500,1593192243,-974391156,214,86
5752,4858069000,-887702554,1705453374,-974391156,214,86
5753,4858662000,-889965726,1817714505,-974391156,214,86
5754,4859254000,-892164742,1929975636,-974391156,214,86
5755,4859847000,-894399806,2042236767,-974391156,214,86
5756,4860440000,-896585797,2154497898,-974391156,214,86
5757,4861032000,-898791295,2266759029,-974391156,214,86
5758,4861625000,-900940904,2379020160,-974391156,214,86
5759,4862218000,-903126878,2491281291,-974391156,214,86
5760,4862810000,-905306379,2603542422,-974391156,214,86
5761,4863403000,-907428511,2715803553,-974391156,214,86
5762,4863996000,-909539713,2828064684,-974391156,214,86
5763,4864588000,-911644816,2940325815,-974391156,214,86
5764,4865181000,-913768935,3052586946,-900654192,215,87
5765,4865773000,-915841165,3164848077,-900654192,215,87
5766,4866366000,-917925879,3277109208,-900654192,215,87
5767,4866959000,-920001999,3389370339,-900654192,215,87
5768,4867551000,-922065472,3501631470,-900654192,215,87
5769,4868144000,-924041466,3613892601,-900654192,215,87
5770,4868737000,-926074381,3726153732,-900654192,215,87
5771,4869329000,-928105139,3838414863,-900654192,215,87
5772,4869922000,-930087097,3950675994,-900654192,215,87
5773,4870515000,-932092796,4062937125,-900654192,215,87
5774,4871107000,-934067621,4175198256,-900654192,215,87
5775,4871700000,-936051915,4287459387,-900654192,215,87
5776,4872293000,-937993380,104753222,-900654192,215,87
5777,4872885000,-939920182,217014353,-900654192,215,87
5778,4873478000,-941854054,329275484,-900654192,215,87
5779,4874070000,-943782108,441536615,-900654192,215,87
5780,4874663000,-945647684,553797746,-900654192,215,87
5781,4875256000,-947533867,666058877,-900654192,215,87
5782,4875848000,-949397009,778320008,-900654192,215,87
5783,4876441000,-951259839,890581139,-900654192,215,87
5784,4877034000,-953088797,1002842270,-900654192,215,87
5785,4877626000,-954923524,1115103401,-900654192,215,87
5786,4878219000,-956768183,1227364532,-900654192,215,87
5787,4878812000,-958571622,1339625663,-900654192,215,87
5788,4879404000,-960333900,1451886794,-900654192,215,87
5789,4879997000,-962136463,1564147925,-900654192,215,87
5790,4880589000,-963888573,1676409056,-900654192,215,87
5791,4881182000,-965620568,1788670187,-900654192,215,87
5792,4881775000,-967373579,1900931318,-900654192,215,87
5793,4882367000,-969115784,2013192449,-900654192,215,87
5794,4882960000,-970838846,2125453580,-900654192,215,87
5795,4883553000,-972495815,2237714711,-900654192,215,87
5796,4884145000,-974188045,2349975842,-900654192,215,87
5797,4884738000,-975849770,2462236973,-900654192,215,87
5798,4885331000,-977519358,2574498104,-900654192,215,87
5799,4885923000,-979179220,2686759235,-900654192,215,87
5800,4886516000,-980784514,2799020366,-900654192,215,87
5801,4887109000,-982414346,2911281497,-900654192,215,87
5802,4887701000,-984003429,3023542628,-808747777,216,88
5803,4888294000,-985617654,3135803759,-808747777,216,88
5804,4888886000,-987186025,3248064890,-808747777,216,88
5805,4889479000,-988731739,3360326021,-808747777,216,88
5806,4890072000,-990292664,3472587152,-808747777,216,88
5807,4890664000,-991850296,3584848283,-808747777,216,88
5808,4891257000,-993369673,3697109414,-808747777,216,88
5809,4891850000,-994867275,3809370545,-808747777,216,88
5810,4892442000,-996383061,3921631676,-808747777,216,88
5811,4893035000,-997823870,4033892807,-808747777,216,88
5812,4893628000,-999316287,4146153938,-808747777,216,88
5813,4894220000,-1000763125,4258415069,-808747777,216,88
5814,4894813000,-1002206340,75708904,-808747777,216,88
5815,4895405000,-1003626295,187970035,-808747777,216,88
5816,4895998000,-1005017904,300231166,-808747777,216,88
5817,4896591000,-1006450809,412492297,-808747777,216,88
5818,4897183000,-1007821903,524753428,-808747777,216,88
5819,4897776000,-1009170491,637014559,-808747777,216,88
5820,4898369000,-1010563173,749275690,-808747777,216,88
5821,4898961000,-1011873517,861536821,-808747777,216,88
5822,4899554000,-1013180047,973797952,-808747777,216,88
5823,4900147000,-1014511223,1086059083,-808747777,216,88
5824,4900739000,-1015811570,1198320214,-808747777,216,88
5825,4901332000,-1017101923,1310581345,-808747777,216,88
5826,4901925000,-1018368487,1422842476,-808747777,216,88
5827,4902517000,-1019649886,1535103607,-808747777,216,88
5828,4903110000,-1020894215,1647364738,-808747777,216,88
5829,4903702000,-1022111983,1759625869,-808747777,216,88
5830,4904295000,-1023316573,1871887000,-808747777,216,88
5831,4904888000,-1024517871,1984148131,-808747777,216,88
5832,4905480000,-1025700507,2096409262,-808747777,216,88
5833,4906073000,-1026888628,2208670393,-808747777,216,88
5834,4906666000,-1028060621,2320931524,-808747777,216,88
5835,4907258000,-1029170268,2433192655,-808747777,216,88
5836,4907851000,-1030329660,2545453786,-808747777,216,88
5837,4908444000,-1031439773,2657714917,-808747777,216,88
5838,4909036000,-1032559287,2769976048,-808747777,216,88
5839,4909629000,-1033640299,2882237179,-808747777,216,88
5840,4910221000,-1034681879,2994498310,-700525995,217,89
5841,4910814000,-1035767504,3106759441,-700525995,217,89
5842,4911407000,-1036808110,3219020572,-700525995,217,89
5843,4911999000,-1037836085,3331281703,-700525995,217,89
5844,4912592000,-1038838068,3443542834,-700525995,217,89
5845,4913185000,-1039854976,3555803965,-700525995,217,89
5846,4913777000,-1040848633,3668065096,-700525995,217,89
5847,4914370000,-1041799622,3780326227,-700525995,217,89
5848,4914963000,-1042783096,3892587358,-700525995,217,89
5849,4915555000,-1043716583,4004848489,-700525995,217,89
5850,4916148000,-1044650238,4117109620,-700525995,217,89
5851,4916741000,-1045561474,4229370751,-700525995,217,89
5852,4917333000,-1046469198,46664586,-700525995,217,89
5853,4917926000,-1047342214,158925717,-700525995,217,89
5854,4918518000,-1048209709,271186848,-700525995,217,89
5855,4919111000,-1049112873,383447979,-700525995,217,89
5856,4919704000,-1049940336,495709110,-700525995,217,89
5857,4920296000,-1050769280,607970241,-700525995,217,89
5858,4920889000,-1051556827,720231372,-700525995,217,89
5859,4921482000,-1052380012,832492503,-700525995,217,89
5860,4922074000,-1053136371,944753634,-700525995,217,89
5861,4922667000,-1053916360,1057014765,-700525995,217,89
5862,4923260000,-1054666246,1169275896,-700525995,217,89
5863,4923852000,-1055391599,1281537027,-700525995,217,89
5864,4924445000,-1056128730,1393798158,-700525995,217,89
5865,4925037000,-1056854655,1506059289,-700525995,217,89
5866,4925630000,-1057561765,1618320420,-700525995,217,89
5867,4926223000,-1058208918,1730581551,-700525995,217,89
5868,4926815000,-1058900924,1842842682,-700525995,217,89
5869,4927408000,-1059573199,1955103813,-700525995,217,89
5870,4928001000,-1060196546,2067364944,-700525995,217,89
5871,4928593000,-1060835018,2179626075,-700525995,217,89
5872,4929186000,-1061441022,2291887206,-700525995,217,89
5873,4929779000,-1062028105,2404148337,-700525995,217,89
5874,4930371000,-1062598502,2516409468,-700525995,217,89
5875,4930964000,-1063176341,2628670599,-700525995,217,89
5876,4931557000,-1063734450,2740931730,-700525995,217,89
5877,4932149000,-1064240069,2853192861,-700525995,217,89
5878,4932742000,-1064788354,2965453992,-578172071,218,90
5879,4933334000,-1065305785,3077715123,-578172071,218,90
5880,4933927000,-1065809783,3189976254,-578172071,218,90
5881,4934520000,-1066259448,3302237385,-578172071,218,90
5882,4935112000,-1066737244,3414498516,-578172071,218,90
5883,4935705000,-1067169989,3526759647,-578172071,218,90
5884,4936298000,-1067588244,3639020778,-578172071,218,90
5885,4936890000,-1068022008,3751281909,-578172071,218,90
5886,4937483000,-1068456488,3863543040,-578172071,218,90
5887,4938076000,-1068856443,3975804171,-578172071,218,90
5888,4938668000,-1069196666,4088065302,-578172071,218,90
5889,4939261000,-1069538479,4200326433,-578172071,218,90
5890,4939853000,-1069903916,17620268,-578172071,218,90
5891,4940446000,-1070218381,129881399,-578172071,218,90
5892,4941039000,-1070558418,242142530,-578172071,218,90
5893,4941631000,-1070846933,354403661,-578172071,218,90
5894,4942224000,-1071135014,466664792,-578172071,218,90
5895,4942817000,-1071411470,578925923,-578172071,218,90
5896,4943409000,-1071645728,691187054,-578172071,218,90
5897,4944002000,-1071893479,803448185,-578172071,218,90
5898,4944595000,-1072132903,915709316,-578172071,218,90
5899,4945187000,-1072328000,1027970447,-578172071,218,90
5900,4945780000,-1072541772,1140231578,-578172071,218,90
5901,4946373000,-1072699246,1252492709,-578172071,218,90
5902,4946965000,-1072875317,1364753840,-578172071,218,90
5903,4947558000,-1073049181,1477014971,-578172071,218,90
5904,4948150000,-1073183457,1589276102,-578172071,218,90
5905,4948743000,-1073291878,1701537233,-578172071,218,90
5906,4949336000,-1073393589,1813798364,-578172071,218,90
5907,4949928000,-1073510020,1926059495,-578172071,218,90
5908,4950521000,-1073593098,2038320626,-578172071,218,90
5909,4951114000,-1073646749,2150581757,-578172071,218,90
5910,4951706000,-1073694180,2262842888,-578172071,218,90
5911,4952299000,-1073716475,2375104019,-578172071,218,90
5912,4952892000,-1073779181,2487365150,-578172071,218,90
5913,4953484000,-1073760958,2599626281,-578172071,218,90
5914,4954077000,-1073733713,2711887412,-578172071,218,90
5915,4954669000,-1073711017,2824148543,-578172071,218,90
5916,4955262000,-1073650645,2936409674,-578172071,218,90
5917,4955855000,-1073613973,3048670805,-444154326,219,91
5918,4956447000,-1073548169,3160931936,-444154326,219,91
5919,4957040000,-1073478054,3273193067,-444154326,219,91
5920,4957633000,-1073378065,3385454198,-444154326,219,91
5921,4958225000,-1073266336,3497715329,-444154326,219,91
5922,4958818000,-1073120364,3609976460,-444154326,219,91
5923,4959411000,-1072965375,3722237591,-444154326,219,91
5924,4960003000,-1072821193,3834498722,-444154326,219,91
5925,4960596000,-1072666618,3946759853,-444154326,219,91
5926,4961189000,-1072480564,4059020984,-444154326,219,91
5927,4961781000,-1072245054,4171282115,-444154326,219,91
5928,4962374000,-1072044733,4283543246,-444154326,219,91
5929,4962966000,-1071849363,100837081,-444154326,219,91
5930,4963559000,-1071565902,213098212,-444154326,219,91
5931,4964152000,-1071306348,325359343,-444154326,219,91
5932,4964744000,-1071035556,437620474,-444154326,219,91
5933,4965337000,-1070728869,549881605,-444154326,219,91
5934,4965930000,-1070415136,662142736,-444154326,219,91
5935,4966522000,-1070067580,774403867,-444154326,219,91
5936,4967115000,-1069791898,886664998,-444154326,219,91
5937,4967708000,-1069393314,998926129,-444154326,219,91
5938,4968300000,-1069044887,1111187260,-444154326,219,91
5939,4968893000,-1068699528,1223448391,-444154326,219,91
5940,4969485000,-1068262539,1335709522,-444154326,219,91
5941,4970078000,-1067862103,1447970653,-444154326,219,91
5942,4970671000,-1067446473,1560231784,-444154326,219,91
5943,4971263000,-1066992460,1672492915,-444154326,219,91
5944,4971856000,-1066553121,1784754046,-444154326,219,91
5945,4972449000,-1066081885,1897015177,-444154326,219,91
5946,4973041000,-1065608169,2009276308,-444154326,219,91
5947,4973634000,-1065125353,2121537439,-444154326,219,91
5948,4974227000,-1064563667,2233798570,-444154326,219,91
5949,4974819000,-1064048583,2346059701,-444154326,219,91
5950,4975412000,-1063500238,2458320832,-444154326,219,91
5951,4976005000,-1062953749,2570581963,-444154326,219,91
5952,4976597000,-1062388418,2682843094,-444154326,219,91
5953,4977190000,-1061794331,2795104225,-444154326,219,91
5954,4977782000,-1061217040,2907365356,-444154326,219,91
5955,4978375000,-1060570275,3019626487,-301176383,220,92
5956,4978968000,-1059939374,3131887618,-301176383,220,92
5957,4979560000,-1059321643,3244148749,-301176383,220,92
5958,4980153000,-1058646945,3356409880,-301176383,220,92
5959,4980746000,-1057997558,3468671011,-301176383,220,92
5960,4981338000,-1057287685,3580932142,-301176383,220,92
5961,4981931000,-1056561571,3693193273,-301176383,220,92
5962,4982524000,-1055876354,3805454404,-301176383,220,92
5963,4983116000,-1055143466,3917715535,-301176383,220,92
5964,4983709000,-1054405786,4029976666,-301176383,220,92
5965,4984301000,-1053632433,4142237797,-301176383,220,92
5966,4984894000,-1052851181,4254498928,-301176383,220,92
5967,4985487000,-1052069716,71792763,-301176383,220,92
5968,4986079000,-1051272078,184053894,-301176383,220,92
5969,4986672000,-1050427819,296315025,-301176383,220,92
5970,4987265000,-1049626726,408576156,-301176383,220,92
5971,4987857000,-1048761247,520837287,-301176383,220,92
5972,4988450000,-1047894419,633098418,-301176383,220,92
5973,4989043000,-1047038733,745359549,-301176383,220,92
5974,4989635000,-1046131002,857620680,-301176383,220,92
5975,4990228000,-1045205696,969881811,-301176383,220,92
5976,4990821000,-1044287627,1082142942,-301176383,220,92
5977,4991413000,-1043352886,1194404073,-301176383,220,92
5978,4992006000,-1042419810,1306665204,-301176383,220,92
5979,4992598000,-1041452753,1418926335,-301176383,220,92
5980,4993191000,-1040459403,1531187466,-301176383,220,92
5981,4993784000,-1039460917,1643448597,-301176383,220,92
5982,4994376000,-1038460467,1755709728,-301176383,220,92
5983,4994969000,-1037453258,1867970859,-301176383,220,92
5984,4995562000,-1036397351,1980231990,-301176383,220,92
5985,4996154000,-1035343356,2092493121,-301176383,220,92
5986,4996747000,-1034313585,2204754252,-301176383,220,92
5987,4997340000,-1033238224,2317015383,-301176383,220,92
5988,4997932000,-1032133512,2429276514,-301176383,220,92
5989,4998525000,-1031011939,2541537645,-301176383,220,92
5990,4999117000,-1029916877,2653798776,-301176383,220,92
5991,4999710000,-1028758334,2766059907,-301176383,220,92
5992,5000303000,-1027627077,2878321038,-301176383,220,92
5993,5000895000,-1026432036,2990582169,-152122623,221,93
5994,5001488000,-1025258804,3102843300,-152122623,221,93
5995,5002081000,-1024088722,3215104431,-152122623,221,93
5996,5002673000,-1022881805,3327365562,-152122623,221,93
5997,5003266000,-1021635314,3439626693,-152122623,221,93
5998,5003859000,-1020406923,3551887824,-152122623,221,93
5999,5004451000,-1019157459,3664148955,-152122623,221,93
6000,5005044000,-1017870338,3776410086,-152122623,221,93
6001,5005637000,-1016660691,3888671217,-152122623,221,93
6002,5006229000,-1015322995,4000932348,-152122623,221,93
6003,5006822000,-1014038588,4113193479,-152122623,221,93
6004,5007414000,-1012723520,4225454610,-152122623,221,93
6005,5008007000,-1011415551,42748445,-152122623,221,93
6006,5008600000,-1010017155,155009576,-152122623,221,93
6007,5009192000,-1008663230,267270707,-152122623,221,93
6008,5009785000,-1007308034,379531838,-152122623,221,93
6009,5010378000,-1005902645,491792969,-152122623,221,93
6010,5010970000,-1004505786,604054100,-152122623,221,93
6011,5011563000,-1003073078,716315231,-152122623,221,93
6012,5012156000,-1001666135,828576362,-152122623,221,93
6013,5012748000,-1000200092,940837493,-152122623,221,93
6014,5013341000,-998738060,1053098624,-152122623,221,93
6015,5013933000,-997280254,1165359755,-152122623,221,93
6016,5014526000,-995787849,1277620886,-152122623,221,93
6017,5015119000,-994292359,1389882017,-152122623,221,93
6018,5015711000,-992761409,1502143148,-152122623,221,93
6019,5016304000,-991236099,1614404279,-152122623,221,93
6020,5016897000,-989709047,1726665410,-152122623,221,93
6021,5017489000,-988167878,1838926541,-152122623,221,93
6022,5018082000,-986620154,1951187672,-152122623,221,93
6023,5018675000,-985014492,2063448803,-152122623,221,93
6024,5019267000,-983422185,2175709934,-152122623,221,93
6025,5019860000,-981793956,2287971065,-152122623,221,93
6026,5020453000,-980189187,2400232196,-152122623,221,93
6027,5021045000,-978549801,2512493327,-152122623,221,93
6028,5021638000,-976884007,2624754458,-152122623,221,93
6029,5022230000,-975243733,2737015589,-152122623,221,93
6030,5022823000,-973557218,2849276720,-152122623,221,93
6031,5023416000,-971859322,2961537851,0,222,94
6032,5024008000,-970172636,3073798982,0,222,94
6033,5024601000,-968474469,3186060113,0,222,94
6034,5025194000,-966718587,3298321244,0,222,94
6035,5025786000,-964976027,3410582375,0,222,94
6036,5026379000,-963210277,3522843506,0,222,94
6037,5026972000,-961453099,3635104637,0,222,94
6038,5027564000,-959669146,3747365768,0,222,94
6039,5028157000,-957849436,3859626899,0,222,94
6040,5028749000,-956081750,3971888030,0,222,94
6041,5029342000,-954256925,4084149161,0,222,94
6042,5029935000,-952399693,4196410292,0,222,94
6043,5030527000,-950563625,13704127,0,222,94
6044,5031120000,-948704939,125965258,0,222,94
6045,5031713000,-946820768,238226389,0,222,94
6046,5032305000,-944922461,350487520,0,222,94
6047,5032898000,-943041786,462748651,0,222,94
6048,5033491000,-941122277,575009782,0,222,94
6049,5034083000,-939170150,687270913,0,222,94
6050,5034676000,-937262396,799532044,0,222,94
6051,5035269000,-935308048,911793175,0,222,94
6052,5035861000,-933330005,1024054306,0,222,94
6053,5036454000,-931368368,1136315437,0,222,94
6054,5037046000,-929339287,1248576568,0,222,94
6055,5037639000,-927333588,1360837699,0,222,94
6056,5038232000,-925348033,1473098830,0,222,94
6057,5038824000,-923312089,1585359961,0,222,94
6058,5039417000,-921244405,1697621092,0,222,94
6059,5040010000,-919201997,1809882223,0,222,94
6060,5040602000,-917124078,1922143354,0,222,94
6061,5041195000,-915062124,2034404485,0,222,94
6062,5041788000,-912962895,2146665616,0,222,94
6063,5042380000,-910845323,2258926747,0,222,94
6064,5042973000,-908745779,2371187878,0,222,94
6065,5043565000,-906628421,2483449009,0,222,94
6066,5044158000,-904482184,2595710140,0,222,94
6067,5044751000,-902314558,2707971271,0,222,94
6068,5045343000,-900141452,2820232402,0,222,94
6069,5045936000,-897961786,2932493533,152122623,223,95
6070,5046529000,-895760669,3044754664,152122623,223,95
6071,5047121000,-893581429,3157015795,152122623,223,95
6072,5047714000,-891338104,3269276926,152122623,223,95
6073,5048307000,-889134000,3381538057,152122623,223,95
6074,5048899000,-886875381,3493799188,152122623,223,95
6075,5049492000,-884612980,3606060319,152122623,223,95
6076,5050085000,-882332122,3718321450,152122623,223,95
6077,5050677000,-880072342,3830582581,152122623,223,95
6078,5051270000,-877785475,3942843712,152122623,223,95
6079,5051862000,-875469695,4055104843,152122623,223,95
6080,5052455000,-873163759,4167365974,152122623,223,95
6081,5053048000,-870850760,4279627105,152122623,223,95
6082,5053640000,-868491411,96920940,152122623,223,95
6083,5054233000,-866126830,209182071,152122623,223,95
6084,5054826000,-863741679,321443202,152122623,223,95
6085,5055418000,-861412999,433704333,152122623,223,95
6086,5056011000,-858997141,545965464,152122623,223,95
6087,5056604000,-856588931,658226595,152122623,223,95
6088,5057196000,-854174371,770487726,152122623,223,95
6089,5057789000,-851786443,882748857,152122623,223,95
6090,5058381000,-849308916,995009988,152122623,223,95
6091,5058974000,-846869178,1107271119,152122623,223,95
6092,5059567000,-844435007,1219532250,152122623,223,95
6093,5060159000,-841972119,1331793381,152122623,223,95
6094,5060752000,-839472126,1444054512,152122623,223,95
6095,5061345000,-836979363,1556315643,152122623,223,95
6096,5061937000,-834489919,1668576774,152122623,223,95
6097,5062530000,-831943325,1780837905,152122623,223,95
6098,5063123000,-829436212,1893099036,152122623,223,95
6099,5063715000,-826885524,2005360167,152122623,223,95
6100,5064308000,-824360243,2117621298,152122623,223,95
6101,5064901000,-821769407,2229882429,152122623,223,95
6102,5065493000,-819212902,2342143560,152122623,223,95
6103,5066086000,-816643971,2454404691,152122623,223,95
6104,5066678000,-814031692,2566665822,152122623,223,95
6105,5067271000,-811421010,2678926953,152122623,223,95
6106,5067864000,-808810016,2791188084,152122623,223,95
6107,5068456000,-806177581,2903449215,301176383,224,96
6108,5069049000,-803520701,3015710346,301176383,224,96
6109,5069642000,-800864566,3127971477,301176383,224,96
6110,5070234000,-798257461,3240232608,301176383,224,96
6111,5070827000,-795551112,3352493739,301176383,224,96
6112,5071420000,-792862390,3464754870,301176383,224,96
6113,5072012000,-790167626,3577016001,301176383,224,96
6114,5072605000,-787455896,3689277132,301176383,224,96
6115,5073197000,-784770999,3801538263,301176383,224,96
6116,5073790000,-782025372,3913799394,301176383,224,96
6117,5074383000,-779289334,4026060525,301176383,224,96
6118,5074975000,-776524940,4138321656,301176383,224,96
6119,5075568000,-773757504,4250582787,301176383,224,96
6120,5076161000,-771015629,67876622,301176383,224,96
6121,5076753000,-768209977,180137753,301176383,224,96
6122,5077346000,-765404208,292398884,301176383,224,96
6123,5077939000,-762610033,404660015,301176383,224,96
6124,5078531000,-759784630,516921146,301176383,224,96
6125,5079124000,-756961520,629182277,301176383,224,96
6126,5079717000,-754143533,741443408,301176383,224,96
6127,5080309000,-751304328,853704539,301176383,224,96
6128,5080902000,-748424890,965965670,301176383,224,96
6129,5081494000,-745561782,1078226801,301176383,224,96
6130,5082087000,-742709449,1190487932,301176383,224,96
6131,5082680000,-739807994,1302749063,301176383,224,96
6132,5083272000,-736926245,1415010194,301176383,224,96
6133,5083865000,-734007105,1527271325,301176383,224,96
6134,5084458000,-731094159,1639532456,301176383,224,96
6135,5085050000,-728147604,1751793587,301176383,224,96
6136,5085643000,-725229739,1864054718,301176383,224,96
6137,5086236000,-722265573,1976315849,301176383,224,96
6138,5086828000,-719332061,2088576980,301176383,224,96
6139,5087421000,-716344235,2200838111,301176383,224,96
6140,5088013000,-713391711,2313099242,301176383,224,96
6141,5088606000,-710390273,2425360373,301176383,224,96
6142,5089199000,-707374226,2537621504,301176383,224,96
6143,5089791000,-704414254,2649882635,301176383,224,96
6144,5090384000,-701394284,2762143766,301176383,224,96
6145,5090977000,-698354586,2874404897,301176383,224,96
6146,5091569000,-695292513,2986666028,444154326,225,97
6147,5092162000,-692247527,3098927159,444154326,225,97
6148,5092755000,-689224653,3211188290,444154326,225,97
6149,5093347000,-686159957,3323449421,444154326,225,97
6150,5093940000,-683038494,3435710552,444154326,225,97
6151,5094533000,-679990637,3547971683,444154326,225,97
6152,5095125000,-676886114,3660232814,444154326,225,97
6153,5095718000,-673777663,3772493945,444154326,225,97
6154,5096310000,-670719373,3884755076,444154326,225,97
6155,5096903000,-667576464,3997016207,444154326,225,97
6156,5097496000,-664450038,4109277338,444154326,225,97
6157,5098088000,-661287617,4221538469,444154326,225,97
6158,5098681000,-658171696,38832304,444154326,225,97
6159,5099274000,-654971036,151093435,444154326,225,97
6160,5099866000,-651831251,263354566,444154326,225,97
6161,5100459000,-648630360,375615697,444154326,225,97
6162,5101052000,-645481207,487876828,444154326,225,97
6163,5101644000,-642281470,600137959,444154326,225,97
6164,5102237000,-639069075,712399090,444154326,225,97
6165,5102829000,-635848857,824660221,444154326,225,97
6166,5103422000,-632642727,936921352,444154326,225,97
6167,5104015000,-629415124,1049182483,444154326,225,97
6168,5104607000,-626187311,1161443614,444154326,225,97
6169,5105200000,-622919734,1273704745,444154326,225,97
6170,5105793000,-619669563,1385965876,444154326,225,97
6171,5106385000,-616408098,1498227007,444154326,225,97
6172,5106978000,-613146981,1610488138,444154326,225,97
6173,5107571000,-609850042,1722749269,444154326,225,97
6174,5108163000,-606581033,1835010400,444154326,225,97
6175,5108756000,-603309639,1947271531,444154326,225,97
6176,5109349000,-599944699,2059532662,444154326,225,97
6177,5109941000,-596660483,2171793793,444154326,225,97
6178,5110534000,-593319453,2284054924,444154326,225,97
6179,5111126000,-590033613,2396316055,444154326,225,97
6180,5111719000,-586683017,2508577186,444154326,225,97
6181,5112312000,-583345920,2620838317,444154326,225,97
6182,5112904000,-579972542,2733099448,444154326,225,97
6183,5113497000,-576567467,2845360579,444154326,225,97
6184,5114090000,-573264428,2957621710,578172071,226,98
6185,5114682000,-569871615,3069882841,578172071,226,98
6186,5115275000,-566500323,3182143972,578172071,226,98
6187,5115868000,-563107632,3294405103,578172071,226,98
6188,5116460000,-559653853,3406666234,578172071,226,98
6189,5117053000,-556286704,3518927365,578172071,226,98
6190,5117645000,-552851215,3631188496,578172071,226,98
6191,5118238000,-549430545,3743449627,578172071,226,98
6192,5118831000,-546001180,3855710758,578172071,226,98
6193,5119423000,-542554451,3967971889,578172071,226,98
6194,5120016000,-539145485,4080233020,578172071,226,98
6195,5120609000,-535636076,4192494151,578172071,226,98
6196,5121201000,-532229988,9787986,578172071,226,98
6197,5121794000,-528749347,122049117,578172071,226,98
6198,5122387000,-525278157,234310248,578172071,226,98
6199,5122979000,-521778447,346571379,578172071,226,98
6200,5123572000,-518313752,458832510,578172071,226,98
6201,5124165000,-514795415,571093641,578172071,226,98
6202,5124757000,-511275705,683354772,578172071,226,98
6203,5125350000,-507777118,795615903,578172071,226,98
6204,5125942000,-504265105,907877034,578172071,226,98
6205,5126535000,-500739388,1020138165,578172071,226,98
6206,5127128000,-497213664,1132399296,578172071,226,98
6207,5127720000,-493642215,1244660427,578172071,226,98
6208,5128313000,-490108812,1356921558,578172071,226,98
6209,5128906000,-486557079,1469182689,578172071,226,98
6210,5129498000,-482981056,1581443820,578172071,226,98
6211,5130091000,-479428925,1693704951,578172071,226,98
6212,5130684000,-475861442,1805966082,578172071,226,98
6213,5131276000,-472271266,1918227213,578172071,226,98
6214,5131869000,-468681561,2030488344,578172071,226,98
6215,5132461000,-465101523,2142749475,578172071,226,98
6216,5133054000,-461505968,2255010606,578172071,226,98
6217,5133647000,-457868415,2367271737,578172071,226,98
6218,5134239000,-454273998,2479532868,578172071,226,98
6219,5134832000,-450690146,2591793999,578172071,226,98
6220,5135425000,-447037313,2704055130,578172071,226,98
6221,5136017000,-443393811,2816316261,578172071,226,98
6222,5136610000,-439770314,2928577392,700525995,227,99
6223,5137203000,-436125821,3040838523,700525995,227,99
6224,5137795000,-432495940,3153099654,700525995,227,99
6225,5138388000,-428817602,3265360785,700525995,227,99
6226,5138981000,-425162820,3377621916,700525995,227,99
6227,5139573000,-421515699,3489883047,700525995,227,99
6228,5140166000,-417832076,3602144178,700525995,227,99
6229,5140758000,-414143117,3714405309,700525995,227,99
6230,5141351000,-410469389,3826666440,700525995,227,99
6231,5141944000,-406757889,3938927571,700525995,227,99
6232,5142536000,-403089689,4051188702,700525995,227,99
6233,5143129000,-399375709,4163449833,700525995,227,99
6234,5143722000,-395666187,4275710964,700525995,227,99
6235,5144314000,-391980476,93004799,700525995,227,99
6236,5144907000,-388228153,205265930,700525995,227,99
6237,5145500000,-384499491,317527061,700525995,227,99
6238,5146092000,-380788625,429788192,700525995,227,99
6239,5146685000,-377084555,542049323,700525995,227,99
6240,5147277000,-373323120,654310454,700525995,227,99
6241,5147870000,-369593320,766571585,700525995,227,99
6242,5148463000,-365855721,878832716,700525995,227,99
6243,5149055000,-362084295,991093847,700525995,227,99
6244,5149648000,-358317824,1103354978,700525995,227,99
6245,5150241000,-354590197,1215616109,700525995,227,99
6246,5150833000,-350805663,1327877240,700525995,227,99
6247,5151426000,-347026765,1440138371,700525995,227,99
6248,5152019000,-343222518,1552399502,700525995,227,99
6249,5152611000,-339456864,1664660633,700525995,227,99
6250,5153204000,-335656863,1776921764,700525995,227,99
6251,5153797000,-331900012,1889182895,700525995,227,99
6252,5154389000,-328079897,2001444026,700525995,227,99
6253,5154982000,-324291144,2113705157,700525995,227,99
6254,5155574000,-320451025,2225966288,700525995,227,99
6255,5156167000,-316675552,2338227419,700525995,227,99
6256,5156760000,-312861384,2450488550,700525995,227,99
6257,5157352000,-309015833,2562749681,700525995,227,99
6258,5157945000,-305216804,2675010812,700525995,227,99
6259,5158538000,-301373003,2787271943,700525995,227,99
6260,5159130000,-297547100,2899533074,808747777,228,100
6261,5159723000,-293715453,3011794205,808747777,228,100
6262,5160316000,-289880867,3124055336,808747777,228,100
6263,5160908000,-286055997,3236316467,808747777,228,100
6264,5161501000,-282162676,3348577598,808747777,228,100
6265,5162093000,-278336422,3460838729,808747777,228,100
6266,5162686000,-274465823,3573099860,808747777,228,100
6267,5163279000,-270609833,3685360991,808747777,228,100
6268,5163871000,-266768714,3797622122,808747777,228,100
6269,5164464000,-262897555,3909883253,808747777,228,100
6270,5165057000,-259026518,4022144384,808747777,228,100
6271,5165649000,-255130269,4134405515,808747777,228,100
6272,5166242000,-251290254,4246666646,808747777,228,100
6273,5166835000,-247397275,63960481,808747777,228,100
6274,5167427000,-243524772,176221612,808747777,228,100
6275,5168020000,-239612507,288482743,808747777,228,100
6276,5168613000,-235708827,400743874,808747777,228,100
6277,5169205000,-231820339,513005005,808747777,228,100
6278,5169798000,-227955455,625266136,808747777,228,100
6279,5170390000,-224034149,737527267,808747777,228,100
6280,5170983000,-220126359,849788398,808747777,228,100
6281,5171576000,-216213621,962049529,808747777,228,100
6282,5172168000,-212321194,1074310660,808747777,228,100
6283,5172761000,-208412732,1186571791,808747777,228,100
6284,5173354000,-204496331,1298832922,808747777,228,100
6285,5173946000,-200599705,1411094053,808747777,228,100
6286,5174539000,-196629277,1523355184,808747777,228,100
6287,5175132000,-192723278,1635616315,808747777,228,100
6288,5175724000,-188800080,1747877446,808747777,228,100
6289,5176317000,-184878836,1860138577,808747777,228,100
6290,5176909000,-180925100,1972399708,808747777,228,100
6291,5177502000,-177005862,2084660839,808747777,228,100
6292,5178095000,-173093072,2196921970,808747777,228,100
6293,5178687000,-169154954,2309183101,808747777,228,100
6294,5179280000,-165179140,2421444232,808747777,228,100
6295,5179873000,-161228135,2533705363,808747777,228,100
6296,5180465000,-157299021,2645966494,808747777,228,100
6297,5181058000,-153368732,2758227625,808747777,228,100
6298,5181651000,-149396991,2870488756,900654192,229,101
6299,5182243000,-145450509,2982749887,900654192,229,101
6300,5182836000,-141470993,3095011018,900654192,229,101
6301,5183429000,-137540815,3207272149,900654192,229,101
6302,5184021000,-133580865,3319533280,900654192,229,101
6303,5184614000,-129579008,3431794411,900654192,229,101
6304,5185206000,-125649815,3544055542,900654192,229,101
6305,5185799000,-121710603,3656316673,900654192,229,101
6306,5186392000,-117733296,3768577804,900654192,229,101
6307,5186984000,-113763472,3880838935,900654192,229,101
6308,5187577000,-109819386,3993100066,900654192,229,101
6309,5188170000,-105821101,4105361197,900654192,229,101
6310,5188762000,-101868631,4217622328,900654192,229,101
6311,5189355000,-97908311,34916163,900654192,229,101
6312,5189948000,-93923364,147177294,900654192,229,101
6313,5190540000,-89918420,259438425,900654192,229,101
6314,5191133000,-85927371,371699556,900654192,229,101
6315,5191725000,-81979684,483960687,900654192,229,101
6316,5192318000,-78017656,596221818,900654192,229,101
6317,5192911000,-74040032,708482949,900654192,229,101
6318,5193503000,-70046089,820744080,900654192,229,101
6319,5194096000,-66065717,933005211,900654192,229,101
6320,5194689000,-62063799,1045266342,900654192,229,101
6321,5195281000,-58102026,1157527473,900654192,229,101
6322,5195874000,-54116761,1269788604,900654192,229,101
6323,5196467000,-50149109,1382049735,900654192,229,101
6324,5197059000,-46132854,1494310866,900654192,229,101
6325,5197652000,-42131554,1606571997,900654192,229,101
6326,5198245000,-38170802,1718833128,900654192,229,101
6327,5198837000,-34198322,1831094259,900654192,229,101
6328,5199430000,-30200142,1943355390,900654192,229,101
6329,5200022000,-26180657,2055616521,900654192,229,101
6330,5200615000,-22226619,2167877652,900654192,229,101
6331,5201208000,-18209867,2280138783,900654192,229,101
6332,5201800000,-14238623,2392399914,900654192,229,101
6333,5202393000,-10252773,2504661045,900654192,229,101
6334,5202986000,-6247796,2616922176,900654192,229,101
6335,5203578000,-2252280,2729183307,900654192,229,101
6336,5204171000,1743918,2841444438,900654192,229,101
6337,5204764000,5684983,2953705569,974391156,230,102
6338,5205356000,9688327,3065966700,974391156,230,102
6339,5205949000,13692789,3178227831,974391156,230,102
6340,5206541000,17663562,3290488962,974391156,230,102
6341,5207134000,21670089,3402750093,974391156,230,102
6342,5207727000,25668679,3515011224,974391156,230,102
6343,5208319000,29650603,3627272355,974391156,230,102
6344,5208912000,33629536,3739533486,974391156,230,102
6345,5209505000,37649249,3851794617,974391156,230,102
6346,5210097000,41589088,3964055748,974391156,230,102
6347,5210690000,45577376,4076316879,974391156,230,102
6348,5211283000,49578996,4188578010,974391156,230,102
6349,5211875000,53564198,5871845,974391156,230,102
6350,5212468000,57523187,118132976,974391156,230,102
6351,5213061000,61529893,230394107,974391156,230,102
6352,5213653000,65546385,342655238,974391156,230,102
6353,5214246000,69493715,454916369,974391156,230,102
6354,5214838000,73447368,567177500,974391156,230,102
6355,5215431000,77457726,679438631,974391156,230,102
6356,5216024000,81404699,791699762,974391156,230,102
6357,5216616000,85407940,903960893,974391156,230,102
6358,5217209000,89352226,1016222024,974391156,230,102
6359,5217802000,93350313,1128483155,974391156,230,102
6360,5218394000,97344310,1240744286,974391156,230,102
6361,5218987000,101297760,1353005417,974391156,230,102
6362,5219580000,105257305,1465266548,974391156,230,102
6363,5220172000,109247817,1577527679,974391156,230,102
6364,5220765000,113222175,1689788810,974391156,230,102
6365,5221357000,117169644,1802049941,974391156,230,102
6366,5221950000,121141210,1914311072,974391156,230,102
6367,5222543000,125120792,2026572203,974391156,230,102
6368,5223135000,129078719,2138833334,974391156,230,102
6369,5223728000,133005043,2251094465,974391156,230,102
6370,5224321000,136984166,2363355596,974391156,230,102
6371,5224913000,140959009,2475616727,974391156,230,102
6372,5225506000,144900174,2587877858,974391156,230,102
6373,5226099000,148866146,2700138989,974391156,230,102
6374,5226691000,152772885,2812400120,974391156,230,102
6375,5227284000,156755052,2924661251,1028471127,231,103
6376,5227877000,160663431,3036922382,1028471127,231,103
6377,5228469000,164641093,3149183513,1028471127,231,103
6378,5229062000,168594609,3261444644,1028471127,231,103
6379,5229654000,172544017,3373705775,1028471127,231,103
6380,5230247000,176447439,3485966906,1028471127,231,103
6381,5230840000,180388029,3598228037,1028471127,231,103
6382,5231432000,184347197,3710489168,1028471127,231,103
6383,5232025000,188258502,3822750299,1028471127,231,103
6384,5232618000,192209060,3935011430,1028471127,231,103
6385,5233210000,196072041,4047272561,1028471127,231,103
6386,5233803000,200039851,4159533692,1028471127,231,103
6387,5234396000,203944512,4271794823,1028471127,231,103
6388,5234988000,207803028,89088658,1028471127,231,103
6389,5235581000,211750350,201349789,1028471127,231,103
6390,5236173000,215676177,313610920,1028471127,231,103
6391,5236766000,219594133,425872051,1028471127,231,103
6392,5237359000,223480682,538133182,1028471127,231,103
6393,5237951000,227412939,650394313,1028471127,231,103
6394,5238544000,231294048,762655444,1028471127,231,103
6395,5239137000,235171051,874916575,1028471127,231,103
6396,5239729000,239064167,987177706,1028471127,231,103
6397,5240322000,242935190,1099438837,1028471127,231,103
6398,5240915000,246834767,1211699968,1028471127,231,103
6399,5241507000,250717043,1323961099,1028471127,231,103
6400,5242100000,254594189,1436222230,1028471127,231,103
6401,5242693000,258476302,1548483361,1028471127,231,103
6402,5243285000,262341174,1660744492,1028471127,231,103
6403,5243878000,266223112,1773005623,1028471127,231,103
6404,5244470000,270057790,1885266754,1028471127,231,103
6405,5245063000,273931508,1997527885,1028471127,231,103
6406,5245656000,277777420,2109789016,1028471127,231,103
6407,5246248000,281646549,2222050147,1028471127,231,103
6408,5246841000,285524535,2334311278,1028471127,231,103
6409,5247434000,289321560,2446572409,1028471127,231,103
6410,5248026000,293177212,2558833540,1028471127,231,103
6411,5248619000,296980397,2671094671,1028471127,231,103
6412,5249212000,300855544,2783355802,1028471127,231,103
6413,5249804000,304706203,2895616933,1061803118,232,104
6414,5250397000,308486097,3007878064,1061803118,232,104
6415,5250989000,312291784,3120139195,1061803118,232,104
6416,5251582000,316118574,3232400326,1061803118,232,104
6417,5252175000,319938307,3344661457,1061803118,232,104
6418,5252767000,323733151,3456922588,1061803118,232,104
6419,5253360000,327558739,3569183719,1061803118,232,104
6420,5253953000,331365088,3681444850,1061803118,232,104
6421,5254545000,335123683,3793705981,1061803118,232,104
6422,5255138000,338926260,3905967112,1061803118,232,104
6423,5255731000,342711011,4018228243,1061803118,232,104
6424,5256323000,346495917,4130489374,1061803118,232,104
6425,5256916000,350249252,4242750505,1061803118,232,104
6426,5257509000,353988281,60044340,1061803118,232,104
6427,5258101000,357792109,172305471,1061803118,232,104
6428,5258694000,361549334,284566602,1061803118,232,104
6429,5259286000,365336264,396827733,1061803118,232,104
6430,5259879000,369052547,509088864,1061803118,232,104
6431,5260472000,372792792,621349995,1061803118,232,104
6432,5261064000,376563180,733611126,1061803118,232,104
6433,5261657000,380277913,845872257,1061803118,232,104
6434,5262250000,383997891,958133388,1061803118,232,104
6435,5262842000,387735512,1070394519,1061803118,232,104
6436,5263435000,391438127,1182655650,1061803118,232,104
6437,5264028000,395154700,1294916781,1061803118,232,104
6438,5264620000,398849915,1407177912,1061803118,232,104
6439,5265213000,402568815,1519439043,1061803118,232,104
6440,5265805000,406263423,1631700174,1061803118,232,104
6441,5266398000,409951329,1743961305,1061803118,232,104
6442,5266991000,413631964,1856222436,1061803118,232,104
6443,5267583000,417331097,1968483567,1061803118,232,104
6444,5268176000,420992381,2080744698,1061803118,232,104
6445,5268769000,424636656,2193005829,1061803118,232,104
6446,5269361000,428320740,2305266960,1061803118,232,104
6447,5269954000,431981671,2417528091,1061803118,232,104
6448,5270547000,435637037,2529789222,1061803118,232,104
6449,5271139000,439264668,2642050353,1061803118,232,104
6450,5271732000,442885548,2754311484,1061803118,232,104
6451,5272325000,446553778,2866572615,1073714701,233,105
6452,5272917000,450164912,2978833746,1073714701,233,105
6453,5273510000,453795172,3091094877,1073714701,233,105
6454,5274102000,457397456,3203356008,1073714701,233,105
6455,5274695000,460994622,3315617139,1073714701,233,105
6456,5275288000,464601122,3427878270,1073714701,233,105
6457,5275880000,468201788,3540139401,1073714701,233,105
6458,5276473000,471770298,3652400532,1073714701,233,105
6459,5277066000,475344547,3764661663,1073714701,233,105
6460,5277658000,478925972,3876922794,1073714701,233,105
6461,5278251000,482500101,3989183925,1073714701,233,105
6462,5278844000,486080934,4101445056,1073714701,233,105
6463,5279436000,489596975,4213706187,1073714701,233,105
6464,5280029000,493145367,31000022,1073714701,233,105
6465,5280621000,496693468,143261153,1073714701,233,105
6466,5281214000,500240812,255522284,1073714701,233,105
6467,5281807000,503780679,367783415,1073714701,233,105
6468,5282399000,507311847,480044546,1073714701,233,105
6469,5282992000,510791235,592305677,1073714701,233,105
6470,5283585000,514303070,704566808,1073714701,233,105
6471,5284177000,517813742,816827939,1073714701,233,105
6472,5284770000,521315802,929089070,1073714701,233,105
6473,5285363000,524793973,1041350201,1073714701,233,105
6474,5285955000,528232836,1153611332,1073714701,233,105
6475,5286548000,531730543,1265872463,1073714701,233,105
6476,5287141000,535177478,1378133594,1073714701,233,105
6477,5287733000,538670188,1490394725,1073714701,233,105
6478,5288326000,542089528,1602655856,1073714701,233,105
6479,5288918000,545507632,1714916987,1073714701,233,105
6480,5289511000,548944905,1827178118,1073714701,233,105
6481,5290104000,552404832,1939439249,1073714701,233,105
6482,5290696000,555821395,2051700380,1073714701,233,105
6483,5291289000,559217357,2163961511,1073714701,233,105
6484,5291882000,562616593,2276222642,1073714701,233,105
6485,5292474000,566004885,2388483773,1073714701,233,105
6486,5293067000,569370109,2500744904,1073714701,233,105
6487,5293660000,572789090,2613006035,1073714701,233,105
6488,5294252000,576147004,2725267166,1073714701,233,105
6489,5294845000,579532021,2837528297,1063965576,234,106
6490,5295437000,582861771,2949789428,1063965576,234,106
6491,5296030000,586209254,3062050559,1063965576,234,106
6492,5296623000,589537470,3174311690,1063965576,234,106
6493,5297215000,592880591,3286572821,1063965576,234,106
6494,5297808000,596207227,3398833952,1063965576,234,106
6495,5298401000,599542088,3511095083,1063965576,234,106
6496,5298993000,602822566,3623356214,1063965576,234,106
6497,5299586000,606114006,3735617345,1063965576,234,106
6498,5300179000,609427038,3847878476,1063965576,234,106
6499,5300771000,612661985,3960139607,1063965576,234,106
6500,5301364000,615950558,4072400738,1063965576,234,106
6501,5301957000,619237452,4184661869,1063965576,234,106
6502,5302549000,622485794,1955704,1063965576,234,106
6503,5303142000,625721872,114216835,1063965576,234,106
6504,5303734000,628942901,226477966,1063965576,234,106
6505,5304327000,632208763,338739097,1063965576,234,106
6506,5304920000,635421434,451000228,1063965576,234,106
6507,5305512000,638614915,563261359,1063965576,234,106
6508,5306105000,641814288,675522490,1063965576,234,106
6509,5306698000,645008678,787783621,1063965576,234,106
6510,5307290000,648201564,900044752,1063965576,234,106
6511,5307883000,651361681,1012305883,1063965576,234,106
6512,5308476000,654552022,1124567014,1063965576,234,106
6513,5309068000,657719370,1236828145,1063965576,234,106
6514,5309661000,660861225,1349089276,1063965576,234,106
6515,5310253000,663995024,1461350407,1063965576,234,106
6516,5310846000,667129626,1573611538,1063965576,234,106
6517,5311439000,670238675,1685872669,1063965576,234,106
6518,5312031000,673336367,1798133800,1063965576,234,106
6519,5312624000,676458872,1910394931,1063965576,234,106
6520,5313217000,679556792,2022656062,1063965576,234,106
6521,5313809000,682663857,2134917193,1063965576,234,106
6522,5314402000,685701375,2247178324,1063965576,234,106
6523,5314995000,688769214,2359439455,1063965576,234,106
6524,5315587000,691829708,2471700586,1063965576,234,106
6525,5316180000,694858977,2583961717,1063965576,234,106
6526,5316773000,697943178,2696222848,1063965576,234,106
6527,5317365000,700931928,2808483979,1032752419,235,107
6528,5317958000,703980249,2920745110,1032752419,235,107
6529,5318550000,706963212,3033006241,1032752419,235,107
6530,5319143000,709952987,3145267372,1032752419,235,107
6531,5319736000,712984755,3257528503,1032752419,235,107
6532,5320328000,715917946,3369789634,1032752419,235,107
6533,5320921000,718888300,3482050765,1032752419,235,107
6534,5321514000,721896902,3594311896,1032752419,235,107
6535,5322106000,724825369,3706573027,1032752419,235,107
6536,5322699000,727740587,3818834158,1032752419,235,107
6537,5323292000,730676161,3931095289,1032752419,235,107
6538,5323884000,733596395,4043356420,1032752419,235,107
6539,5324477000,736525891,4155617551,1032752419,235,107
6540,5325069000,739416873,4267878682,1032752419,235,107
6541,5325662000,742288795,85172517,1032752419,235,107
6542,5326255000,745196317,197433648,1032752419,235,107
6543,5326847000,748060995,309694779,1032752419,235,107
6544,5327440000,750922255,421955910,1032752419,235,107
6545,5328033000,753745406,534217041,1032752419,235,107
6546,5328625000,756589770,646478172,1032752419,235,107
6547,5329218000,759408809,758739303,1032752419,235,107
6548,5329811000,762209513,871000434,1032752419,235,107
6549,5330403000,765032026,983261565,1032752419,235,107
6550,5330996000,767806854,1095522696,1032752419,235,107
6551,5331589000,770593889,1207783827,1032752419,235,107
6552,5332181000,773353303,1320044958,1032752419,235,107
6553,5332774000,776138732,1432306089,1032752419,235,107
6554,5333366000,778888490,1544567220,1032752419,235,107
6555,5333959000,781638685,1656828351,1032752419,235,107
6556,5334552000,784379689,1769089482,1032752419,235,107
6557,5335144000,787042440,1881350613,1032752419,235,107
6558,5335737000,789760551,1993611744,1032752419,235,107
6559,5336330000,792482649,2105872875,1032752419,235,107
6560,5336922000,795156599,2218134006,1032752419,235,107
6561,5337515000,797863094,2330395137,1032752419,235,107
6562,5338108000,800495751,2442656268,1032752419,235,107
6563,5338700000,803161733,2554917399,1032752419,235,107
6564,5339293000,805789117,2667178530,1032752419,235,107
6565,5339885000,808453392,2779439661,1032752419,235,107
6566,5340478000,811078847,2891700792,980704913,236,108
6567,5341071000,813649488,3003961923,980704913,236,108
6568,5341663000,816270165,3116223054,980704913,236,108
6569,5342256000,818836318,3228484185,980704913,236,108
6570,5342849000,821429123,3340745316,980704913,236,108
6571,5343441000,823982537,3453006447,980704913,236,108
6572,5344034000,826554128,3565267578,980704913,236,108
6573,5344627000,829088595,3677528709,980704913,236,108
6574,5345219000,831617338,3789789840,980704913,236,108
6575,5345812000,834147753,3902050971,980704913,236,108
6576,5346405000,836610867,4014312102,980704913,236,108
6577,5346997000,839157790,4126573233,980704913,236,108
6578,5347590000,841620666,4238834364,980704913,236,108
6579,5348182000,844069572,56128199,980704913,236,108
6580,5348775000,846534732,168389330,980704913,236,108
6581,5349368000,848986097,280650461,980704913,236,108
6582,5349960000,851451811,392911592,980704913,236,108
6583,5350553000,853862592,505172723,980704913,236,108
6584,5351146000,856263123,617433854,980704913,236,108
6585,5351738000,858678766,729694985,980704913,236,108
6586,5352331000,861087666,841956116,980704913,236,108
6587,5352924000,863444070,954217247,980704913,236,108
6588,5353516000,865793277,1066478378,980704913,236,108
6589,5354109000,868152632,1178739509,980704913,236,108
6590,5354701000,870480854,1291000640,980704913,236,108
6591,5355294000,872842117,1403261771,980704913,236,108
6592,5355887000,875150849,1515522902,980704913,236,108
6593,5356479000,877443130,1627784033,980704913,236,108
6594,5357072000,879732473,1740045164,980704913,236,108
6595,5357665000,882045557,1852306295,980704913,236,108
6596,5358257000,884300795,1964567426,980704913,236,108
6597,5358850000,886562997,2076828557,980704913,236,108
6598,5359443000,888752334,2189089688,980704913,236,108
6599,5360035000,891038982,2301350819,980704913,236,108
6600,5360628000,893253726,2413611950,980704913,236,108
6601,5361221000,895465930,2525873081,980704913,236,108
6602,5361813000,897651134,2638134212,980704913,236,108
6603,5362406000,899824809,2750395343,980704913,236,108
6604,5362998000,902017154,2862656474,908873042,237,109
6605,5363591000,904148394,2974917605,908873042,237,109
6606,5364184000,906307671,3087178736,908873042,237,109
6607,5364776000,908446514,3199439867,908873042,237,109
6608,5365369000,910591934,3311700998,908873042,237,109
6609,5365962000,912669130,3423962129,908873042,237,109
6610,5366554000,914766981,3536223260,908873042,237,109
6611,5367147000,916834150,3648484391,908873042,237,109
6612,5367740000,918912856,3760745522,908873042,237,109
6613,5368332000,920961269,3873006653,908873042,237,109
6614,5368925000,923042573,3985267784,908873042,237,109
6615,5369517000,925044906,4097528915,908873042,237,109
6616,5370110000,927077451,4209790046,908873042,237,109
6617,5370703000,929068806,27083881,908873042,237,109
6618,5371295000,931054805,139345012,908873042,237,109
6619,5371888000,933045085,251606143,908873042,237,109
6620,5372481000,935042395,363867274,908873042,237,109
6621,5373073000,936980439,476128405,908873042,237,109
6622,5373666000,938919000,588389536,908873042,237,109
6623,5374259000,940862643,700650667,908873042,237,109
6624,5374851000,942777294,812911798,908873042,237,109
6625,5375444000,944688322,925172929,908873042,237,109
6626,5376037000,946582357,1037434060,908873042,237,109
6627,5376629000,948440113,1149695191,908873042,237,109
6628,5377222000,950302480,1261956322,908873042,237,109
6629,5377814000,952159142,1374217453,908873042,237,109
6630,5378407000,954004927,1486478584,908873042,237,109
6631,5379000000,955821049,1598739715,908873042,237,109
6632,5379592000,957609039,1711000846,908873042,237,109
6633,5380185000,959413430,1823261977,908873042,237,109
6634,5380778000,961228342,1935523108,908873042,237,109
6635,5381370000,962991189,2047784239,908873042,237,109
6636,5381963000,964712393,2160045370,908873042,237,109
6637,5382556000,966497399,2272306501,908873042,237,109
6638,5383148000,968226116,2384567632,908873042,237,109
6639,5383741000,969919999,2496828763,908873042,237,109
6640,5384333000,971636055,2609089894,908873042,237,109
6641,5384926000,973340154,2721351025,908873042,237,109
6642,5385519000,974991192,2833612156,818705916,238,110
6643,5386111000,976655067,2945873287,818705916,238,110
6644,5386704000,978336759,3058134418,818705916,238,110
6645,5387297000,979960338,3170395549,818705916,238,110
6646,5387889000,981575157,3282656680,818705916,238,110
6647,5388482000,983199645,3394917811,818705916,238,110
6648,5389075000,984805436,3507178942,818705916,238,110
6649,5389667000,986366986,3619440073,818705916,238,110
6650,5390260000,987923380,3731701204,818705916,238,110
6651,5390853000,989511309,3843962335,818705916,238,110
6652,5391445000,990999317,3956223466,818705916,238,110
6653,5392038000,992569228,4068484597,818705916,238,110
6654,5392630000,994088350,4180745728,818705916,238,110
6655,5393223000,995588060,4293006859,818705916,238,110
6656,5393816000,997078232,110300694,818705916,238,110
6657,5394408000,998560361,222561825,818705916,238,110
6658,5395001000,1000011016,334822956,818705916,238,110
6659,5395594000,1001442800,447084087,818705916,238,110
6660,5396186000,1002887614,559345218,818705916,238,110
6661,5396779000,1004288171,671606349,818705916,238,110
6662,5397372000,1005699217,783867480,818705916,238,110
6663,5397964000,1007112437,896128611,818705916,238,110
6664,5398557000,1008467801,1008389742,818705916,238,110
6665,5399149000,1009856427,1120650873,818705916,238,110
6666,5399742000,1011199758,1232912004,818705916,238,110
6667,5400335000,1012528572,1345173135,818705916,238,110
6668,5400927000,1013853743,1457434266,818705916,238,110
6669,5401520000,1015137909,1569695397,818705916,238,110
6670,5402113000,1016442903,1681956528,818705916,238,110
6671,5402705000,1017716165,1794217659,818705916,238,110
6672,5403298000,1019001621,1906478790,818705916,238,110
6673,5403891000,1020253403,2018739921,818705916,238,110
6674,5404483000,1021487729,2131001052,818705916,238,110
6675,5405076000,1022692773,2243262183,818705916,238,110
6676,5405669000,1023911264,2355523314,818705916,238,110
6677,5406261000,1025094879,2467784445,818705916,238,110
6678,5406854000,1026289450,2580045576,818705916,238,110
6679,5407446000,1027444820,2692306707,818705916,238,110
6680,5408039000,1028612382,2804567838,712022532,239,111
6681,5408632000,1029736270,2916828969,712022532,239,111
6682,5409224000,1030861689,3029090100,712022532,239,111
6683,5409817000,1031950567,3141351231,712022532,239,111
6684,5410410000,1033078919,3253612362,712022532,239,111
6685,5411002000,1034120542,3365873493,712022532,239,111
6686,5411595000,1035188139,3478134624,712022532,239,111
6687,5412188000,1036283183,3590395755,712022532,239,111
6688,5412780000,1037318679,3702656886,712022532,239,111
6689,5413373000,1038326675,3814918017,712022532,239,111
6690,5413965000,1039353051,3927179148,712022532,239,111
6691,5414558000,1040320792,4039440279,712022532,239,111
6692,5415151000,1041293172,4151701410,712022532,239,111
6693,5415743000,1042290235,4263962541,712022532,239,111
6694,5416336000,1043233093,81256376,712022532,239,111
6695,5416929000,1044180913,193517507,712022532,239,111
6696,5417521000,1045102606,305778638,712022532,239,111
6697,5418114000,1046001044,418039769,712022532,239,111
6698,5418707000,1046883201,530300900,712022532,239,111
6699,5419299000,1047786912,642562031,712022532,239,111
6700,5419892000,1048632349,754823162,712022532,239,111
6701,5420485000,1049502665,867084293,712022532,239,111
6702,5421077000,1050300892,979345424,712022532,239,111
6703,5421670000,1051147888,1091606555,712022532,239,111
6704,5422262000,1051946417,1203867686,712022532,239,111
6705,5422855000,1052747829,1316128817,712022532,239,111
6706,5423448000,1053516739,1428389948,712022532,239,111
6707,5424040000,1054313977,1540651079,712022532,239,111
6708,5424633000,1055026296,1652912210,712022532,239,111
6709,5425226000,1055778931,1765173341,712022532,239,111
6710,5425818000,1056459996,1877434472,712022532,239,111
6711,5426411000,1057199064,1989695603,712022532,239,111
6712,5427004000,1057879917,2101956734,712022532,239,111
6713,5427596000,1058563556,2214217865,712022532,239,111
6714,5428189000,1059231438,2326478996,712022532,239,111
6715,5428781000,1059860595,2438740127,712022532,239,111
6716,5429374000,1060496849,2551001258,712022532,239,111
6717,5429967000,1061113487,2663262389,712022532,239,111
6718,5430559000,1061751372,2775523520,590975079,240,112
6719,5431152000,1062321103,2887784651,590975079,240,112
6720,5431745000,1062869094,3000045782,590975079,240,112
6721,5432337000,1063445526,3112306913,590975079,240,112
6722,5432930000,1063970590,3224568044,590975079,240,112
6723,5433523000,1064511083,3336829175,590975079,240,112
6724,5434115000,1065007786,3449090306,590975079,240,112
6725,5434708000,1065521050,3561351437,590975079,240,112
6726,5435301000,1066026863,3673612568,590975079,240,112
6727,5435893000,1066492314,3785873699,590975079,240,112
6728,5436486000,1066951400,3898134830,590975079,240,112
6729,5437078000,1067391321,4010395961,590975079,240,112
6730,5437671000,1067820651,4122657092,590975079,240,112
6731,5438264000,1068223337,4234918223,590975079,240,112
6732,5438856000,1068612422,52212058,590975079,240,112
6733,5439449000,1068981670,164473189,590975079,240,112
6734,5440042000,1069344382,276734320,590975079,240,112
6735,5440634000,1069745602,388995451,590975079,240,112
6736,5441227000,1070085899,501256582,590975079,240,112
6737,5441820000,1070393334,613517713,590975079,240,112
6738,5442412000,1070696145,725778844,590975079,240,112
6739,5443005000,1071018213,838039975,590975079,240,112
6740,5443597000,1071230332,950301106,590975079,240,112
6741,5444190000,1071520003,1062562237,590975079,240,112
6742,5444783000,1071786397,1174823368,590975079,240,112
6743,5445375000,1071979352,1287084499,590975079,240,112
6744,5445968000,1072234921,1399345630,590975079,240,112
6745,5446561000,1072456597,1511606761,590975079,240,112
6746,5447153000,1072646959,1623867892,590975079,240,112
6747,5447746000,1072799834,1736129023,590975079,240,112
6748,5448339000,1072967386,1848390154,590975079,240,112
6749,5448931000,1073121109,1960651285,590975079,240,112
6750,5449524000,1073244400,2072912416,590975079,240,112
6751,5450117000,1073364193,2185173547,590975079,240,112
6752,5450709000,1073469776,2297434678,590975079,240,112
6753,5451302000,1073567042,2409695809,590975079,240,112
6754,5451894000,1073635930,2521956940,590975079,240,112
6755,5452487000,1073669767,2634218071,590975079,240,112
6756,5453080000,1073713189,2746479202,590975079,240,112
6757,5453672000,1073740713,2858740333,458005522,241,113
6758,5454265000,1073750956,2971001464,458005522,241,113
6759,5454858000,1073766977,3083262595,458005522,241,113
6760,5455450000,1073747184,3195523726,458005522,241,113
6761,5456043000,1073688494,3307784857,458005522,241,113
6762,5456636000,1073641488,3420045988,458005522,241,113
6763,5457228000,1073582294,3532307119,458005522,241,113
6764,5457821000,1073499180,3644568250,458005522,241,113
6765,5458413000,1073417239,3756829381,458005522,241,113
6766,5459006000,1073310970,3869090512,458005522,241,113
6767,5459599000,1073219749,3981351643,458005522,241,113
6768,5460191000,1073046003,4093612774,458005522,241,113
6769,5460784000,1072901809,4205873905,458005522,241,113
6770,5461377000,1072737373,23167740,458005522,241,113
6771,5461969000,1072554164,135428871,458005522,241,113
6772,5462562000,1072361146,247690002,458005522,241,113
6773,5463155000,1072153012,359951133,458005522,241,113
6774,5463747000,1071947173,472212264,458005522,241,113
6775,5464340000,1071731753,584473395,458005522,241,113
6776,5464933000,1071428944,696734526,458005522,241,113
6777,5465525000,1071195635,808995657,458005522,241,113
6778,5466118000,1070900637,921256788,458005522,241,113
6779,5466710000,1070575286,1033517919,458005522,241,113
6780,5467303000,1070285979,1145779050,458005522,241,113
6781,5467896000,1069955359,1258040181,458005522,241,113
6782,5468488000,1069593584,1370301312,458005522,241,113
6783,5469081000,1069264929,1482562443,458005522,241,113
6784,5469674000,1068886045,1594823574,458005522,241,113
6785,5470266000,1068473743,1707084705,458005522,241,113
6786,5470859000,1068100525,1819345836,458005522,241,113
6787,5471452000,1067668068,1931606967,458005522,241,113
6788,5472044000,1067231192,2043868098,458005522,241,113
6789,5472637000,1066782144,2156129229,458005522,241,113
6790,5473229000,1066308936,2268390360,458005522,241,113
6791,5473822000,1065832097,2380651491,458005522,241,113
6792,5474415000,1065339879,2492912622,458005522,241,113
6793,5475007000,1064871829,2605173753,458005522,241,113
6794,5475600000,1064329672,2717434884,458005522,241,113
6795,5476193000,1063772599,2829696015,315796338,242,114
6796,5476785000,1063259572,2941957146,315796338,242,114
6797,5477378000,1062679468,3054218277,315796338,242,114
6798,5477971000,1062114786,3166479408,315796338,242,114
6799,5478563000,1061514201,3278740539,315796338,242,114
6800,5479156000,1060901671,3391001670,315796338,242,114
6801,5479749000,1060290902,3503262801,315796338,242,114
6802,5480341000,1059618506,3615523932,315796338,242,114
6803,5480934000,1058987014,3727785063,315796338,242,114
6804,5481526000,1058321854,3840046194,315796338,242,114
6805,5482119000,1057627859,3952307325,315796338,242,114
6806,5482712000,1056929893,4064568456,315796338,242,114
6807,5483304000,1056247091,4176829587,315796338,242,114
6808,5483897000,1055551219,4289090718,315796338,242,114
6809,5484490000,1054802511,106384553,315796338,242,114
6810,5485082000,1054021242,218645684,315796338,242,114
6811,5485675000,1053255559,330906815,315796338,242,114
6812,5486268000,1052468065,443167946,315796338,242,114
6813,5486860000,1051690251,555429077,315796338,242,114
6814,5487453000,1050868638,667690208,315796338,242,114
6815,5488045000,1050035376,779951339,315796338,242,114
6816,5488638000,1049176654,892212470,315796338,242,114
6817,5489231000,1048337999,1004473601,315796338,242,114
6818,5489823000,1047461029,1116734732,315796338,242,114
6819,5490416000,1046599911,1228995863,315796338,242,114
6820,5491009000,1045710896,1341256994,315796338,242,114
6821,5491601000,1044780555,1453518125,315796338,242,114
6822,5492194000,1043837936,1565779256,315796338,242,114
6823,5492787000,1042914030,1678040387,315796338,242,114
6824,5493379000,1041944147,1790301518,315796338,242,114
6825,5493972000,1040977336,1902562649,315796338,242,114
6826,5494565000,1039994682,2014823780,315796338,242,114
6827,5495157000,1039003138,2127084911,315796338,242,114
6828,5495750000,1038002300,2239346042,315796338,242,114
6829,5496342000,1036932419,2351607173,315796338,242,114
6830,5496935000,1035881759,2463868304,315796338,242,114
6831,5497528000,1034834592,2576129435,315796338,242,114
6832,5498120000,1033783483,2688390566,315796338,242,114
6833,5498713000,1032693536,2800651697,167216400,243,115
6834,5499306000,1031580952,2912912828,167216400,243,115
6835,5499898000,1030470231,3025173959,167216400,243,115
6836,5500491000,1029347369,3137435090,167216400,243,115
6837,5501084000,1028202010,3249696221,167216400,243,115
6838,5501676000,1027025429,3361957352,167216400,243,115
6839,5502269000,1025864803,3474218483,167216400,243,115
6840,5502861000,1024696027,3586479614,167216400,243,115
6841,5503454000,1023477902,3698740745,167216400,243,115
6842,5504047000,1022297249,3811001876,167216400,243,115
6843,5504639000,1021054857,3923263007,167216400,243,115
6844,5505232000,1019804037,4035524138,167216400,243,115
6845,5505825000,1018555462,4147785269,167216400,243,115
6846,5506417000,1017296064,4260046400,167216400,243,115
6847,5507010000,1016017412,77340235,167216400,243,115
6848,5507603000,1014722998,189601366,167216400,243,115
6849,5508195000,1013380645,301862497,167216400,243,115
6850,5508788000,1012056252,414123628,167216400,243,115
6851,5509381000,1010729790,526384759,167216400,243,115
6852,5509973000,1009374048,638645890,167216400,243,115
6853,5510566000,1008008988,750907021,167216400,243,115
6854,5511158000,1006640919,863168152,167216400,243,115
6855,5511751000,1005211317,975429283,167216400,243,115
6856,5512344000,1003807318,1087690414,167216400,243,115
6857,5512936000,1002393362,1199951545,167216400,243,115
6858,5513529000,1000996667,1312212676,167216400,243,115
6859,5514122000,999512563,1424473807,167216400,243,115
6860,5514714000,998059421,1536734938,167216400,243,115
6861,5515307000,996559601,1648996069,167216400,243,115
6862,5515900000,995036567,1761257200,167216400,243,115
6863,5516492000,993564919,1873518331,167216400,243,115
6864,5517085000,992034701,1985779462,167216400,243,115
6865,5517677000,990510519,2098040593,167216400,243,115
6866,5518270000,988963911,2210301724,167216400,243,115
6867,5518863000,987389808,2322562855,167216400,243,115
6868,5519455000,985837809,2434823986,167216400,243,115
6869,5520048000,984257716,2547085117,167216400,243,115
6870,5520641000,982659006,2659346248,167216400,243,115
6871,5521233000,981046218,2771607379,15263103,244,116
6872,5521826000,979377114,2883868510,15263103,244,116
6873,5522419000,977736588,2996129641,15263103,244,116
6874,5523011000,976117453,3108390772,15263103,244,116
6875,5523604000,974430560,3220651903,15263103,244,116
6876,5524197000,972736397,3332913034,15263103,244,116
6877,5524789000,971038292,3445174165,15263103,244,116
6878,5525382000,969328773,3557435296,15263103,244,116
6879,5525974000,967621326,3669696427,15263103,244,116
6880,5526567000,965873286,3781957558,15263103,244,116
6881,5527160000,964148252,3894218689,15263103,244,116
6882,5527752000,962359093,4006479820,15263103,244,116
6883,5528345000,960609989,4118740951,15263103,244,116
6884,5528938000,958823226,4231002082,15263103,244,116
6885,5529530000,957007523,48295917,15263103,244,116
6886,5530123000,955184888,160557048,15263103,244,116
6887,5530716000,953351512,272818179,15263103,244,116
6888,5531308000,951532830,385079310,15263103,244,116
6889,5531901000,949669470,497340441,15263103,244,116
6890,5532493000,947823087,609601572,15263103,244,116
6891,5533086000,945899001,721862703,15263103,244,116
6892,5533679000,944025725,834123834,15263103,244,116
6893,5534271000,942104924,946384965,15263103,244,116
6894,5534864000,940183183,1058646096,15263103,244,116
6895,5535457000,938275629,1170907227,15263103,244,116
6896,5536049000,936284367,1283168358,15263103,244,116
6897,5536642000,934344995,1395429489,15263103,244,116
6898,5537235000,932361586,1507690620,15263103,244,116
6899,5537827000,930392678,1619951751,15263103,244,116
6900,5538420000,928385361,1732212882,15263103,244,116
6901,5539013000,926403886,1844474013,15263103,244,116
6902,5539605000,924374074,1956735144,15263103,244,116
6903,5540198000,922329953,2068996275,15263103,244,116
6904,5540790000,920275771,2181257406,15263103,244,116
6905,5541383000,918205906,2293518537,15263103,244,116
6906,5541976000,916146997,2405779668,15263103,244,116
6907,5542568000,914055165,2518040799,15263103,244,116
6908,5543161000,911947586,2630301930,15263103,244,116
6909,5543754000,909825898,2742563061,-136998106,245,117
6910,5544346000,907696502,2854824192,-136998106,245,117
6911,5544939000,905566674,2967085323,-136998106,245,117
6912,5545532000,903415825,3079346454,-136998106,245,117
6913,5546124000,901274405,3191607585,-136998106,245,117
6914,5546717000,899082016,3303868716,-136998106,245,117
6915,5547309000,896907332,3416129847,-136998106,245,117
6916,5547902000,894676196,3528390978,-136998106,245,117
6917,5548495000,892459404,3640652109,-136998106,245,117
6918,5549087000,890242482,3752913240,-136998106,245,117
6919,5549680000,888034968,3865174371,-136998106,245,117
6920,5550273000,885783369,3977435502,-136998106,245,117
6921,5550865000,883513515,4089696633,-136998106,245,117
6922,5551458000,881252268,4201957764,-136998106,245,117
6923,5552051000,878977708,19251599,-136998106,245,117
6924,5552643000,876657187,131512730,-136998106,245,117
6925,5553236000,874354053,243773861,-136998106,245,117
6926,5553829000,872028796,356034992,-136998106,245,117
6927,5554421000,869699295,468296123,-136998106,245,117
6928,5555014000,867372776,580557254,-136998106,245,117
6929,5555606000,864977754,692818385,-136998106,245,117
6930,5556199000,862655351,805079516,-136998106,245,117
6931,5556792000,860260463,917340647,-136998106,245,117
6932,5557384000,857845813,1029601778,-136998106,245,117
6933,5557977000,855460150,1141862909,-136998106,245,117
6934,5558570000,853007710,1254124040,-136998106,245,117
6935,5559162000,850570345,1366385171,-136998106,245,117
6936,5559755000,848140437,1478646302,-136998106,245,117
6937,5560348000,845690402,1590907433,-136998106,245,117
6938,5560940000,843242954,1703168564,-136998106,245,117
6939,5561533000,840769373,1815429695,-136998106,245,117
6940,5562125000,838285210,1927690826,-136998106,245,117
6941,5562718000,835771989,2039951957,-136998106,245,117
6942,5563311000,833252747,2152213088,-136998106,245,117
6943,5563903000,830722411,2264474219,-136998106,245,117
6944,5564496000,828205768,2376735350,-136998106,245,117
6945,5565089000,825678410,2488996481,-136998106,245,117
6946,5565681000,823136461,2601257612,-136998106,245,117
6947,5566274000,820563490,2713518743,-286495568,246,118
6948,5566867000,817946700,2825779874,-286495568,246,118
6949,5567459000,815373110,2938041005,-286495568,246,118
6950,5568052000,812768254,3050302136,-286495568,246,118
6951,5568645000,810147107,3162563267,-286495568,246,118
6952,5569237000,807514023,3274824398,-286495568,246,118
6953,5569830000,804903506,3387085529,-286495568,246,118
6954,5570422000,802267300,3499346660,-286495568,246,118
6955,5571015000,799615457,3611607791,-286495568,246,118
6956,5571608000,796901816,3723868922,-286495568,246,118
6957,5572200000,794244292,3836130053,-286495568,246,118
6958,5572793000,791567698,3948391184,-286495568,246,118
6959,5573386000,788842260,4060652315,-286495568,246,118
6960,5573978000,786148677,4172913446,-286495568,246,118
6961,5574571000,783452390,4285174577,-286495568,246,118
6962,5575164000,780691624,102468412,-286495568,246,118
6963,5575756000,777932423,214729543,-286495568,246,118
6964,5576349000,775189363,326990674,-286495568,246,118
6965,5576941000,772424609,439251805,-286495568,246,118
6966,5577534000,769666321,551512936,-286495568,246,118
6967,5578127000,766845758,663774067,-286495568,246,118
6968,5578719000,764039869,776035198,-286495568,246,118
6969,5579312000,761249073,888296329,-286495568,246,118
6970,5579905000,758414329,1000557460,-286495568,246,118
6971,5580497000,755585458,1112818591,-286495568,246,118
6972,5581090000,752780408,1225079722,-286495568,246,118
6973,5581683000,749930336,1337340853,-286495568,246,118
6974,5582275000,747046366,1449601984,-286495568,246,118
6975,5582868000,744174018,1561863115,-286495568,246,118
6976,5583461000,741319768,1674124246,-286495568,246,118
6977,5584053000,738413002,1786385377,-286495568,246,118
6978,5584646000,735518653,1898646508,-286495568,246,118
6979,5585238000,732613138,2010907639,-286495568,246,118
6980,5585831000,729672736,2123168770,-286495568,246,118
6981,5586424000,726730422,2235429901,-286495568,246,118
6982,5587016000,723800524,2347691032,-286495568,246,118
6983,5587609000,720855544,2459952163,-286495568,246,118
6984,5588202000,717870601,2572213294,-286495568,246,118
6985,5588794000,714927125,2684474425,-286495568,246,118
6986,5589387000,711936845,2796735556,-430213378,247,119
6987,5589980000,708953536,2908996687,-430213378,247,119
6988,5590572000,705942496,3021257818,-430213378,247,119
6989,5591165000,702920719,3133518949,-430213378,247,119
6990,5591757000,699916226,3245780080,-430213378,247,119
6991,5592350000,696888640,3358041211,-430213378,247,119
6992,5592943000,693849338,3470302342,-430213378,247,119
6993,5593535000,690782199,3582563473,-430213378,247,119
6994,5594128000,687725171,3694824604,-430213378,247,119
6995,5594721000,684683909,3807085735,-430213378,247,119
6996,5595313000,681579536,3919346866,-430213378,247,119
6997,5595906000,678523294,4031607997,-430213378,247,119
6998,5596499000,675397549,4143869128,-430213378,247,119
6999,5597091000,672304628,4256130259,-430213378,247,119
7000,5597684000,669192612,73424094,-430213378,247,119
7001,5598277000,666056316,185685225,-430213378,247,119
7002,5598869000,662894907,297946356,-430213378,247,119
7003,5599462000,659760245,410207487,-430213378,247,119
7004,5600054000,656642532,522468618,-430213378,247,119
7005,5600647000,653470558,634729749,-430213378,247,119
7006,5601240000,650300738,746990880,-430213378,247,119
7007,5601832000,647133830,859252011,-430213378,247,119
7008,5602425000,643903806,971513142,-430213378,247,119
7009,5603018000,640737355,1083774273,-430213378,247,119
7010,5603610000,637504936,1196035404,-430213378,247,119
7011,5604203000,634320929,1308296535,-430213378,247,119
7012,5604796000,631067034,1420557666,-430213378,247,119
7013,5605388000,627854004,1532818797,-430213378,247,119
7014,5605981000,624626656,1645079928,-430213378,247,119
7015,5606573000,621341886,1757341059,-430213378,247,119
7016,5607166000,618110419,1869602190,-430213378,247,119
7017,5607759000,614841622,1981863321,-430213378,247,119
7018,5608351000,611570077,2094124452,-430213378,247,119
7019,5608944000,608295478,2206385583,-430213378,247,119
7020,5609537000,605023693,2318646714,-430213378,247,119
7021,5610129000,601691575,2430907845,-430213378,247,119
7022,5610722000,598372244,2543168976,-430213378,247,119
7023,5611315000,595058884,2655430107,-430213378,247,119
7024,5611907000,591754040,2767691238,-565252230,248,120
7025,5612500000,588406823,2879952369,-565252230,248,120
7026,5613093000,585041701,2992213500,-565252230,248,120
7027,5613685000,581697168,3104474631,-565252230,248,120
7028,5614278000,578373435,3216735762,-565252230,248,120
7029,5614870000,574988087,3328996893,-565252230,248,120
7030,5615463000,571577012,3441258024,-565252230,248,120
7031,5616056000,568210917,3553519155,-565252230,248,120
7032,5616648000,564852181,3665780286,-565252230,248,120
7033,5617241000,561430663,3778041417,-565252230,248,120
7034,5617834000,558074662,3890302548,-565252230,248,120
7035,5618426000,554639367,4002563679,-565252230,248,120
7036,5619019000,551211422,4114824810,-565252230,248,120
7037,5619612000,547787956,4227085941,-565252230,248,120
7038,5620204000,544388288,44379776,-565252230,248,120
7039,5620797000,540891986,156640907,-565252230,248,120
7040,5621389000,537453881,268902038,-565252230,248,120
7041,5621982000,533986213,381163169,-565252230,248,120
7042,5622575000,530519702,493424300,-565252230,248,120
7043,5623167000,527081919,605685431,-565252230,248,120
7044,5623760000,523587006,717946562,-565252230,248,120
7045,5624353000,520082716,830207693,-565252230,248,120
7046,5624945000,516596723,942468824,-565252230,248,120
7047,5625538000,513106204,1054729955,-565252230,248,120
7048,5626131000,509599324,1166991086,-565252230,248,120
7049,5626723000,506068813,1279252217,-565252230,248,120
7050,5627316000,502577916,1391513348,-565252230,248,120
7051,5627909000,499014891,1503774479,-565252230,248,120
7052,5628501000,495490619,1616035610,-565252230,248,120
7053,5629094000,491950733,1728296741,-565252230,248,120
7054,5629686000,488419009,1840557872,-565252230,248,120
7055,5630279000,484852841,1952819003,-565252230,248,120
7056,5630872000,481298451,2065080134,-565252230,248,120
7057,5631464000,477703783,2177341265,-565252230,248,120
7058,5632057000,474110339,2289602396,-565252230,248,120
7059,5632650000,470539770,2401863527,-565252230,248,120
7060,5633242000,466966347,2514124658,-565252230,248,120
7061,5633835000,463343521,2626385789,-565252230,248,120
7062,5634428000,459769457,2738646920,-688887900,249,121
7063,5635020000,456125492,2850908051,-688887900,249,121
7064,5635613000,452537844,2963169182,-688887900,249,121
7065,5636205000,448914622,3075430313,-688887900,249,121
7066,5636798000,445313830,3187691444,-688887900,249,121
7067,5637391000,441655427,3299952575,-688887900,249,121
7068,5637983000,438008401,3412213706,-688887900,249,121
7069,5638576000,434362633,3524474837,-688887900,249,121
7070,5639169000,430733976,3636735968,-688887900,249,121
7071,5639761000,427042466,3748997099,-688887900,249,121
7072,5640354000,423371831,3861258230,-688887900,249,121
7073,5640947000,419751216,3973519361,-688887900,249,121
7074,5641539000,416073334,4085780492,-688887900,249,121
7075,5642132000,412386967,4198041623,-688887900,249,121
7076,5642725000,408709866,15335458,-688887900,249,121
7077,5643317000,405016241,127596589,-688887900,249,121
7078,5643910000,401309361,239857720,-688887900,249,121
7079,5644502000,397567985,352118851,-688887900,249,121
7080,5645095000,393873502,464379982,-688887900,249,121
7081,5645688000,390186566,576641113,-688887900,249,121
7082,5646280000,386459392,688902244,-688887900,249,121
7083,5646873000,382737505,801163375,-688887900,249,121
7084,5647466000,379008959,913424506,-688887900,249,121
7085,5648058000,375275336,1025685637,-688887900,249,121
7086,5648651000,371547897,1137946768,-688887900,249,121
7087,5649244000,367759040,1250207899,-688887900,249,121
7088,5649836000,364019927,1362469030,-688887900,249,121
7089,5650429000,360255973,1474730161,-688887900,249,121
7090,5651021000,356486752,1586991292,-688887900,249,121
7091,5651614000,352730482,1699252423,-688887900,249,121
7092,5652207000,348966899,1811513554,-688887900,249,121
7093,5652799000,345188275,1923774685,-688887900,249,121
7094,5653392000,341409676,2036035816,-688887900,249,121
7095,5653985000,337644538,2148296947,-688887900,249,121
7096,5654577000,333841393,2260558078,-688887900,249,121
7097,5655170000,330020257,2372819209,-688887900,249,121
7098,5655763000,326236464,2485080340,-688887900,249,121
7099,5656355000,322461393,2597341471,-688887900,249,121
7100,5656948000,318649753,2709602602,-798626211,250,122
7101,5657541000,314814834,2821863733,-798626211,250,122
7102,5658133000,310995667,2934124864,-798626211,250,122
7103,5658726000,307191681,3046385995,-798626211,250,122
7104,5659318000,303362778,3158647126,-798626211,250,122
7105,5659911000,299507696,3270908257,-798626211,250,122
7106,5660504000,295695190,3383169388,-798626211,250,122
7107,5661096000,291869867,3495430519,-798626211,250,122
7108,5661689000,288021282,3607691650,-798626211,250,122
7109,5662282000,284156333,3719952781,-798626211,250,122
7110,5662874000,280337826,3832213912,-798626211,250,122
7111,5663467000,276476893,3944475043,-798626211,250,122
7112,5664060000,272613175,4056736174,-798626211,250,122
7113,5664652000,268737567,4168997305,-798626211,250,122
7114,5665245000,264892350,4281258436,-798626211,250,122
7115,5665837000,261047350,98552271,-798626211,250,122
7116,5666430000,257156622,210813402,-798626211,250,122
7117,5667023000,253250051,323074533,-798626211,250,122
7118,5667615000,249383727,435335664,-798626211,250,122
7119,5668208000,245517773,547596795,-798626211,250,122
7120,5668801000,241623180,659857926,-798626211,250,122
7121,5669393000,237742157,772119057,-798626211,250,122
7122,5669986000,233848776,884380188,-798626211,250,122
7123,5670579000,229959149,996641319,-798626211,250,122
7124,5671171000,226045852,1108902450,-798626211,250,122
7125,5671764000,222157038,1221163581,-798626211,250,122
7126,5672357000,218254087,1333424712,-798626211,250,122
7127,5672949000,214315520,1445685843,-798626211,250,122
7128,5673542000,210405233,1557946974,-798626211,250,122
7129,5674134000,206516429,1670208105,-798626211,250,122
7130,5674727000,202597878,1782469236,-798626211,250,122
7131,5675320000,198690750,1894730367,-798626211,250,122
7132,5675912000,194773978,2006991498,-798626211,250,122
7133,5676505000,190834013,2119252629,-798626211,250,122
7134,5677098000,186901555,2231513760,-798626211,250,122
7135,5677690000,182973961,2343774891,-798626211,250,122
7136,5678283000,179058602,2456036022,-798626211,250,122
7137,5678876000,175090217,2568297153,-798626211,250,122
7138,5679468000,171192290,2680558284,-892253344,251,123
7139,5680061000,167238380,2792819415,-892253344,251,123
7140,5680653000,163293349,2905080546,-892253344,251,123
7141,5681246000,159341066,3017341677,-892253344,251,123
7142,5681839000,155403460,3129602808,-892253344,251,123
7143,5682431000,151487688,3241863939,-892253344,251,123
7144,5683024000,147504206,3354125070,-892253344,251,123
7145,5683617000,143548707,3466386201,-892253344,251,123
7146,5684209000,139554852,3578647332,-892253344,251,123
7147,5684802000,135628241,3690908463,-892253344,251,123
7148,5685395000,131688406,3803169594,-892253344,251,123
7149,5685987000,127699952,3915430725,-892253344,251,123
7150,5686580000,123763338,4027691856,-892253344,251,123
7151,5687173000,119787806,4139952987,-892253344,251,123
7152,5687765000,115848943,4252214118,-892253344,251,123
7153,5688358000,111872633,69507953,-892253344,251,123
7154,5688950000,107875710,181769084,-892253344,251,123
7155,5689543000,103916942,294030215,-892253344,251,123
7156,5690136000,99917720,406291346,-892253344,251,123
7157,5690728000,95978990,518552477,-892253344,251,123
7158,5691321000,92001594,630813608,-892253344,251,123
7159,5691914000,88009616,743074739,-892253344,251,123
7160,5692506000,84048094,855335870,-892253344,251,123
7161,5693099000,80056133,967597001,-892253344,251,123
7162,5693692000,76077692,1079858132,-892253344,251,123
7163,5694284000,72129042,1192119263,-892253344,251,123
7164,5694877000,68155879,1304380394,-892253344,251,123
7165,5695469000,64151434,1416641525,-892253344,251,123
7166,5696062000,60162725,1528902656,-892253344,251,123
7167,5696655000,56178617,1641163787,-892253344,251,123
7168,5697247000,52195318,1753424918,-892253344,251,123
7169,5697840000,48207292,1865686049,-892253344,251,123
7170,5698433000,44214586,1977947180,-892253344,251,123
7171,5699025000,40253732,2090208311,-892253344,251,123
7172,5699618000,36275475,2202469442,-892253344,251,123
7173,5700211000,32279593,2314730573,-892253344,251,123
7174,5700803000,28279380,2426991704,-892253344,251,123
7175,5701396000,24275727,2539252835,-892253344,251,123
7176,5701989000,20295341,2651513966,-967880501,252,124
7177,5702581000,16312136,2763775097,-967880501,252,124
7178,5703174000,12322932,2876036228,-967880501,252,124
7179,5703766000,8305291,2988297359,-967880501,252,124
7180,5704359000,4341923,3100558490,-967880501,252,124
7181,5704952000,358558,3212819621,-967880501,252,124
7182,5705544000,-3637018,3325080752,-967880501,252,124
7183,5706137000,-7624049,3437341883,-967880501,252,124
7184,5706730000,-11629717,3549603014,-967880501,252,124
7185,5707322000,-15617985,3661864145,-967880501,252,124
7186,5707915000,-19622194,3774125276,-967880501,252,124
7187,5708508000,-23569272,3886386407,-967880501,252,124
7188,5709100000,-27565295,3998647538,-967880501,252,124
7189,5709693000,-31590337,4110908669,-967880501,252,124
7190,5710285000,-35533806,4223169800,-967880501,252,124
7191,5710878000,-39527335,40463635,-967880501,252,124
7192,5711471000,-43535867,152724766,-967880501,252,124
7193,5712063000,-47510650,264985897,-967880501,252,124
7194,5712656000,-51487873,377247028,-967880501,252,124
7195,5713249000,-55497386,489508159,-967880501,252,124
7196,5713841000,-59431020,601769290,-967880501,252,124
7197,5714434000,-63462031,714030421,-967880501,252,124
7198,5715027000,-67445234,826291552,-967880501,252,124
7199,5715619000,-71424510,938552683,-967880501,252,124
7200,5716212000,-75415321,1050813814,-967880501,252,124
7201,5716805000,-79361129,1163074945,-967880501,252,124
7202,5717397000,-83354819,1275336076,-967880501,252,124
7203,5717990000,-87308862,1387597207,-967880501,252,124
7204,5718582000,-91323954,1499858338,-967880501,252,124
7205,5719175000,-95311131,1612119469,-967880501,252,124
7206,5719768000,-99234841,1724380600,-967880501,252,124
7207,5720360000,-103193151,1836641731,-967880501,252,124
7208,5720953000,-107196712,1948902862,-967880501,252,124
7209,5721546000,-111144864,2061163993,-967880501,252,124
7210,5722138000,-115147552,2173425124,-967880501,252,124
7211,5722731000,-119107350,2285686255,-967880501,252,124
7212,5723324000,-123070164,2397947386,-967880501,252,124
7213,5723916000,-127012552,2510208517,-967880501,252,124
7214,5724509000,-130999230,2622469648,-967880501,252,124
7215,5725101000,-134927674,2734730779,-1023982009,253,125
7216,5725694000,-138927143,2846991910,-1023982009,253,125
7217,5726287000,-142840969,2959253041,-1023982009,253,125
7218,5726879000,-146799592,3071514172,-1023982009,253,125
7219,5727472000,-150769711,3183775303,-1023982009,253,125
7220,5728065000,-154711698,3296036434,-1023982009,253,125
7221,5728657000,-158656864,3408297565,-1023982009,253,125
7222,5729250000,-162612082,3520558696,-1023982009,253,125
7223,5729843000,-166543951,3632819827,-1023982009,253,125
7224,5730435000,-170474968,3745080958,-1023982009,253,125
7225,5731028000,-174438406,3857342089,-1023982009,253,125
7226,5731621000,-178329805,3969603220,-1023982009,253,125
7227,5732213000,-182276383,4081864351,-1023982009,253,125
7228,5732806000,-186236926,4194125482,-1023982009,253,125
7229,5733398000,-190126996,11419317,-1023982009,253,125
7230,5733991000,-194052602,123680448,-1023982009,253,125
7231,5734584000,-197989930,235941579,-1023982009,253,125
7232,5735176000,-201933893,348202710,-1023982009,253,125
7233,5735769000,-205827957,460463841,-1023982009,253,125
7234,5736362000,-209694073,572724972,-1023982009,253,125
7235,5736954000,-213663248,684986103,-1023982009,253,125
7236,5737547000,-217551841,797247234,-1023982009,253,125
7237,5738140000,-221459658,909508365,-1023982009,253,125
7238,5738732000,-225350389,1021769496,-1023982009,253,125
7239,5739325000,-229253144,1134030627,-1023982009,253,125
7240,5739917000,-233185565,1246291758,-1023982009,253,125
7241,5740510000,-237040095,1358552889,-1023982009,253,125
7242,5741103000,-240922282,1470814020,-1023982009,253,125
7243,5741695000,-244837792,1583075151,-1023982009,253,125
7244,5742288000,-248718849,1695336282,-1023982009,253,125
7245,5742881000,-252610263,1807597413,-1023982009,253,125
7246,5743473000,-256472890,1919858544,-1023982009,253,125
7247,5744066000,-260346073,2032119675,-1023982009,253,125
7248,5744659000,-264211653,2144380806,-1023982009,253,125
7249,5745251000,-268059161,2256641937,-1023982009,253,125
7250,5745844000,-271930721,2368903068,-1023982009,253,125
7251,5746437000,-275818969,2481164199,-1023982009,253,125
7252,5747029000,-279649926,2593425330,-1023982009,253,125
7253,5747622000,-283503601,2705686461,-1059426098,254,126
7254,5748214000,-287332188,2817947592,-1059426098,254,126
7255,5748807000,-291188279,2930208723,-1059426098,254,126
7256,5749400000,-295024250,3042469854,-1059426098,254,126
7257,5749992000,-298853978,3154730985,-1059426098,254,126
7258,5750585000,-302696215,3266992116,-1059426098,254,126
7259,5751178000,-306528956,3379253247,-1059426098,254,126
7260,5751770000,-310365595,3491514378,-1059426098,254,126
7261,5752363000,-314172112,3603775509,-1059426098,254,126
7262,5752956000,-317962909,3716036640,-1059426098,254,126
7263,5753548000,-321776150,3828297771,-1059426098,254,126
7264,5754141000,-325584903,3940558902,-1059426098,254,126
7265,5754733000,-329388023,4052820033,-1059426098,254,126
7266,5755326000,-333188051,4165081164,-1059426098,254,126
7267,5755919000,-336971490,4277342295,-1059426098,254,126
7268,5756511000,-340756381,94636130,-1059426098,254,126
7269,5757104000,-344556922,206897261,-1059426098,254,126
7270,5757697000,-348344980,319158392,-1059426098,254,126
7271,5758289000,-352088233,431419523,-1059426098,254,126
7272,5758882000,-355836822,543680654,-1059426098,254,126
7273,5759475000,-359619967,655941785,-1059426098,254,126
7274,5760067000,-363349365,768202916,-1059426098,254,126
7275,5760660000,-367108786,880464047,-1059426098,254,126
7276,5761253000,-370854727,992725178,-1059426098,254,126
7277,5761845000,-374595927,1104986309,-1059426098,254,126
7278,5762438000,-378347147,1217247440,-1059426098,254,126
7279,5763030000,-382058230,1329508571,-1059426098,254,126
7280,5763623000,-385815586,1441769702,-1059426098,254,126
7281,5764216000,-389531887,1554030833,-1059426098,254,126
7282,5764808000,-393225476,1666291964,-1059426098,254,126
7283,5765401000,-396952113,1778553095,-1059426098,254,126
7284,5765994000,-400639888,1890814226,-1059426098,254,126
7285,5766586000,-404341885,2003075357,-1059426098,254,126
7286,5767179000,-408053782,2115336488,-1059426098,254,126
7287,5767772000,-411713792,2227597619,-1059426098,254,126
7288,5768364000,-415401605,2339858750,-1059426098,254,126
7289,5768957000,-419058246,2452119881,-1059426098,254,126
7290,5769549000,-422756395,2564381012,-1059426098,254,126
7291,5770142000,-426414281,2676642143,-1073497732,255,127
7292,5770735000,-430084883,2788903274,-1073497732,255,127
7293,5771327000,-433740915,2901164405,-1073497732,255,127
7294,5771920000,-437362168,3013425536,-1073497732,255,127
7295,5772513000,-440995355,3125686667,-1073497732,255,127
7296,5773105000,-444638962,3237947798,-1073497732,255,127
7297,5773698000,-448285462,3350208929,-1073497732,255,127
7298,5774291000,-451899779,3462470060,-1073497732,255,127
7299,5774883000,-455538361,3574731191,-1073497732,255,127
7300,5775476000,-459130978,3686992322,-1073497732,255,127
7301,5776069000,-462734285,3799253453,-1073497732,255,127
7302,5776661000,-466350396,3911514584,-1073497732,255,127
7303,5777254000,-469903594,4023775715,-1073497732,255,127
7304,5777846000,-473526734,4136036846,-1073497732,255,127
7305,5778439000,-477056112,4248297977,-1073497732,255,127
7306,5779032000,-480651245,65591812,-1073497732,255,127
7307,5779624000,-484211568,177852943,-1073497732,255,127
7308,5780217000,-487779111,290114074,-1073497732,255,127
7309,5780810000,-491358915,402375205,-1073497732,255,127
7310,5781402000,-494877745,514636336,-1073497732,255,127
7311,5781995000,-498394208,626897467,-1073497732,255,127
7312,5782588000,-501948846,739158598,-1073497732,255,127
7313,5783180000,-505455834,851419729,-1073497732,255,127
7314,5783773000,-508982740,963680860,-1073497732,255,127
7315,5784365000,-512482542,1075941991,-1073497732,255,127
7316,5784958000,-515958288,1188203122,-1073497732,255,127
7317,5785551000,-519485350,1300464253,-1073497732,255,127
7318,5786143000,-522960526,1412725384,-1073497732,255,127
7319,5786736000,-526444043,1524986515,-1073497732,255,127
7320,5787329000,-529934421,1637247646,-1073497732,255,127
7321,5787921000,-533400898,1749508777,-1073497732,255,127
7322,5788514000,-536856144,1861769908,-1073497732,255,127
7323,5789107000,-540287603,1974031039,-1073497732,255,127
7324,5789699000,-543740076,2086292170,-1073497732,255,127
7325,5790292000,-547158298,2198553301,-1073497732,255,127
7326,5790885000,-550612087,2310814432,-1073497732,255,127
7327,5791477000,-554052917,2423075563,-1073497732,255,127
7328,5792070000,-557444911,2535336694,-1073497732,255,127
7329,5792662000,-560871693,2647597825,-1065913036,256,0
7330,5793255000,-564224892,2759858956,-1065913036,256,0
7331,5793848000,-567638094,2872120087,-1065913036,256,0
7332,5794440000,-571034175,2984381218,-1065913036,256,0
7333,5795033000,-574418529,3096642349,-1065913036,256,0
7334,5795626000,-577773957,3208903480,-1065913036,256,0
7335,5796218000,-581143967,3321164611,-1065913036,256,0
7336,5796811000,-584471405,3433425742,-1065913036,256,0
7337,5797404000,-587832629,3545686873,-1065913036,256,0
7338,5797996000,-591151082,3657948004,-1065913036,256,0
7339,5798589000,-594461858,3770209135,-1065913036,256,0
7340,5799181000,-597805968,3882470266,-1065913036,256,0
7341,5799774000,-601093413,3994731397,-1065913036,256,0
7342,5800367000,-604426783,4106992528,-1065913036,256,0
7343,5800959000,-607703434,4219253659,-1065913036,256,0
7344,5801552000,-610992510,36547494,-1065913036,256,0
7345,5802145000,-614256888,148808625,-1065913036,256,0
7346,5802737000,-617507926,261069756,-1065913036,256,0
7347,5803330000,-620822016,373330887,-1065913036,256,0
7348,5803923000,-624061583,485592018,-1065913036,256,0
7349,5804515000,-627292811,597853149,-1065913036,256,0
7350,5805108000,-630513009,710114280,-1065913036,256,0
7351,5805701000,-633758105,822375411,-1065913036,256,0
7352,5806293000,-636965712,934636542,-1065913036,256,0
7353,5806886000,-640174401,1046897673,-1065913036,256,0
7354,5807478000,-643364496,1159158804,-1065913036,256,0
7355,5808071000,-646586362,1271419935,-1065913036,256,0
7356,5808664000,-649729960,1383681066,-1065913036,256,0
7357,5809256000,-652933646,1495942197,-1065913036,256,0
7358,5809849000,-656078898,1608203328,-1065913036,256,0
7359,5810442000,-659199163,1720464459,-1065913036,256,0
7360,5811034000,-662385284,1832725590,-1065913036,256,0
7361,5811627000,-665521428,1944986721,-1065913036,256,0
7362,5812220000,-668627785,2057247852,-1065913036,256,0
7363,5812812000,-671757034,2169508983,-1065913036,256,0
7364,5813405000,-674855888,2281770114,-1065913036,256,0
7365,5813997000,-677969674,2394031245,-1065913036,256,0
7366,5814590000,-681039971,2506292376,-1065913036,256,0
7367,5815183000,-684139342,2618553507,-1036825020,257,1
7368,5815775000,-687221008,2730814638,-1036825020,257,1
7369,5816368000,-690253614,2843075769,-1036825020,257,1
7370,5816961000,-693320743,2955336900,-1036825020,257,1
7371,5817553000,-696367984,3067598031,-1036825020,257,1
7372,5818146000,-699379813,3179859162,-1036825020,257,1
7373,5818739000,-702404656,3292120293,-1036825020,257,1
7374,5819331000,-705425873,3404381424,-1036825020,257,1
7375,5819924000,-708443459,3516642555,-1036825020,257,1
7376,5820517000,-711415496,3628903686,-1036825020,257,1
7377,5821109000,-714398232,3741164817,-1036825020,257,1
7378,5821702000,-717399931,3853425948,-1036825020,257,1
7379,5822294000,-720322832,3965687079,-1036825020,257,1
7380,5822887000,-723285037,4077948210,-1036825020,257,1
7381,5823480000,-726235668,4190209341,-1036825020,257,1
7382,5824072000,-729163683,7503176,-1036825020,257,1
7383,5824665000,-732090151,119764307,-1036825020,257,1
7384,5825258000,-734993657,232025438,-1036825020,257,1
7385,5825850000,-737900433,344286569,-1036825020,257,1
7386,5826443000,-740807863,456547700,-1036825020,257,1
7387,5827036000,-743664367,568808831,-1036825020,257,1
7388,5827628000,-746560200,681069962,-1036825020,257,1
7389,5828221000,-749397783,793331093,-1036825020,257,1
7390,5828813000,-752257531,905592224,-1036825020,257,1
7391,5829406000,-755095977,1017853355,-1036825020,257,1
7392,5829999000,-757942811,1130114486,-1036825020,257,1
7393,5830591000,-760768184,1242375617,-1036825020,257,1
7394,5831184000,-763556403,1354636748,-1036825020,257,1
7395,5831777000,-766383915,1466897879,-1036825020,257,1
7396,5832369000,-769164430,1579159010,-1036825020,257,1
7397,5832962000,-771941168,1691420141,-1036825020,257,1
7398,5833555000,-774700137,1803681272,-1036825020,257,1
7399,5834147000,-777466960,1915942403,-1036825020,257,1
7400,5834740000,-780211949,2028203534,-1036825020,257,1
7401,5835333000,-782961845,2140464665,-1036825020,257,1
7402,5835925000,-785645930,2252725796,-1036825020,257,1
7403,5836518000,-788408809,2364986927,-1036825020,257,1
7404,5837110000,-791088478,2477248058,-1036825020,257,1
7405,5837703000,-793765975,2589509189,-1036825020,257,1
7406,5838296000,-796471111,2701770320,-986820495,258,2
7407,5838888000,-799128310,2814031451,-986820495,258,2
7408,5839481000,-801773051,2926292582,-986820495,258,2
7409,5840074000,-804425696,3038553713,-986820495,258,2
7410,5840666000,-807062201,3150814844,-986820495,258,2
7411,5841259000,-809709940,3263075975,-986820495,258,2
7412,5841852000,-812326362,3375337106,-986820495,258,2
7413,5842444000,-814916471,3487598237,-986820495,258,2
7414,5843037000,-817520140,3599859368,-986820495,258,2
7415,5843629000,-820116562,3712120499,-986820495,258,2
7416,5844222000,-822677238,3824381630,-986820495,258,2
7417,5844815000,-825227028,3936642761,-986820495,258,2
7418,5845407000,-827756823,4048903892,-986820495,258,2
7419,5846000000,-830317717,4161165023,-986820495,258,2
7420,5846593000,-832868817,4273426154,-986820495,258,2
7421,5847185000,-835323035,90719989,-986820495,258,2
7422,5847778000,-837839798,202981120,-986820495,258,2
7423,5848371000,-840345045,315242251,-986820495,258,2
7424,5848963000,-842807599,427503382,-986820495,258,2
7425,5849556000,-845260841,539764513,-986820495,258,2
7426,5850149000,-847730639,652025644,-986820495,258,2
7427,5850741000,-850165444,764286775,-986820495,258,2
7428,5851334000,-852592592,876547906,-986820495,258,2
7429,5851926000,-855008287,988809037,-986820495,258,2
7430,5852519000,-857407988,1101070168,-986820495,258,2
7431,5853112000,-859828216,1213331299,-986820495,258,2
7432,5853704000,-862178708,1325592430,-986820495,258,2
7433,5854297000,-864580709,1437853561,-986820495,258,2
7434,5854890000,-866950886,1550114692,-986820495,258,2
7435,5855482000,-869279984,1662375823,-986820495,258,2
7436,5856075000,-871639222,1774636954,-986820495,258,2
7437,5856668000,-873933722,1886898085,-986820495,258,2
7438,5857260000,-876245919,1999159216,-986820495,258,2
7439,5857853000,-878549295,2111420347,-986820495,258,2
7440,5858445000,-880839488,2223681478,-986820495,258,2
7441,5859038000,-883136597,2335942609,-986820495,258,2
7442,5859631000,-885353650,2448203740,-986820495,258,2
7443,5860223000,-887637929,2560464871,-986820495,258,2
7444,5860816000,-889850546,2672726002,-916908233,259,3
7445,5861409000,-892115026,2784987133,-916908233,259,3
7446,5862001000,-894319704,2897248264,-916908233,259,3
7447,5862594000,-896497336,3009509395,-916908233,259,3
7448,5863187000,-898702831,3121770526,-916908233,259,3
7449,5863779000,-900887435,3234031657,-916908233,259,3
7450,5864372000,-903064077,3346292788,-916908233,259,3
7451,5864965000,-905208455,3458553919,-916908233,259,3
7452,5865557000,-907344869,3570815050,-916908233,259,3
7453,5866150000,-909474534,3683076181,-916908233,259,3
7454,5866742000,-911602587,3795337312,-916908233,259,3
7455,5867335000,-913708192,3907598443,-916908233,259,3
7456,5867928000,-915744681,4019859574,-916908233,259,3
7457,5868520000,-917851398,4132120705,-916908233,259,3
7458,5869113000,-919907844,4244381836,-916908233,259,3
7459,5869706000,-921957037,61675671,-916908233,259,3
7460,5870298000,-923985585,173936802,-916908233,259,3
7461,5870891000,-926024279,286197933,-916908233,259,3
7462,5871484000,-928057462,398459064,-916908233,259,3
7463,5872076000,-930033064,510720195,-916908233,259,3
7464,5872669000,-932021264,622981326,-916908233,259,3
7465,5873261000,-934021410,735242457,-916908233,259,3
7466,5873854000,-935989354,847503588,-916908233,259,3
7467,5874447000,-937894233,959764719,-916908233,259,3
7468,5875039000,-939835988,1072025850,-916908233,259,3
7469,5875632000,-941777370,1184286981,-916908233,259,3
7470,5876225000,-943666060,1296548112,-916908233,259,3
7471,5876817000,-945572787,1408809243,-916908233,259,3
7472,5877410000,-947467109,1521070374,-916908233,259,3
7473,5878003000,-949336662,1633331505,-916908233,259,3
7474,5878595000,-951203014,1745592636,-916908233,259,3
7475,5879188000,-953042621,1857853767,-916908233,259,3
7476,5879781000,-954849484,1970114898,-916908233,259,3
7477,5880373000,-956696286,2082376029,-916908233,259,3
7478,5880966000,-958489476,2194637160,-916908233,259,3
7479,5881558000,-960307580,2306898291,-916908233,259,3
7480,5882151000,-962094030,2419159422,-916908233,259,3
7481,5882744000,-963846975,2531420553,-916908233,259,3
7482,5883336000,-965573570,2643681684,-828498617,260,4
7483,5883929000,-967303727,2755942815,-828498617,260,4
7484,5884522000,-969082831,2868203946,-828498617,260,4
7485,5885114000,-970747855,2980465077,-828498617,260,4
7486,5885707000,-972465243,3092726208,-828498617,260,4
7487,5886300000,-974130014,3204987339,-828498617,260,4
7488,5886892000,-975838641,3317248470,-828498617,260,4
7489,5887485000,-977467908,3429509601,-828498617,260,4
7490,5888077000,-979094347,3541770732,-828498617,260,4
7491,5888670000,-980733972,3654031863,-828498617,260,4
7492,5889263000,-982334534,3766292994,-828498617,260,4
7493,5889855000,-983988901,3878554125,-828498617,260,4
7494,5890448000,-985546450,3990815256,-828498617,260,4
7495,5891041000,-987146175,4103076387,-828498617,260,4
7496,5891633000,-988683510,4215337518,-828498617,260,4
7497,5892226000,-990264463,32631353,-828498617,260,4
7498,5892819000,-991765798,144892484,-828498617,260,4
7499,5893411000,-993306097,257153615,-828498617,260,4
7500,5894004000,-994823930,369414746,-828498617,260,4
7501,5894597000,-996312176,481675877,-828498617,260,4
7502,5895189000,-997799264,593937008,-828498617,260,4
7503,5895782000,-999242330,706198139,-828498617,260,4
7504,5896374000,-1000725148,818459270,-828498617,260,4
7505,5896967000,-1002146215,930720401,-828498617,260,4
7506,5897560000,-1003596529,1042981532,-828498617,260,4
7507,5898152000,-1004995785,1155242663,-828498617,260,4
7508,5898745000,-1006390511,1267503794,-828498617,260,4
7509,5899338000,-1007761739,1379764925,-828498617,260,4
7510,5899930000,-1009145601,1492026056,-828498617,260,4
7511,5900523000,-1010484213,1604287187,-828498617,260,4
7512,5901116000,-1011806576,1716548318,-828498617,260,4
7513,5901708000,-1013168632,1828809449,-828498617,260,4
7514,5902301000,-1014483850,1941070580,-828498617,260,4
7515,5902893000,-1015776269,2053331711,-828498617,260,4
7516,5903486000,-1017062867,2165592842,-828498617,260,4
7517,5904079000,-1018321864,2277853973,-828498617,260,4
7518,5904671000,-1019601033,2390115104,-828498617,260,4
7519,5905264000,-1020820099,2502376235,-828498617,260,4
7520,5905857000,-1022078754,2614637366,-723375188,261,5
7521,5906449000,-1023298539,2726898497,-723375188,261,5
7522,5907042000,-1024499742,2839159628,-723375188,261,5
7523,5907635000,-1025678878,2951420759,-723375188,261,5
7524,5908227000,-1026861189,3063681890,-723375188,261,5
7525,5908820000,-1028000410,3175943021,-723375188,261,5
7526,5909413000,-1029141740,3288204152,-723375188,261,5
7527,5910005000,-1030278037,3400465283,-723375188,261,5
7528,5910598000,-1031410352,3512726414,-723375188,261,5
7529,5911190000,-1032487493,3624987545,-723375188,261,5
7530,5911783000,-1033573049,3737248676,-723375188,261,5
7531,5912376000,-1034676830,3849509807,-723375188,261,5
7532,5912968000,-1035701392,3961770938,-723375188,261,5
7533,5913561000,-1036776342,4074032069,-723375188,261,5
7534,5914154000,-1037810493,4186293200,-723375188,261,5
7535,5914746000,-1038826242,3587035,-723375188,261,5
7536,5915339000,-1039836667,115848166,-723375188,261,5
7537,5915932000,-1040817179,228109297,-723375188,261,5
7538,5916524000,-1041778916,340370428,-723375188,261,5
7539,5917117000,-1042763717,452631559,-723375188,261,5
7540,5917709000,-1043678754,564892690,-723375188,261,5
7541,5918302000,-1044611187,677153821,-723375188,261,5
7542,5918895000,-1045515761,789414952,-723375188,261,5
7543,5919487000,-1046445279,901676083,-723375188,261,5
7544,5920080000,-1047309669,1013937214,-723375188,261,5
7545,5920673000,-1048215363,1126198345,-723375188,261,5
7546,5921265000,-1049060764,1238459476,-723375188,261,5
7547,5921858000,-1049905023,1350720607,-723375188,261,5
7548,5922451000,-1050737341,1462981738,-723375188,261,5
7549,5923043000,-1051515605,1575242869,-723375188,261,5
7550,5923636000,-1052328649,1687504000,-723375188,261,5
7551,5924229000,-1053117987,1799765131,-723375188,261,5
7552,5924821000,-1053869291,1912026262,-723375188,261,5
7553,5925414000,-1054670912,2024287393,-723375188,261,5
7554,5926006000,-1055399765,2136548524,-723375188,261,5
7555,5926599000,-1056124329,2248809655,-723375188,261,5
7556,5927192000,-1056830751,2361070786,-723375188,261,5
7557,5927784000,-1057529944,2473331917,-723375188,261,5
7558,5928377000,-1058215769,2585593048,-603658667,262,6
7559,5928970000,-1058887135,2697854179,-603658667,262,6
7560,5929562000,-1059514634,2810115310,-603658667,262,6
7561,5930155000,-1060171251,2922376441,-603658667,262,6
7562,5930748000,-1060783136,3034637572,-603658667,262,6
7563,5931340000,-1061400873,3146898703,-603658667,262,6
7564,5931933000,-1062018092,3259159834,-603658667,262,6
7565,5932525000,-1062581182,3371420965,-603658667,262,6
7566,5933118000,-1063145908,3483682096,-603658667,262,6
7567,5933711000,-1063729345,3595943227,-603658667,262,6
7568,5934303000,-1064235483,3708204358,-603658667,262,6
7569,5934896000,-1064790366,3820465489,-603658667,262,6
7570,5935489000,-1065268151,3932726620,-603658667,262,6
7571,5936081000,-1065758465,4044987751,-603658667,262,6
7572,5936674000,-1066244129,4157248882,-603658667,262,6
7573,5937267000,-1066752045,4269510013,-603658667,262,6
7574,5937859000,-1067151575,86803848,-603658667,262,6
7575,5938452000,-1067617673,199064979,-603658667,262,6
7576,5939045000,-1068027098,311326110,-603658667,262,6
7577,5939637000,-1068421020,423587241,-603658667,262,6
7578,5940230000,-1068799889,535848372,-603658667,262,6
7579,5940822000,-1069186637,648109503,-603658667,262,6
7580,5941415000,-1069538204,760370634,-603658667,262,6
7581,5942008000,-1069897501,872631765,-603658667,262,6
7582,5942600000,-1070210415,984892896,-603658667,262,6
7583,5943193000,-1070532907,1097154027,-603658667,262,6
7584,5943786000,-1070841301,1209415158,-603658667,262,6
7585,5944378000,-1071124457,1321676289,-603658667,262,6
7586,5944971000,-1071403699,1433937420,-603658667,262,6
7587,5945564000,-1071648133,1546198551,-603658667,262,6
7588,5946156000,-1071886628,1658459682,-603658667,262,6
7589,5946749000,-1072125642,1770720813,-603658667,262,6
7590,5947341000,-1072325025,1882981944,-603658667,262,6
7591,5947934000,-1072552607,1995243075,-603658667,262,6
7592,5948527000,-1072722676,2107504206,-603658667,262,6
7593,5949119000,-1072877915,2219765337,-603658667,262,6
7594,5949712000,-1073045533,2332026468,-603658667,262,6
7595,5950305000,-1073149106,2444287599,-603658667,262,6
7596,5950897000,-1073310374,2556548730,-471764168,263,7
7597,5951490000,-1073398891,2668809861,-471764168,263,7
7598,5952083000,-1073527188,2781070992,-471764168,263,7
7599,5952675000,-1073579709,2893332123,-471764168,263,7
7600,5953268000,-1073622131,3005593254,-471764168,263,7
7601,5953861000,-1073680148,3117854385,-471764168,263,7
7602,5954453000,-1073749121,3230115516,-471764168,263,7
7603,5955046000,-1073722314,3342376647,-471764168,263,7
7604,5955638000,-1073773322,3454637778,-471764168,263,7
7605,5956231000,-1073731156,3566898909,-471764168,263,7
7606,5956824000,-1073728060,3679160040,-471764168,263,7
7607,5957416000,-1073661791,3791421171,-471764168,263,7
7608,5958009000,-1073641868,3903682302,-471764168,263,7
7609,5958602000,-1073563384,4015943433,-471764168,263,7
7610,5959194000,-1073479746,4128204564,-471764168,263,7
7611,5959787000,-1073383935,4240465695,-471764168,263,7
7612,5960380000,-1073249190,57759530,-471764168,263,7
7613,5960972000,-1073117344,170020661,-471764168,263,7
7614,5961565000,-1072974438,282281792,-471764168,263,7
7615,5962157000,-1072845009,394542923,-471764168,263,7
7616,5962750000,-1072658181,506804054,-471764168,263,7
7617,5963343000,-1072470472,619065185,-471764168,263,7
7618,5963935000,-1072274523,731326316,-471764168,263,7
7619,5964528000,-1072081610,843587447,-471764168,263,7
7620,5965121000,-1071785623,955848578,-471764168,263,7
7621,5965713000,-1071568347,1068109709,-471764168,263,7
7622,5966306000,-1071317478,1180370840,-471764168,263,7
7623,5966899000,-1071016623,1292631971,-471764168,263,7
7624,5967491000,-1070739739,1404893102,-471764168,263,7
7625,5968084000,-1070445783,1517154233,-471764168,263,7
7626,5968677000,-1070128291,1629415364,-471764168,263,7
7627,5969269000,-1069785395,1741676495,-471764168,263,7
7628,5969862000,-1069466117,1853937626,-471764168,263,7
7629,5970454000,-1069057425,1966198757,-471764168,263,7
7630,5971047000,-1068698523,2078459888,-471764168,263,7
7631,5971640000,-1068273308,2190721019,-471764168,263,7
7632,5972232000,-1067896385,2302982150,-471764168,263,7
7633,5972825000,-1067488182,2415243281,-471764168,263,7
7634,5973418000,-1067017186,2527504412,-471764168,263,7
7635,5974010000,-1066543971,2639765543,-330352480,264,8
7636,5974603000,-1066076493,2752026674,-330352480,264,8
7637,5975196000,-1065626009,2864287805,-330352480,264,8
7638,5975788000,-1065125718,2976548936,-330352480,264,8
7639,5976381000,-1064619281,3088810067,-330352480,264,8
7640,5976973000,-1064081764,3201071198,-330352480,264,8
7641,5977566000,-1063545429,3313332329,-330352480,264,8
7642,5978159000,-1062962523,3425593460,-330352480,264,8
7643,5978751000,-1062404267,3537854591,-330352480,264,8
7644,5979344000,-1061824280,3650115722,-330352480,264,8
7645,5979937000,-1061216215,3762376853,-330352480,264,8
7646,5980529000,-1060638641,3874637984,-330352480,264,8
7647,5981122000,-1059999719,3986899115,-330352480,264,8
7648,5981715000,-1059311719,4099160246,-330352480,264,8
7649,5982307000,-1058672674,4211421377,-330352480,264,8
7650,5982900000,-1058008018,28715212,-330352480,264,8
7651,5983493000,-1057319815,140976343,-330352480,264,8
7652,5984085000,-1056613979,253237474,-330352480,264,8
7653,5984678000,-1055897552,365498605,-330352480,264,8
7654,5985270000,-1055147679,477759736,-330352480,264,8
7655,5985863000,-1054432835,590020867,-330352480,264,8
7656,5986456000,-1053644049,702281998,-330352480,264,8
7657,5987048000,-1052904670,814543129,-330352480,264,8
7658,5987641000,-1052103621,926804260,-330352480,264,8
7659,5988234000,-1051277143,1039065391,-330352480,264,8
7660,5988826000,-1050496606,1151326522,-330352480,264,8
7661,5989419000,-1049649297,1263587653,-330352480,264,8
7662,5990012000,-1048789873,1375848784,-330352480,264,8
7663,5990604000,-1047924384,1488109915,-330352480,264,8
7664,5991197000,-1047027616,1600371046,-330352480,264,8
7665,5991789000,-1046133423,1712632177,-330352480,264,8
7666,5992382000,-1045258462,1824893308,-330352480,264,8
7667,5992975000,-1044337277,1937154439,-330352480,264,8
7668,5993567000,-1043387261,2049415570,-330352480,264,8
7669,5994160000,-1042423759,2161676701,-330352480,264,8
7670,5994753000,-1041463450,2273937832,-330352480,264,8
7671,5995345000,-1040498132,2386198963,-330352480,264,8
7672,5995938000,-1039498104,2498460094,-330352480,264,8
7673,5996531000,-1038503242,2610721225,-182276387,265,9
7674,5997123000,-1037491313,2722982356,-182276387,265,9
7675,5997716000,-1036422307,2835243487,-182276387,265,9
7676,5998309000,-1035390694,2947504618,-182276387,265,9
7677,5998901000,-1034331190,3059765749,-182276387,265,9
7678,5999494000,-1033249193,3172026880,-182276387,265,9
7679,6000086000,-1032163667,3284288011,-182276387,265,9
7680,6000679000,-1031046822,3396549142,-182276387,265,9
7681,6001272000,-1029952364,3508810273,-182276387,265,9
7682,6001864000,-1028772345,3621071404,-182276387,265,9
7683,6002457000,-1027632990,3733332535,-182276387,265,9
7684,6003050000,-1026495605,3845593666,-182276387,265,9
7685,6003642000,-1025297838,3957854797,-182276387,265,9
7686,6004235000,-1024104096,4070115928,-182276387,265,9
7687,6004828000,-1022896164,4182377059,-182276387,265,9
7688,6005420000,-1021716261,4294638190,-182276387,265,9
7689,6006013000,-1020472672,111932025,-182276387,265,9
7690,6006605000,-1019206706,224193156,-182276387,265,9
7691,6007198000,-1017963990,336454287,-182276387,265,9
7692,6007791000,-1016673058,448715418,-182276387,265,9
7693,6008383000,-1015367634,560976549,-182276387,265,9
7694,6008976000,-1014067891,673237680,-182276387,265,9
7695,6009569000,-1012751879,785498811,-182276387,265,9
7696,6010161000,-1011424869,897759942,-182276387,265,9
7697,6010754000,-1010056666,1010021073,-182276387,265,9
7698,6011347000,-1008727891,1122282204,-182276387,265,9
7699,6011939000,-1007341169,1234543335,-182276387,265,9
7700,6012532000,-1005952437,1346804466,-182276387,265,9
7701,6013125000,-1004556234,1459065597,-182276387,265,9
7702,6013717000,-1003116236,1571326728,-182276387,265,9
7703,6014310000,-1001689535,1683587859,-182276387,265,9
7704,6014902000,-1000285143,1795848990,-182276387,265,9
7705,6015495000,-998777969,1908110121,-182276387,265,9
7706,6016088000,-997331004,2020371252,-182276387,265,9
7707,6016680000,-995841850,2132632383,-182276387,265,9
7708,6017273000,-994367923,2244893514,-182276387,265,9
7709,6017866000,-992846533,2357154645,-182276387,265,9
7710,6018458000,-991295596,2469415776,-182276387,265,9
7711,6019051000,-989761743,2581676907,-30523122,266,10
7712,6019644000,-988216127,2693938038,-30523122,266,10
7713,6020236000,-986656538,2806199169,-30523122,266,10
7714,6020829000,-985071989,2918460300,-30523122,266,10
7715,6021421000,-983466155,3030721431,-30523122,266,10
7716,6022014000,-981850235,3142982562,-30523122,266,10
7717,6022607000,-980258442,3255243693,-30523122,266,10
7718,6023199000,-978587825,3367504824,-30523122,266,10
7719,6023792000,-976954851,3479765955,-30523122,266,10
7720,6024385000,-975288253,3592027086,-30523122,266,10
7721,6024977000,-973590152,3704288217,-30523122,266,10
7722,6025570000,-971940483,3816549348,-30523122,266,10
7723,6026163000,-970242213,3928810479,-30523122,266,10
7724,6026755000,-968511592,4041071610,-30523122,266,10
7725,6027348000,-966767346,4153332741,-30523122,266,10
7726,6027941000,-965071194,4265593872,-30523122,266,10
7727,6028533000,-963297280,82887707,-30523122,266,10
7728,6029126000,-961527712,195148838,-30523122,266,10
7729,6029718000,-959713164,307409969,-30523122,266,10
7730,6030311000,-957931638,419671100,-30523122,266,10
7731,6030904000,-956118581,531932231,-30523122,266,10
7732,6031496000,-954309416,644193362,-30523122,266,10
7733,6032089000,-952483678,756454493,-30523122,266,10
7734,6032682000,-950648108,868715624,-30523122,266,10
7735,6033274000,-948775154,980976755,-30523122,266,10
7736,6033867000,-946887642,1093237886,-30523122,266,10
7737,6034460000,-945008357,1205499017,-30523122,266,10
7738,6035052000,-943104782,1317760148,-30523122,266,10
7739,6035645000,-941196223,1430021279,-30523122,266,10
7740,6036237000,-939245208,1542282410,-30523122,266,10
7741,6036830000,-937309467,1654543541,-30523122,266,10
7742,6037423000,-935345539,1766804672,-30523122,266,10
7743,6038015000,-933393680,1879065803,-30523122,266,10
7744,6038608000,-931429926,1991326934,-30523122,266,10
7745,6039201000,-929414550,2103588065,-30523122,266,10
7746,6039793000,-927427393,2215849196,-30523122,266,10
7747,6040386000,-925414552,2328110327,-30523122,266,10
7748,6040979000,-923373466,2440371458,-30523122,266,10
7749,6041571000,-921338845,2552632589,121845905,267,11
7750,6042164000,-919278679,2664893720,121845905,267,11
7751,6042757000,-917238122,2777154851,121845905,267,11
7752,6043349000,-915086450,2889415982,121845905,267,11
7753,6043942000,-913033385,3001677113,121845905,267,11
7754,6044534000,-910941211,3113938244,121845905,267,11
7755,6045127000,-908819091,3226199375,121845905,267,11
7756,6045720000,-906679325,3338460506,121845905,267,11
7757,6046312000,-904535715,3450721637,121845905,267,11
7758,6046905000,-902371751,3562982768,121845905,267,11
7759,6047498000,-900231333,3675243899,121845905,267,11
7760,6048090000,-898067294,3787505030,121845905,267,11
7761,6048683000,-895855941,3899766161,121845905,267,11
7762,6049276000,-893647898,4012027292,121845905,267,11
7763,6049868000,-891425982,4124288423,121845905,267,11
7764,6050461000,-889199009,4236549554,121845905,267,11
7765,6051053000,-886964891,53843389,121845905,267,11
7766,6051646000,-884696215,166104520,121845905,267,11
7767,6052239000,-882422753,278365651,121845905,267,11
7768,6052831000,-880148180,390626782,121845905,267,11
7769,6053424000,-877863089,502887913,121845905,267,11
7770,6054017000,-875575658,615149044,121845905,267,11
7771,6054609000,-873228625,727410175,121845905,267,11
7772,6055202000,-870927200,839671306,121845905,267,11
7773,6055795000,-868567386,951932437,121845905,267,11
7774,6056387000,-866190454,1064193568,121845905,267,11
7775,6056980000,-863866318,1176454699,121845905,267,11
7776,6057573000,-861462136,1288715830,121845905,267,11
7777,6058165000,-859097151,1400976961,121845905,267,11
7778,6058758000,-856702247,1513238092,121845905,267,11
7779,6059350000,-854286323,1625499223,121845905,267,11
7780,6059943000,-851851781,1737760354,121845905,267,11
7781,6060536000,-849449558,1850021485,121845905,267,11
7782,6061128000,-846963064,1962282616,121845905,267,11
7783,6061721000,-844529117,2074543747,121845905,267,11
7784,6062314000,-842060929,2186804878,121845905,267,11
7785,6062906000,-839568784,2299066009,121845905,267,11
7786,6063499000,-837094679,2411327140,121845905,267,11
7787,6064092000,-834547825,2523588271,271756860,268,12
7788,6064684000,-832034666,2635849402,271756860,268,12
7789,6065277000,-829548265,2748110533,271756860,268,12
7790,6065869000,-826985485,2860371664,271756860,268,12
7791,6066462000,-824446428,2972632795,271756860,268,12
7792,6067055000,-821870998,3084893926,271756860,268,12
7793,6067647000,-819309939,3197155057,271756860,268,12
7794,6068240000,-816697781,3309416188,271756860,268,12
7795,6068833000,-814095098,3421677319,271756860,268,12
7796,6069425000,-811501807,3533938450,271756860,268,12
7797,6070018000,-808885231,3646199581,271756860,268,12
7798,6070611000,-806251788,3758460712,271756860,268,12
7799,6071203000,-803619607,3870721843,271756860,268,12
7800,6071796000,-800984744,3982982974,271756860,268,12
7801,6072389000,-798295467,4095244105,271756860,268,12
7802,6072981000,-795637948,4207505236,271756860,268,12
7803,6073574000,-792992532,24799071,271756860,268,12
7804,6074166000,-790255925,137060202,271756860,268,12
7805,6074759000,-787556207,249321333,271756860,268,12
7806,6075352000,-784821611,361582464,271756860,268,12
7807,6075944000,-782066783,473843595,271756860,268,12
7808,6076537000,-779369791,586104726,271756860,268,12
7809,6077130000,-776586887,698365857,271756860,268,12
7810,6077722000,-773895760,810626988,271756860,268,12
7811,6078315000,-771095177,922888119,271756860,268,12
7812,6078908000,-768306485,1035149250,271756860,268,12
7813,6079500000,-765540044,1147410381,271756860,268,12
7814,6080093000,-762710227,1259671512,271756860,268,12
7815,6080685000,-759888912,1371932643,271756860,268,12
7816,6081278000,-757050901,1484193774,271756860,268,12
7817,6081871000,-754206107,1596454905,271756860,268,12
7818,6082463000,-751393105,1708716036,271756860,268,12
7819,6083056000,-748551158,1820977167,271756860,268,12
7820,6083649000,-745672550,1933238298,271756860,268,12
7821,6084241000,-742780988,2045499429,271756860,268,12
7822,6084834000,-739916340,2157760560,271756860,268,12
7823,6085427000,-736978727,2270021691,271756860,268,12
7824,6086019000,-734100777,2382282822,271756860,268,12
7825,6086612000,-731170926,2494543953,271756860,268,12
7826,6087205000,-728287268,2606805084,416185497,269,13
7827,6087797000,-725320632,2719066215,416185497,269,13
7828,6088390000,-722378720,2831327346,416185497,269,13
7829,6088982000,-719417359,2943588477,416185497,269,13
7830,6089575000,-716443692,3055849608,416185497,269,13
7831,6090168000,-713473382,3168110739,416185497,269,13
7832,6090760000,-710475642,3280371870,416185497,269,13
7833,6091353000,-707504980,3392633001,416185497,269,13
7834,6091946000,-704494259,3504894132,416185497,269,13
7835,6092538000,-701463017,3617155263,416185497,269,13
7836,6093131000,-698435187,3729416394,416185497,269,13
7837,6093724000,-695421466,3841677525,416185497,269,13
7838,6094316000,-692353147,3953938656,416185497,269,13
7839,6094909000,-689317683,4066199787,416185497,269,13
7840,6095501000,-686230517,4178460918,416185497,269,13
7841,6096094000,-683182474,4290722049,416185497,269,13
7842,6096687000,-680124184,108015884,416185497,269,13
7843,6097279000,-676998481,220277015,416185497,269,13
7844,6097872000,-673885203,332538146,416185497,269,13
7845,6098465000,-670803252,444799277,416185497,269,13
7846,6099057000,-667687765,557060408,416185497,269,13
7847,6099650000,-664520276,669321539,416185497,269,13
7848,6100243000,-661396509,781582670,416185497,269,13
7849,6100835000,-658232562,893843801,416185497,269,13
7850,6101428000,-655087673,1006104932,416185497,269,13
7851,6102021000,-651922920,1118366063,416185497,269,13
7852,6102613000,-648755829,1230627194,416185497,269,13
7853,6103206000,-645612089,1342888325,416185497,269,13
7854,6103798000,-642417246,1455149456,416185497,269,13
7855,6104391000,-639171457,1567410587,416185497,269,13
7856,6104984000,-635966919,1679671718,416185497,269,13
7857,6105576000,-632759534,1791932849,416185497,269,13
7858,6106169000,-629554333,1904193980,416185497,269,13
7859,6106762000,-626302053,2016455111,416185497,269,13
7860,6107354000,-623048986,2128716242,416185497,269,13
7861,6107947000,-619807650,2240977373,416185497,269,13
7862,6108540000,-616528528,2353238504,416185497,269,13
7863,6109132000,-613259234,2465499635,416185497,269,13
7864,6109725000,-609976693,2577760766,552218167,270,14
7865,6110317000,-606704111,2690021897,552218167,270,14
7866,6110910000,-603421126,2802283028,552218167,270,14
7867,6111503000,-600094869,2914544159,552218167,270,14
7868,6112095000,-596774761,3026805290,552218167,270,14
7869,6112688000,-593457571,3139066421,552218167,270,14
7870,6113281000,-590151655,3251327552,552218167,270,14
7871,6113873000,-586785044,3363588683,552218167,270,14
7872,6114466000,-583456949,3475849814,552218167,270,14
7873,6115059000,-580067319,3588110945,552218167,270,14
7874,6115651000,-576720201,3700372076,552218167,270,14
7875,6116244000,-573382326,3812633207,552218167,270,14
7876,6116837000,-569979104,3924894338,552218167,270,14
7877,6117429000,-566614671,4037155469,552218167,270,14
7878,6118022000,-563200013,4149416600,552218167,270,14
7879,6118614000,-559823458,4261677731,552218167,270,14
7880,6119207000,-556420884,78971566,552218167,270,14
7881,6119800000,-552988059,191232697,552218167,270,14
7882,6120392000,-549555304,303493828,552218167,270,14
7883,6120985000,-546112549,415754959,552218167,270,14
7884,6121578000,-542674698,528016090,552218167,270,14
7885,6122170000,-539238957,640277221,552218167,270,14
7886,6122763000,-535795342,752538352,552218167,270,14
7887,6123356000,-532353981,864799483,552218167,270,14
7888,6123948000,-528859128,977060614,552218167,270,14
7889,6124541000,-525397555,1089321745,552218167,270,14
7890,6125133000,-521904819,1201582876,552218167,270,14
7891,6125726000,-518418841,1313844007,552218167,270,14
7892,6126319000,-514913697,1426105138,552218167,270,14
7893,6126911000,-511433041,1538366269,552218167,270,14
7894,6127504000,-507875196,1650627400,552218167,270,14
7895,6128097000,-504359732,1762888531,552218167,270,14
7896,6128689000,-500872569,1875149662,552218167,270,14
7897,6129282000,-497319649,1987410793,552218167,270,14
7898,6129875000,-493788882,2099671924,552218167,270,14
7899,6130467000,-490235425,2211933055,552218167,270,14
7900,6131060000,-486671558,2324194186,552218167,270,14
7901,6131653000,-483133387,2436455317,552218167,270,14
7902,6132245000,-479550192,2548716448,677110601,271,15
7903,6132838000,-475984439,2660977579,677110601,271,15
7904,6133430000,-472414161,2773238710,677110601,271,15
7905,6134023000,-468788102,2885499841,677110601,271,15
7906,6134616000,-465213574,2997760972,677110601,271,15
7907,6135208000,-461629899,3110022103,677110601,271,15
7908,6135801000,-458040741,3222283234,677110601,271,15
7909,6136394000,-454398281,3334544365,677110601,271,15
7910,6136986000,-450806042,3446805496,677110601,271,15
7911,6137579000,-447145701,3559066627,677110601,271,15
7912,6138172000,-443536821,3671327758,677110601,271,15
7913,6138764000,-439891820,3783588889,677110601,271,15
7914,6139357000,-436286146,3895850020,677110601,271,15
7915,6139949000,-432637892,4008111151,677110601,271,15
7916,6140542000,-428958739,4120372282,677110601,271,15
7917,6141135000,-425297366,4232633413,677110601,271,15
7918,6141727000,-421648898,49927248,677110601,271,15
7919,6142320000,-417978404,162188379,677110601,271,15
7920,6142913000,-414274162,274449510,677110601,271,15
7921,6143505000,-410594512,386710641,677110601,271,15
7922,6144098000,-406909611,498971772,677110601,271,15
7923,6144691000,-403237049,611232903,677110601,271,15
7924,6145283000,-399493318,723494034,677110601,271,15
7925,6145876000,-395815274,835755165,677110601,271,15
7926,6146469000,-392090579,948016296,677110601,271,15
7927,6147061000,-388371053,1060277427,677110601,271,15
7928,6147654000,-384653230,1172538558,677110601,271,15
7929,6148246000,-380898952,1284799689,677110601,271,15
7930,6148839000,-377215412,1397060820,677110601,271,15
7931,6149432000,-373433152,1509321951,677110601,271,15
7932,6150024000,-369715117,1621583082,677110601,271,15
7933,6150617000,-365970906,1733844213,677110601,271,15
7934,6151210000,-362223988,1846105344,677110601,271,15
7935,6151802000,-358450896,1958366475,677110601,271,15
7936,6152395000,-354685709,2070627606,677110601,271,15
7937,6152988000,-350901183,2182888737,677110601,271,15
7938,6153580000,-347129352,2295149868,677110601,271,15
7939,6154173000,-343367304,2407410999,677110601,271,15
7940,6154765000,-339584196,2519672130,788343265,272,16
7941,6155358000,-335792056,2631933261,788343265,272,16
7942,6155951000,-331997850,2744194392,788343265,272,16
7943,6156543000,-328194767,2856455523,788343265,272,16
7944,6157136000,-324432914,2968716654,788343265,272,16
7945,6157729000,-320613453,3080977785,788343265,272,16
7946,6158321000,-316821118,3193238916,788343265,272,16
7947,6158914000,-312980563,3305500047,788343265,272,16
7948,6159507000,-309162008,3417761178,788343265,272,16
7949,6160099000,-305321817,3530022309,788343265,272,16
7950,6160692000,-301518176,3642283440,788343265,272,16
7951,6161285000,-297671360,3754544571,788343265,272,16
7952,6161877000,-293854401,3866805702,788343265,272,16
7953,6162470000,-290021016,3979066833,788343265,272,16
7954,6163062000,-286168460,4091327964,788343265,272,16
7955,6163655000,-282321219,4203589095,788343265,272,16
7956,6164248000,-278483067,20882930,788343265,272,16
7957,6164840000,-274639823,133144061,788343265,272,16
7958,6165433000,-270759870,245405192,788343265,272,16
7959,6166026000,-266862956,357666323,788343265,272,16
7960,6166618000,-262992665,469927454,788343265,272,16
7961,6167211000,-259171314,582188585,788343265,272,16
7962,6167804000,-255258896,694449716,788343265,272,16
7963,6168396000,-251415431,806710847,788343265,272,16
7964,6168989000,-247522957,918971978,788343265,272,16
7965,6169581000,-243667582,1031233109,788343265,272,16
7966,6170174000,-239776083,1143494240,788343265,272,16
7967,6170767000,-235860460,1255755371,788343265,272,16
7968,6171359000,-231976393,1368016502,788343265,272,16
7969,6171952000,-228062698,1480277633,788343265,272,16
7970,6172545000,-224158238,1592538764,788343265,272,16
7971,6173137000,-220279859,1704799895,788343265,272,16
7972,6173730000,-216348083,1817061026,788343265,272,16
7973,6174323000,-212453391,1929322157,788343265,272,16
7974,6174915000,-208518082,2041583288,788343265,272,16
7975,6175508000,-204626637,2153844419,788343265,272,16
7976,6176101000,-200686939,2266105550,788343265,272,16
7977,6176693000,-196772147,2378366681,788343265,272,16
7978,6177286000,-192855855,2490627812,883672196,273,17
7979,6177878000,-188948112,2602888943,883672196,273,17
7980,6178471000,-185009655,2715150074,883672196,273,17
7981,6179064000,-181078846,2827411205,883672196,273,17
7982,6179656000,-177139313,2939672336,883672196,273,17
7983,6180249000,-173187497,3051933467,883672196,273,17
7984,6180842000,-169279998,3164194598,883672196,273,17
7985,6181434000,-165317986,3276455729,883672196,273,17
7986,6182027000,-161373081,3388716860,883672196,273,17
7987,6182620000,-157451356,3500977991,883672196,273,17
7988,6183212000,-153504079,3613239122,883672196,273,17
7989,6183805000,-149548801,3725500253,883672196,273,17
7990,6184397000,-145599432,3837761384,883672196,273,17
7991,6184990000,-141636341,3950022515,883672196,273,17
7992,6185583000,-137699276,4062283646,883672196,273,17
7993,6186175000,-133721777,4174544777,883672196,273,17
7994,6186768000,-129779480,4286805908,883672196,273,17
7995,6187361000,-125834386,104099743,883672196,273,17
7996,6187953000,-121858870,216360874,883672196,273,17
7997,6188546000,-117845361,328622005,883672196,273,17
7998,6189139000,-113879204,440883136,883672196,273,17
7999,6189731000,-109943367,553144267,883672196,273,17
8000,6190324000,-105942451,665405398,883672196,273,17
8001,6190917000,-101983558,777666529,883672196,273,17
8002,6191509000,-98019488,889927660,883672196,273,17
8003,6192102000,-94036986,1002188791,883672196,273,17
8004,6192694000,-90057527,1114449922,883672196,273,17
8005,6193287000,-86098200,1226711053,883672196,273,17
8006,6193880000,-82127995,1338972184,883672196,273,17
8007,6194472000,-78145493,1451233315,883672196,273,17
8008,6195065000,-74168903,1563494446,883672196,273,17
8009,6195658000,-70198136,1675755577,883672196,273,17
8010,6196250000,-66168025,1788016708,883672196,273,17
8011,6196843000,-62223289,1900277839,883672196,273,17
8012,6197436000,-58264431,2012538970,883672196,273,17
8013,6198028000,-54259445,2124800101,883672196,273,17
8014,6198621000,-50273412,2237061232,883672196,273,17
8015,6199213000,-46278524,2349322363,883672196,273,17
8016,6199806000,-42320527,2461583494,961174264,274,18
8017,6200399000,-38311891,2573844625,961174264,274,18
8018,6200991000,-34318156,2686105756,961174264,274,18
8019,6201584000,-30353808,2798366887,961174264,274,18
8020,6202177000,-26342661,2910628018,961174264,274,18
8021,6202769000,-22363531,3022889149,961174264,274,18
8022,6203362000,-18376114,3135150280,961174264,274,18
8023,6203955000,-14394389,3247411411,961174264,274,18
8024,6204547000,-10402041,3359672542,961174264,274,18
8025,6205140000,-6397436,3471933673,961174264,274,18
8026,6205733000,-2391696,3584194804,961174264,274,18
8027,6206325000,1599203,3696455935,961174264,274,18
8028,6206918000,5573134,3808717066,961174264,274,18
8029,6207510000,9560522,3920978197,961174264,274,18
8030,6208103000,13526872,4033239328,961174264,274,18
8031,6208696000,17540365,4145500459,961174264,274,18
8032,6209288000,21506939,4257761590,961174264,274,18
8033,6209881000,25486027,75055425,961174264,274,18
8034,6210474000,29509563,187316556,961174264,274,18
8035,6211066000,33517124,299577687,961174264,274,18
8036,6211659000,37482036,411838818,961174264,274,18
8037,6212252000,41458492,524099949,961174264,274,18
8038,6212844000,45455869,636361080,961174264,274,18
8039,6213437000,49439376,748622211,961174264,274,18
8040,6214029000,53410848,860883342,961174264,274,18
8041,6214622000,57404913,973144473,961174264,274,18
8042,6215215000,61388559,1085405604,961174264,274,18
8043,6215807000,65369891,1197666735,961174264,274,18
8044,6216400000,69341080,1309927866,961174264,274,18
8045,6216993000,73321724,1422188997,961174264,274,18
8046,6217585000,77315734,1534450128,961174264,274,18
8047,6218178000,81309196,1646711259,961174264,274,18
8048,6218771000,85298348,1758972390,961174264,274,18
8049,6219363000,89206576,1871233521,961174264,274,18
8050,6219956000,93208335,1983494652,961174264,274,18
8051,6220549000,97175536,2095755783,961174264,274,18
8052,6221141000,101163449,2208016914,961174264,274,18
8053,6221734000,105120387,2320278045,961174264,274,18
8054,6222326000,109087875,2432539176,961174264,274,18
8055,6222919000,113058660,2544800307,1019285972,275,19
8056,6223512000,117043299,2657061438,1019285972,275,19
8057,6224104000,121002656,2769322569,1019285972,275,19
8058,6224697000,125001877,2881583700,1019285972,275,19
8059,6225290000,128963432,2993844831,1019285972,275,19
8060,6225882000,132896566,3106105962,1019285972,275,19
8061,6226475000,136838602,3218367093,1019285972,275,19
8062,6227068000,140820580,3330628224,1019285972,275,19
8063,6227660000,144729825,3442889355,1019285972,275,19
8064,6228253000,148731589,3555150486,1019285972,275,19
8065,6228845000,152655246,3667411617,1019285972,275,19
8066,6229438000,156629429,3779672748,1019285972,275,19
8067,6230031000,160533140,3891933879,1019285972,275,19
8068,6230623000,164502718,4004195010,1019285972,275,19
8069,6231216000,168468523,4116456141,1019285972,275,19
8070,6231809000,172375771,4228717272,1019285972,275,19
8071,6232401000,176298112,46011107,1019285972,275,19
8072,6232994000,180230747,158272238,1019285972,275,19
8073,6233587000,184180133,270533369,1019285972,275,19
8074,6234179000,188149731,382794500,1019285972,275,19
8075,6234772000,192044262,495055631,1019285972,275,19
8076,6235365000,195957350,607316762,1019285972,275,19
8077,6235957000,199876186,719577893,1019285972,275,19
8078,6236550000,203827641,831839024,1019285972,275,19
8079,6237142000,207719277,944100155,1019285972,275,19
8080,6237735000,211637502,1056361286,1019285972,275,19
8081,6238328000,215509413,1168622417,1019285972,275,19
8082,6238920000,219458240,1280883548,1019285972,275,19
8083,6239513000,223345406,1393144679,1019285972,275,19
8084,6240106000,227262071,1505405810,1019285972,275,19
8085,6240698000,231151708,1617666941,1019285972,275,19
8086,6241291000,235028702,1729928072,1019285972,275,19
8087,6241884000,238905230,1842189203,1019285972,275,19
8088,6242476000,242821362,1954450334,1019285972,275,19
8089,6243069000,246693922,2066711465,1019285972,275,19
8090,6243661000,250591680,2178972596,1019285972,275,19
8091,6244254000,254495733,2291233727,1019285972,275,19
8092,6244847000,258337427,2403494858,1019285972,275,19
8093,6245439000,262199867,2515755989,1056834997,276,20
8094,6246032000,266081727,2628017120,1056834997,276,20
8095,6246625000,269947464,2740278251,1056834997,276,20
8096,6247217000,273845923,2852539382,1056834997,276,20
8097,6247810000,277649686,2964800513,1056834997,276,20
8098,6248403000,281499510,3077061644,1056834997,276,20
8099,6248995000,285367661,3189322775,1056834997,276,20
8100,6249588000,289195629,3301583906,1056834997,276,20
8101,6250181000,293051760,3413845037,1056834997,276,20
8102,6250773000,296878391,3526106168,1056834997,276,20
8103,6251366000,300713419,3638367299,1056834997,276,20
8104,6251958000,304540319,3750628430,1056834997,276,20
8105,6252551000,308383087,3862889561,1056834997,276,20
8106,6253144000,312182553,3975150692,1056834997,276,20
8107,6253736000,316010661,4087411823,1056834997,276,20
8108,6254329000,319808769,4199672954,1056834997,276,20
8109,6254922000,323585232,16966789,1056834997,276,20
8110,6255514000,327394279,129227920,1056834997,276,20
8111,6256107000,331212069,241489051,1056834997,276,20
8112,6256700000,335024265,353750182,1056834997,276,20
8113,6257292000,338793829,466011313,1056834997,276,20
8114,6257885000,342571802,578272444,1056834997,276,20
8115,6258477000,346360033,690533575,1056834997,276,20
8116,6259070000,350133643,802794706,1056834997,276,20
8117,6259663000,353900788,915055837,1056834997,276,20
8118,6260255000,357664040,1027316968,1056834997,276,20
8119,6260848000,361407665,1139578099,1056834997,276,20
8120,6261441000,365175806,1251839230,1056834997,276,20
8121,6262033000,368942208,1364100361,1056834997,276,20
8122,6262626000,372670410,1476361492,1056834997,276,20
8123,6263219000,376417269,1588622623,1056834997,276,20
8124,6263811000,380148372,1700883754,1056834997,276,20
8125,6264404000,383868380,1813144885,1056834997,276,20
8126,6264997000,387594833,1925406016,1056834997,276,20
8127,6265589000,391320961,2037667147,1056834997,276,20
8128,6266182000,395021600,2149928278,1056834997,276,20
8129,6266774000,398737582,2262189409,1056834997,276,20
8130,6267367000,402451377,2374450540,1056834997,276,20
8131,6267960000,406154405,2486711671,1073063839,277,21
8132,6268552000,409830379,2598972802,1073063839,277,21
8133,6269145000,413522054,2711233933,1073063839,277,21
8134,6269738000,417190635,2823495064,1073063839,277,21
8135,6270330000,420836337,2935756195,1073063839,277,21
8136,6270923000,424533904,3048017326,1073063839,277,21
8137,6271516000,428172488,3160278457,1073063839,277,21
8138,6272108000,431850669,3272539588,1073063839,277,21
8139,6272701000,435497208,3384800719,1073063839,277,21
8140,6273293000,439142388,3497061850,1073063839,277,21
8141,6273886000,442752906,3609322981,1073063839,277,21
8142,6274479000,446386801,3721584112,1073063839,277,21
8143,6275071000,450045626,3833845243,1073063839,277,21
8144,6275664000,453646073,3946106374,1073063839,277,21
8145,6276257000,457268631,4058367505,1073063839,277,21
8146,6276849000,460885253,4170628636,1073063839,277,21
8147,6277442000,464485188,4282889767,1073063839,277,21
8148,6278035000,468044001,100183602,1073063839,277,21
8149,6278627000,471653346,212444733,1073063839,277,21
8150,6279220000,475257500,324705864,1073063839,277,21
8151,6279813000,478803512,436966995,1073063839,277,21
8152,6280405000,482343239,549228126,1073063839,277,21
8153,6280998000,485951969,661489257,1073063839,277,21
8154,6281590000,489474955,773750388,1073063839,277,21
8155,6282183000,493037559,886011519,1073063839,277,21
8156,6282776000,496575876,998272650,1073063839,277,21
8157,6283368000,500124155,1110533781,1073063839,277,21
8158,6283961000,503641275,1222794912,1073063839,277,21
8159,6284554000,507150163,1335056043,1073063839,277,21
8160,6285146000,510647129,1447317174,1073063839,277,21
8161,6285739000,514194333,1559578305,1073063839,277,21
8162,6286332000,517660102,1671839436,1073063839,277,21
8163,6286924000,521195157,1784100567,1073063839,277,21
8164,6287517000,524650547,1896361698,1073063839,277,21
8165,6288109000,528104482,2008622829,1073063839,277,21
8166,6288702000,531618368,2120883960,1073063839,277,21
8167,6289295000,535064047,2233145091,1073063839,277,21
8168,6289887000,538499813,2345406222,1073063839,277,21
8169,6290480000,541954200,2457667353,1067645104,278,22
8170,6291073000,545404728,2569928484,1067645104,278,22
8171,6291665000,548825493,2682189615,1067645104,278,22
8172,6292258000,552267700,2794450746,1067645104,278,22
8173,6292851000,555679251,2906711877,1067645104,278,22
8174,6293443000,559084237,3018973008,1067645104,278,22
8175,6294036000,562460544,3131234139,1067645104,278,22
8176,6294629000,565866168,3243495270,1067645104,278,22
8177,6295221000,569255584,3355756401,1067645104,278,22
8178,6295814000,572644142,3468017532,1067645104,278,22
8179,6296406000,576057625,3580278663,1067645104,278,22
8180,6296999000,579385037,3692539794,1067645104,278,22
8181,6297592000,582746038,3804800925,1067645104,278,22
8182,6298184000,586117482,3917062056,1067645104,278,22
8183,6298777000,589414844,4029323187,1067645104,278,22
8184,6299370000,592766573,4141584318,1067645104,278,22
8185,6299962000,596054132,4253845449,1067645104,278,22
8186,6300555000,599372073,71139284,1067645104,278,22
8187,6301148000,602684125,183400415,1067645104,278,22
8188,6301740000,605999423,295661546,1067645104,278,22
8189,6302333000,609309534,407922677,1067645104,278,22
8190,6302925000,612574397,520183808,1067645104,278,22
8191,6303518000,615859681,632444939,1067645104,278,22
