out_idx,time_ns,dac_left,dac_right
0,30000812000,-235019944,-348952668
1,30001405000,-231134365,-343290503
2,30001997000,-227206504,-337587497
3,30002590000,-223299205,-331919875
4,30003182000,-219357296,-326162009
5,30003775000,-215470696,-320472257
6,30004368000,-211546285,-314745008
7,30004960000,-207620333,-308992384
8,30005553000,-203714378,-303266930
9,30006146000,-199792595,-297490932
10,30006738000,-195877559,-291768435
11,30007331000,-191909275,-285981901
12,30007924000,-187971657,-280174423
13,30008516000,-184057284,-274403277
14,30009109000,-180142440,-268606527
15,30009702000,-176184506,-262808392
16,30010294000,-172246996,-256952422
17,30010887000,-168308206,-251162439
18,30011479000,-164340058,-245337980
19,30012072000,-160373868,-239442647
20,30012665000,-156427274,-233624121
21,30013257000,-152490386,-227757674
22,30013850000,-148545244,-221929442
23,30014443000,-144563675,-216039456
24,30015035000,-140609925,-210162425
25,30015628000,-136685766,-204273657
26,30016221000,-132695227,-198421805
27,30016813000,-128719643,-192493732
28,30017406000,-124742781,-186592735
29,30017998000,-120791341,-180710688
30,30018591000,-116781206,-174762618
31,30019184000,-112822075,-168858692
32,30019776000,-108875290,-162949135
33,30020369000,-104876599,-157012730
34,30020962000,-100912302,-151100772
35,30021554000,-96918949,-145163698
36,30022147000,-92959585,-139205350
37,30022740000,-88960853,-133251355
38,30023332000,-84962877,-127298335
39,30023925000,-80997330,-121344517
40,30024518000,-76989856,-115371977
41,30025110000,-73038503,-109458259
42,30025703000,-69043108,-103479099
43,30026295000,-65060922,-97554537
44,30026888000,-61060954,-91521161
45,30027481000,-57063462,-85535935
46,30028073000,-53068491,-79593599
47,30028666000,-49094172,-73616781
48,30029259000,-45084755,-67640473
49,30029851000,-41086237,-61608614
50,30030444000,-37144994,-55668882
51,30031037000,-33116936,-49679987
52,30031629000,-29118728,-43685284
53,30032222000,-25157337,-37721824
54,30032814000,-21127921,-31699456
55,30033407000,-17125638,-25704910
56,30034000000,-13167959,-19701742
57,30034592000,-9152615,-13732666
58,30035185000,-5175133,-7733205
59,30035778000,-1125607,-1692844
60,30036370000,2829638,4291609
61,30036963000,6840096,10271098
62,30037556000,10825587,16256753
63,30038148000,14844902,22272619
64,30038741000,18851623,28254603
65,30039334000,22847089,34243250
66,30039926000,26807327,40220911
67,30040519000,30808797,46203186
68,30041111000,34802437,52200123
69,30041704000,38782476,58183632
70,30042297000,42808350,64173695
71,30042889000,46777683,70170445
72,30043482000,50779085,76143655
73,30044075000,54761627,82096829
74,30044667000,58777872,88079182
75,30045260000,62769794,94079609
76,30045853000,66736148,100020770
77,30046445000,70745204,106014040
78,30047038000,74702354,111945810
79,30047630000,78696747,117930775
80,30048223000,82686371,123905819
81,30048816000,86661907,129822109
82,30049408000,90642573,135775153
83,30050001000,94621021,141717476
84,30050594000,98627006,147660395
85,30051186000,102598529,153577600
86,30051779000,106534386,159513117
87,30052372000,110564949,165450270
88,30052964000,114509713,171397598
89,30053557000,118466294,177277669
90,30054150000,122472067,183199554
91,30054742000,126429036,189102944
92,30055335000,130404486,195021200
93,30055927000,134366922,200893820
94,30056520000,138325940,206768480
95,30057113000,142293231,212677610
96,30057705000,146261978,218540141
97,30058298000,150212391,224416682
98,30058891000,154173865,230270900
99,30059483000,158126251,236140827
100,30060076000,162087231,241947181
101,30060669000,166038220,247802639
102,30061261000,169956074,253645717
103,30061854000,173887402,259442360
104,30062446000,177840654,265244762
105,30063039000,181832267,271068817
106,30063632000,185739066,276862218
107,30064224000,189628825,282650737
108,30064817000,193590870,288412312
109,30065410000,197546208,294204575
110,30066002000,201455121,299964573
111,30066595000,205359400,305688273
112,30067188000,209304526,311452027
113,30067780000,213241971,317165785
114,30068373000,217138588,322890143
115,30068966000,221059603,328630822
116,30069558000,224947054,334285863
117,30070151000,228850877,339970637
118,30070743000,232760185,345686832
119,30071336000,236674264,351359770
120,30071929000,240552518,356996988
121,30072521000,244447804,362665169
122,30073114000,248359875,368304889
123,30073707000,252241924,373918691
124,30074299000,256114788,379524383
125,30074892000,259993730,385139135
126,30075485000,263870802,390747969
127,30076077000,267704207,396299479
128,30076670000,271594443,401867462
129,30077262000,275470141,407425834
130,30077855000,279347669,412966105
131,30078448000,283180217,418485109
132,30079040000,287031231,424008148
133,30079633000,290895694,429506895
134,30080226000,294743419,435010996
135,30080818000,298601337,440484586
136,30081411000,302410900,445916265
137,30082004000,306218482,451378040
138,30082596000,310065970,456817616
139,30083189000,313882244,462203215
140,30083782000,317712952,467606834
141,30084374000,321532330,473015529
142,30084967000,325326324,478369135
143,30085559000,329137871,483756673
144,30086152000,332970836,489082315
145,30086745000,336744160,494419976
146,30087337000,340526537,499735485
147,30087930000,344314455,505041727
148,30088523000,348121233,510291908
149,30089115000,351886750,515585126
150,30089708000,355656848,520829498
151,30090301000,359416872,526090894
152,30090893000,363175433,531265402
153,30091486000,366942462,536463197
154,30092078000,370715354,541677992
155,30092671000,374442775,546835651
156,30093264000,378177456,551961629
157,30093856000,381938222,557126915
158,30094449000,385668057,562233374
159,30095042000,389370392,567324517
160,30095634000,393111661,572428443
161,30096227000,396837263,577499107
162,30096820000,400543404,582523802
163,30097412000,404263376,587555482
164,30098005000,407924993,592549846
165,30098598000,411658767,597573704
166,30099190000,415306822,602519131
167,30099783000,418991419,607468837
168,30100375000,422675409,612408945
169,30100968000,426366147,617306373
170,30101561000,430026696,622217914
171,30102153000,433665661,627076551
172,30102746000,437341693,631953998
173,30103339000,440978261,636788698
174,30103931000,444604852,641585689
175,30104524000,448270856,646408025
176,30105117000,451858833,651154885
177,30105709000,455477328,655929755
178,30106302000,459107804,660668433
179,30106894000,462748926,665387379
180,30107487000,466363642,670079852
181,30108080000,469917044,674739840
182,30108672000,473501976,679382654
183,30109265000,477094553,684025295
184,30109858000,480696962,688672419
185,30110450000,484238101,693227421
186,30111043000,487824015,697801942
187,30111636000,491360299,702324730
188,30112228000,494912370,706865846
189,30112821000,498471245,711368403
190,30113414000,501989259,715844011
191,30114006000,505549639,720284139
192,30114599000,509041035,724737213
193,30115191000,512556710,729143031
194,30115784000,516070648,733554402
195,30116377000,519571619,737918472
196,30116969000,523090382,742289226
197,30117562000,526550820,746576713
198,30118155000,530040206,750896021
199,30118747000,533512363,755175645
200,30119340000,536994094,759401933
201,30119933000,540413568,763618631
202,30120525000,543881262,767806375
203,30121118000,547285129,771989955
204,30121710000,550712242,776132879
205,30122303000,554126769,780247332
206,30122896000,557599853,784377853
207,30123488000,560987658,788434897
208,30124081000,564447165,792563309
209,30124674000,567789224,796544185
210,30125266000,571176588,800565303
211,30125859000,574564082,804527623
212,30126452000,577933754,808477364
213,30127044000,581288580,812433227
214,30127637000,584676943,816328849
215,30128230000,588016672,820225392
216,30128822000,591341188,824072578
217,30129415000,594682538,827914136
218,30130007000,597988930,831707564
219,30130600000,601312093,835483770
220,30131193000,604602933,839225742
221,30131785000,607906330,842967047
222,30132378000,611223249,846675590
223,30132971000,614470676,850324334
224,30133563000,617779947,853997144
225,30134156000,621022597,857599135
226,30134749000,624300024,861198649
227,30135341000,627520061,864787740
228,30135934000,630759513,868309118
229,30136526000,634007068,871842874
230,30137119000,637210482,875287804
231,30137712000,640451108,878804844
232,30138304000,643666345,882221443
233,30138897000,646853752,885619375
234,30139490000,650026202,889007578
235,30140082000,653200988,892343685
236,30140675000,656366094,895688065
237,30141268000,659546022,898929144
238,30141860000,662672070,902222073
239,30142453000,665806901,905439858
240,30143046000,668924826,908659913
241,30143638000,672100652,911881205
242,30144231000,675175413,914966460
243,30144823000,678280007,918103867
244,30145416000,681344647,921205741
245,30146009000,684443561,924260034
246,30146601000,687523662,927296874
247,30147194000,690579281,930311263
248,30147787000,693632106,933291555
249,30148379000,696698412,936238714
250,30148972000,699768366,939188219
251,30149565000,702766000,942018817
252,30150157000,705761863,944898153
253,30150750000,708772487,947764547
254,30151342000,711772434,950540468
255,30151935000,714758500,953316277
256,30152528000,717748081,956065135
257,30153120000,720722178,958776868
258,30153713000,723654018,961433480
259,30154306000,726632530,964117783
260,30154898000,729538647,966733087
261,30155491000,732472557,969350377
262,30156084000,735388460,971903374
263,30156676000,738281576,974421551
264,30157269000,741197091,976948517
265,30157862000,744064848,979408601
266,30158454000,746944968,981853290
267,30159047000,749816887,984261644
268,30159639000,752677534,986637313
269,30160232000,755518578,989014949
270,30160825000,758363842,991321374
271,30161417000,761169997,993619987
272,30162010000,763994188,995866486
273,30162603000,766776574,998096292
274,30163195000,769625996,1000300952
275,30163788000,772356029,1002430120
276,30164381000,775149769,1004603702
277,30164973000,777917734,1006694541
278,30165566000,780653545,1008766749
279,30166158000,783383387,1010770538
280,30166751000,786113210,1012814261
281,30167344000,788832840,1014769442
282,30167936000,791537393,1016721620
283,30168529000,794223099,1018631327
284,30169122000,796902890,1020490380
285,30169714000,799620132,1022367380
286,30170307000,802284888,1024190308
287,30170900000,804911537,1025943878
288,30171492000,807560150,1027737257
289,30172085000,810155727,1029419432
290,30172678000,812782973,1031100287
291,30173270000,815387140,1032777525
292,30173863000,817999479,1034404446
293,30174455000,820572663,1035993777
294,30175048000,823148552,1037567740
295,30175641000,825687087,1039060572
296,30176233000,828235595,1040597620
297,30176826000,830762638,1042039423
298,30177419000,833332620,1043479127
299,30178011000,835816002,1044861766
300,30178604000,838341924,1046256939
301,30179197000,840813240,1047572549
302,30179789000,843278136,1048880998
303,30180382000,845756633,1050151063
304,30180974000,848227142,1051370456
305,30181567000,850661579,1052561425
306,30182160000,853092000,1053729107
307,30182752000,855531968,1054896146
308,30183345000,857932410,1055975024
309,30183938000,860344546,1057084353
310,30184530000,862710030,1058076670
311,30185123000,865097829,1059106750
312,30185716000,867447258,1060069368
313,30186308000,869783301,1061004757
314,30186901000,872162153,1061896061
315,30187494000,874461113,1062798860
316,30188086000,876779285,1063606620
317,30188679000,879103616,1064424641
318,30189271000,881367918,1065214655
319,30189864000,883638504,1065942107
320,30190457000,885910608,1066652408
321,30191049000,888162402,1067328262
322,30191642000,890398925,1067923962
323,30192235000,892591124,1068557149
324,30192827000,894865584,1069123684
325,30193420000,897041540,1069691919
326,30194013000,899221760,1070183888
327,30194605000,901408762,1070638325
328,30195198000,903566465,1071100858
329,30195790000,905715587,1071503145
330,30196383000,907862241,1071864048
331,30196976000,909988168,1072195179
332,30197568000,912112482,1072530904
333,30198161000,914203181,1072783711
334,30198754000,916318339,1073052797
335,30199346000,918364982,1073243143
336,30199939000,920461752,1073437313
337,30200532000,922503393,1073549400
338,30201124000,924530659,1073684235
339,30201717000,926555294,1073716256
340,30202310000,928583890,1073771531
341,30202902000,930575412,1073757412
342,30203495000,932541104,1073734760
343,30204087000,934539581,1073693924
344,30204680000,936520229,1073594960
345,30205273000,938433999,1073461228
346,30205865000,940373243,1073275121
347,30206458000,942289371,1073105820
348,30207051000,944180442,1072874908
349,30207643000,946086756,1072596165
350,30208236000,947980634,1072331603
351,30208829000,949853261,1071931400
352,30209421000,951729855,1071631110
353,30210014000,953544963,1071233768
354,30210606000,955380875,1070816456
355,30211199000,957214534,1070326859
356,30211792000,959027860,1069855992
357,30212384000,960812326,1069287368
358,30212977000,962565966,1068762182
359,30213570000,964365610,1068134407
360,30214162000,966086161,1067507789
361,30214755000,967814175,1066858704
362,30215348000,969548844,1066147708
363,30215940000,971268211,1065461827
364,30216533000,972965261,1064676828
365,30217126000,974639534,1063881493
366,30217718000,976311971,1063062701
367,30218311000,977973542,1062181073
368,30218903000,979615966,1061301975
369,30219496000,981262343,1060362371
370,30220089000,982842862,1059410787
371,30220681000,984466091,1058408138
372,30221274000,986057846,1057379245
373,30221867000,987620160,1056328076
374,30222459000,989210535,1055254204
375,30223052000,990757202,1054098550
376,30223645000,992288628,1052945267
377,30224237000,993789887,1051753583
378,30224830000,995292164,1050526971
379,30225422000,996793967,1049271630
380,30226015000,998287049,1047991438
381,30226608000,999761623,1046665600
382,30227200000,1001191260,1045308646
383,30227793000,1002599029,1043916120
384,30228386000,1004054580,1042496762
385,30228978000,1005438459,1041044297
386,30229571000,1006862352,1039524622
387,30230164000,1008235618,1038042892
388,30230756000,1009599394,1036498052
389,30231349000,1010935391,1034911643
390,30231942000,1012294309,1033295628
391,30232534000,1013638304,1031654501
392,30233127000,1014922761,1029980747
393,30233719000,1016218231,1028270194
394,30234312000,1017501228,1026489931
395,30234905000,1018792390,1024756677
396,30235497000,1020040766,1022935289
397,30236090000,1021273894,1021102798
398,30236683000,1022488145,1019216814
399,30237275000,1023726822,1017348831
400,30237868000,1024925442,1015398184
401,30238461000,1026100232,1013435447
402,30239053000,1027274668,1011438229
403,30239646000,1028396595,1009394833
404,30240238000,1029555524,1007331353
405,30240831000,1030680904,1005257576
406,30241424000,1031778879,1003118188
407,30242016000,1032907930,1000997147
408,30242609000,1033986822,998794353
409,30243202000,1035045607,996555096
410,30243794000,1036090145,994322633
411,30244387000,1037166627,992046106
412,30244980000,1038149848,989725003
413,30245572000,1039169046,987382020
414,30246165000,1040190306,985029867
415,30246758000,1041150837,982598645
416,30247350000,1042161027,980204045
417,30247943000,1043069985,977709795
418,30248535000,1044028192,975199271
419,30249128000,1044985545,972695551
420,30249721000,1045893635,970164030
421,30250313000,1046781539,967537220
422,30250906000,1047656065,964928854
423,30251499000,1048552060,962314827
424,30252091000,1049370013,959623872
425,30252684000,1050211275,956906649
426,30253277000,1051051806,954204202
427,30253869000,1051850395,951428339
428,30254462000,1052651818,948647417
429,30255054000,1053422510,945799235
430,30255647000,1054217420,942976460
431,30256240000,1054944791,940081222
432,30256832000,1055693142,937184125
433,30257425000,1056414786,934221629
434,30258018000,1057140097,931283584
435,30258610000,1057793154,928256805
436,30259203000,1058501683,925238056
437,30259796000,1059140449,922170951
438,30260388000,1059799240,919105291
439,30260981000,1060434636,915994592
440,30261574000,1061066598,912851345
441,30262166000,1061663758,909656297
442,30262759000,1062228358,906460583
443,30263351000,1062833042,903247315
444,30263944000,1063381445,899962143
445,30264537000,1063934535,896697164
446,30265129000,1064465602,893379571
447,30265722000,1064974635,890044728
448,30266315000,1065483689,886660612
449,30266907000,1065965110,883280367
450,30267500000,1066442340,879850710
451,30268093000,1066882535,876389836
452,30268685000,1067344405,872926738
453,30269278000,1067737637,869404407
454,30269870000,1068188872,865868906
455,30270463000,1068568289,862363775
456,30271056000,1068964924,858735530
457,30271648000,1069346401,855131358
458,30272241000,1069689927,851489519
459,30272834000,1070021690,847809734
460,30273426000,1070339910,844140384
461,30274019000,1070688020,840425994
462,30274612000,1070956842,836661417
463,30275204000,1071263054,832917945
464,30275797000,1071474401,829133894
465,30276390000,1071748230,825295242
466,30276982000,1071958372,821415434
467,30277575000,1072222127,817591342
468,30278167000,1072414359,813662339
469,30278760000,1072614137,809764196
470,30279353000,1072782892,805790269
471,30279945000,1072947985,801829566
472,30280538000,1073079896,797839131
473,30281131000,1073232234,793805125
474,30281723000,1073341035,789777563
475,30282316000,1073430849,785704921
476,30282909000,1073513765,781590043
477,30283501000,1073579850,777495960
478,30284094000,1073680211,773286826
479,30284686000,1073712722,769165941
480,30285279000,1073734253,764942252
481,30285872000,1073739861,760719392
482,30286464000,1073727743,756481628
483,30287057000,1073732396,752226779
484,30287650000,1073688342,747928261
485,30288242000,1073632696,743607311
486,30288835000,1073605403,739299816
487,30289428000,1073522379,734902468
488,30290020000,1073390372,730520319
489,30290613000,1073306521,726123725
490,30291206000,1073183315,721698623
491,30291798000,1073040909,717268027
492,30292391000,1072893857,712772070
493,30292983000,1072725249,708283012
494,30293576000,1072537965,703755860
495,30294169000,1072338007,699242667
496,30294761000,1072154220,694657685
497,30295354000,1071923593,690094269
498,30295947000,1071667860,685470611
499,30296539000,1071446742,680864776
500,30297132000,1071173199,676229473
501,30297725000,1070864627,671529147
502,30298317000,1070545836,666830957
503,30298910000,1070271988,662166599
504,30299502000,1069895382,657439164
505,30300095000,1069578339,652682826
506,30300688000,1069205864,647874731
507,30301280000,1068833889,643132156
508,30301873000,1068471171,638316383
509,30302466000,1068030230,633481247
510,30303058000,1067635801,628642316
511,30303651000,1067213305,623771501
512,30304244000,1066767680,618886892
513,30304836000,1066268602,613955146
514,30305429000,1065800229,609031527
515,30306022000,1065319000,604081427
516,30306614000,1064804817,599097930
517,30307207000,1064306547,594106751
518,30307799000,1063742937,589128275
519,30308392000,1063211934,584100635
520,30308985000,1062652057,579063826
521,30309577000,1062055238,573984877
522,30310170000,1061466092,568947669
523,30310763000,1060864966,563865820
524,30311355000,1060238363,558760780
525,30311948000,1059620513,553596736
526,30312541000,1058933878,548460074
527,30313133000,1058268936,543269589
528,30313726000,1057599528,538104781
529,30314318000,1056897365,532908232
530,30314911000,1056182271,527744739
531,30315504000,1055456985,522472128
532,30316096000,1054718544,517210398
533,30316689000,1053970750,511980368
534,30317282000,1053173119,506686804
535,30317874000,1052411622,501428728
536,30318467000,1051579785,496098481
537,30319060000,1050786794,490773715
538,30319652000,1049975117,485445424
539,30320245000,1049131574,480082475
540,30320838000,1048275884,474733108
541,30321430000,1047390249,469333382
542,30322023000,1046464892,463941223
543,30322615000,1045602919,458525537
544,30323208000,1044698882,453104122
545,30323801000,1043745394,447620787
546,30324393000,1042794216,442206368
547,30324986000,1041858801,436755638
548,30325579000,1040843829,431246510
549,30326171000,1039864717,425739419
550,30326764000,1038893971,420236295
551,30327357000,1037858958,414701596
552,30327949000,1036813047,409152859
553,30328542000,1035762662,403613560
554,30329134000,1034728919,398052685
555,30329727000,1033655122,392513979
556,30330320000,1032558825,386881860
557,30330912000,1031447179,381310426
558,30331505000,1030310567,375696016
559,30332098000,1029195114,370051818
560,30332690000,1028073809,364438993
561,30333283000,1026884436,358820901
562,30333876000,1025723089,353138985
563,30334468000,1024579701,347484129
564,30335061000,1023348996,341779813
565,30335654000,1022110860,336118721
566,30336246000,1020870510,330374289
567,30336839000,1019642148,324673758
568,30337431000,1018374978,318970511
569,30338024000,1017094335,313255217
570,30338617000,1015844733,307527213
571,30339209000,1014503724,301791388
572,30339802000,1013173172,296007261
573,30340395000,1011873774,290253046
574,30340987000,1010514127,284465207
575,30341580000,1009174587,278671705
576,30342173000,1007790081,272894048
577,30342765000,1006387180,267090734
578,30343358000,1005001311,261281416
579,30343950000,1003585345,255429219
580,30344543000,1002144433,249624241
581,30345136000,1000722357,243799387
582,30345728000,999278522,237965109
583,30346321000,997830942,232106406
584,30346914000,996321533,226230267
585,30347506000,994813433,220383395
586,30348099000,993317531,214500155
587,30348692000,991788458,208652928
588,30349284000,990241268,202744236
589,30349877000,988698544,196870948
590,30350470000,987122703,190954982
591,30351062000,985532669,185037761
592,30351655000,983972208,179133818
593,30352247000,982349508,173257110
594,30352840000,980740059,167338347
595,30353433000,979137952,161401168
596,30354025000,977446382,155483550
597,30354618000,975802083,149542100
598,30355211000,974121964,143624091
599,30355803000,972449695,137673227
600,30356396000,970731255,131696026
601,30356989000,969006959,125764675
602,30357581000,967291301,119821245
603,30358174000,965543586,113867263
604,30358766000,963755140,107865706
605,30359359000,962044183,101935108
606,30359952000,960217534,95952053
607,30360544000,958441190,89973391
608,30361137000,956646682,83996226
609,30361730000,954803848,78032002
610,30362322000,952994620,72079512
611,30362915000,951133425,66064796
612,30363508000,949273585,60072388
613,30364100000,947386538,54110608
614,30364693000,945507567,48098841
615,30365286000,943618819,42125030
616,30365878000,941688024,36157013
617,30366471000,939737006,30103287
618,30367063000,937830813,24147747
619,30367656000,935881987,18155482
620,30368249000,933904161,12145152
621,30368841000,931939064,6165080
622,30369434000,929925753,151004
623,30370027000,927920616,-5848093
624,30370619000,925904196,-11798677
625,30371212000,923896222,-17840231
626,30371805000,921844662,-23813737
627,30372397000,919809886,-29798569
628,30372990000,917722985,-35776183
629,30373582000,915651241,-41795592
630,30374175000,913533110,-47810390
631,30374768000,911454146,-53746838
632,30375360000,909333563,-59779323
633,30375953000,907208306,-65710500
634,30376546000,905061292,-71710090
635,30377138000,902884335,-77694463
636,30377731000,900734010,-83658104
637,30378324000,898559882,-89603271
638,30378916000,896371197,-95610237
639,30379509000,894125039,-101585164
640,30380102000,891933469,-107539560
641,30380694000,889716719,-113510624
642,30381287000,887447376,-119487879
643,30381879000,885202527,-125420774
644,30382472000,882906145,-131393343
645,30383065000,880644296,-137302565
646,30383657000,878362880,-143254051
647,30384250000,876050494,-149239690
648,30384843000,873751440,-155105379
649,30385435000,871405468,-161050863
650,30386028000,869059864,-167000992
651,30386621000,866696744,-172931585
652,30387213000,864320480,-178832266
653,30387806000,861959939,-184774236
654,30388398000,859580069,-190616367
655,30388991000,857143402,-196581840
656,30389584000,854756578,-202443122
657,30390176000,852374176,-208315214
658,30390769000,849872234,-214202889
659,30391362000,847455876,-220057147
660,30391954000,845032316,-225902319
661,30392547000,842519316,-231790132
662,30393140000,840047170,-237624266
663,30393732000,837562288,-243466090
664,30394325000,835020035,-249289021
665,30394918000,832536599,-255171990
666,30395510000,829991086,-260953817
667,30396103000,827449350,-266793907
668,30396695000,824908468,-272552033
669,30397288000,822384824,-278349110
670,30397881000,819751672,-284152420
671,30398473000,817176713,-289923760
672,30399066000,814579435,-295705730
673,30399659000,811963255,-301450514
674,30400251000,809335782,-307207795
675,30400844000,806686756,-312935014
676,30401437000,804078807,-318659141
677,30402029000,801426889,-324362293
678,30402622000,798763896,-330083370
679,30403214000,796085756,-335780021
680,30403807000,793381463,-341489722
681,30404400000,790689682,-347164563
682,30404992000,787984770,-352813520
683,30405585000,785250363,-358447684
684,30406178000,782535610,-364110366
685,30406770000,779783494,-369764271
686,30407363000,777033098,-375378222
687,30407956000,774267396,-380980322
688,30408548000,771497650,-386590089
689,30409141000,768698941,-392196649
690,30409734000,765918899,-397764371
691,30410326000,763096065,-403320421
692,30410919000,760260976,-408892524
693,30411511000,757483312,-414421170
694,30412104000,754629709,-419934189
695,30412697000,751789799,-425436037
696,30413289000,748910561,-430951134
697,30413882000,746065899,-436434377
698,30414475000,743161409,-441914705
699,30415067000,740284963,-447339475
700,30415660000,737393240,-452783826
701,30416253000,734459508,-458218211
702,30416845000,731566313,-463612004
703,30417438000,728633470,-469022404
704,30418030000,725696183,-474390409
705,30418623000,722743987,-479776821
706,30419216000,719763778,-485137174
707,30419808000,716822632,-490501192
708,30420401000,713813023,-495802089
709,30420994000,710849597,-501106576
710,30421586000,707813958,-506443868
711,30422179000,704838649,-511646065
712,30422772000,701794921,-516944195
713,30423364000,698783795,-522194147
714,30423957000,695725723,-527420826
715,30424550000,692664109,-532611033
716,30425142000,689598554,-537867923
717,30425735000,686563692,-543022346
718,30426327000,683483885,-548180146
719,30426920000,680421584,-553324684
720,30427513000,677286795,-558441218
721,30428105000,674196647,-563531979
722,30428698000,671066427,-568665718
723,30429291000,667955583,-573737792
724,30429883000,664810666,-578787686
725,30430476000,661667013,-583837159
726,30431069000,658531937,-588867713
727,30431661000,655355560,-593888260
728,30432254000,652212178,-598883767
729,30432846000,649030004,-603796022
730,30433439000,645843709,-608758623
731,30434032000,642627255,-613694025
732,30434624000,639421336,-618577062
733,30435217000,636221429,-623497323
734,30435810000,632970636,-628371954
735,30436402000,629765626,-633206512
736,30436995000,626494683,-638034473
737,30437588000,623262277,-642861695
738,30438180000,619996363,-647633088
739,30438773000,616746491,-652432988
740,30439366000,613481101,-657156014
741,30439958000,610181113,-661904990
742,30440551000,606892183,-666598088
743,30441143000,603585492,-671311907
744,30441736000,600314628,-675928720
745,30442329000,596952154,-680613174
746,30442921000,593630236,-685214282
747,30443514000,590300069,-689819572
748,30444107000,586965127,-694425069
749,30444699000,583625694,-698990760
750,30445292000,580272630,-703520309
751,30445885000,576881505,-708049823
752,30446477000,573490353,-712537433
753,30447070000,570135241,-716993911
754,30447662000,566746820,-721463362
755,30448255000,563330854,-725892973
756,30448848000,559941423,-730293791
757,30449440000,556521472,-734673167
758,30450033000,553098706,-739032431
759,30450626000,549665052,-743355569
760,30451218000,546231607,-747696373
761,30451811000,542801382,-751979881
762,30452404000,539332552,-756252413
763,30452996000,535888332,-760492537
764,30453589000,532414341,-764720848
765,30454182000,528951442,-768905774
766,30454774000,525448276,-773104212
767,30455367000,521941252,-777216204
768,30455959000,518441530,-781363183
769,30456552000,514948385,-785458921
770,30457145000,511455682,-789541521
771,30457737000,507963069,-793582846
772,30458330000,504424649,-797601790
773,30458923000,500857534,-801608890
774,30459515000,497323746,-805581359
775,30460108000,493825464,-809556118
776,30460701000,490266257,-813452976
777,30461293000,486680086,-817376559
778,30461886000,483083334,-821235759
779,30462478000,479566319,-825060317
780,30463071000,475955019,-828912612
781,30463664000,472393804,-832690847
782,30464256000,468772987,-836457556
783,30464849000,465176114,-840218054
784,30465442000,461612138,-843902730
785,30466034000,457978117,-847645959
786,30466627000,454357383,-851291885
787,30467220000,450725464,-854942986
788,30467812000,447104424,-858533744
789,30468405000,443463389,-862164779
790,30468998000,439837129,-865692527
791,30469590000,436161767,-869254993
792,30470183000,432539305,-872730412
793,30470775000,428853675,-876227555
794,30471368000,425208984,-879680252
795,30471961000,421538345,-883100038
796,30472553000,417866530,-886481188
797,30473146000,414177285,-889831998
798,30473739000,410481751,-893186485
799,30474331000,406797674,-896502332
800,30474924000,403074742,-899806018
801,30475517000,399352530,-903048252
802,30476109000,395651797,-906307298
803,30476702000,391917380,-909472923
804,30477294000,388223922,-912656490
805,30477887000,384490005,-915779583
806,30478480000,380778657,-918923347
807,30479072000,376993415,-921996196
808,30479665000,373285069,-925044878
809,30480258000,369531606,-928095098
810,30480850000,365790881,-931069395
811,30481443000,362016867,-934078818
812,30482036000,358215928,-937017564
813,30482628000,354485676,-939940041
814,30483221000,350723329,-942790623
815,30483814000,346888650,-945668550
816,30484406000,343110302,-948475683
817,30484999000,339331918,-951243764
818,30485591000,335560971,-954047133
819,30486184000,331754360,-956782584
820,30486777000,327961078,-959476598
821,30487369000,324154925,-962175437
822,30487962000,320329921,-964822982
823,30488555000,316516479,-967421711
824,30489147000,312672714,-969989658
825,30489740000,308865627,-972570380
826,30490333000,305042435,-975061536
827,30490925000,301181248,-977606134
828,30491518000,297370964,-980062322
829,30492110000,293549490,-982500662
830,30492703000,289667179,-984896650
831,30493296000,285840434,-987277098
832,30493888000,281994184,-989606542
833,30494481000,278117853,-991927001
834,30495074000,274256269,-994204872
835,30495666000,270392134,-996441782
836,30496259000,266528782,-998673497
837,30496852000,262624063,-1000859580
838,30497444000,258753328,-1002999136
839,30498037000,254887921,-1005125692
840,30498630000,250999506,-1007204267
841,30499222000,247127533,-1009299061
842,30499815000,243254255,-1011319102
843,30500407000,239330370,-1013311770
844,30501000000,235458387,-1015276128
845,30501593000,231554517,-1017233594
846,30502185000,227640915,-1019148517
847,30502778000,223701360,-1020985391
848,30503371000,219808883,-1022814993
849,30503963000,215921684,-1024655698
850,30504556000,211984655,-1026427498
851,30505149000,208087780,-1028168237
852,30505741000,204155820,-1029896366
853,30506334000,200215775,-1031563621
854,30506926000,196292238,-1033202617
855,30507519000,192369455,-1034782193
856,30508112000,188457085,-1036391756
857,30508704000,184485566,-1037951073
858,30509297000,180556139,-1039482638
859,30509890000,176607265,-1040970482
860,30510482000,172667488,-1042412466
861,30511075000,168737341,-1043847482
862,30511668000,164772092,-1045230018
863,30512260000,160796508,-1046573045
864,30512853000,156895843,-1047938908
865,30513446000,152927069,-1049196777
866,30514038000,148943210,-1050455263
867,30514631000,145003522,-1051677944
868,30515223000,141040099,-1052899593
869,30515816000,137090474,-1054045597
870,30516409000,133129753,-1055132873
871,30517001000,129155394,-1056275512
872,30517594000,125198380,-1057328074
873,30518187000,121233746,-1058339098
874,30518779000,117255373,-1059329310
875,30519372000,113258737,-1060296586
876,30519965000,109276874,-1061230344
877,30520557000,105315248,-1062154819
878,30521150000,101326337,-1062968766
879,30521742000,97377979,-1063816577
880,30522335000,93398617,-1064637354
881,30522928000,89420733,-1065378513
882,30523520000,85398656,-1066118326
883,30524113000,81415137,-1066841859
884,30524706000,77461867,-1067468712
885,30525298000,73444434,-1068115403
886,30525891000,69466646,-1068724190
887,30526484000,65492630,-1069267381
888,30527076000,61507914,-1069791778
889,30527669000,57543904,-1070309722
890,30528262000,53520844,-1070783130
891,30528854000,49530019,-1071207690
892,30529447000,45528590,-1071613117
893,30530039000,41550566,-1071944410
894,30530632000,37527196,-1072274278
895,30531225000,33570598,-1072587743
896,30531817000,29579832,-1072873937
897,30532410000,25575640,-1073107697
898,30533003000,21571940,-1073268736
899,30533595000,17567387,-1073478212
900,30534188000,13592539,-1073564973
901,30534781000,9571305,-1073679023
902,30535373000,5589377,-1073737903
903,30535966000,1583756,-1073777901
904,30536558000,-2412240,-1073780018
905,30537151000,-6391685,-1073719439
906,30537744000,-10383581,-1073652543
907,30538336000,-14397054,-1073550433
908,30538929000,-18387359,-1073432470
909,30539522000,-22419650,-1073276224
910,30540114000,-26375446,-1073028257
911,30540707000,-30361794,-1072798248
912,30541300000,-34353726,-1072543132
913,30541892000,-38351963,-1072236889
914,30542485000,-42366957,-1071895017
915,30543078000,-46334481,-1071507698
916,30543670000,-50362773,-1071104603
917,30544263000,-54333179,-1070683020
918,30544855000,-58321677,-1070207359
919,30545448000,-62306167,-1069682900
920,30546041000,-66322904,-1069173118
921,30546633000,-70309345,-1068589566
922,30547226000,-74285891,-1067992031
923,30547819000,-78272601,-1067339274
924,30548411000,-82241898,-1066698644
925,30549004000,-86236601,-1065959602
926,30549597000,-90212166,-1065235416
927,30550189000,-94203459,-1064461160
928,30550782000,-98174666,-1063648173
929,30551374000,-102152897,-1062812492
930,30551967000,-106132623,-1061925790
931,30552560000,-110100256,-1061071659
932,30553152000,-114079279,-1060115858
933,30553745000,-118052585,-1059151018
934,30554338000,-122016276,-1058187730
935,30554930000,-126003570,-1057098523
936,30555523000,-129942166,-1056045655
937,30556116000,-133936845,-1054951891
938,30556708000,-137916168,-1053810755
939,30557301000,-141813974,-1052625658
940,30557894000,-145832835,-1051445790
941,30558486000,-149781010,-1050194554
942,30559079000,-153751860,-1048931352
943,30559671000,-157699669,-1047634120
944,30560264000,-161650279,-1046318991
945,30560857000,-165602910,-1044948239
946,30561449000,-169525654,-1043538110
947,30562042000,-173496316,-1042116053
948,30562635000,-177404583,-1040663876
949,30563227000,-181387639,-1039162323
950,30563820000,-185290545,-1037637257
951,30564413000,-189211206,-1036083606
952,30565005000,-193165561,-1034496257
953,30565598000,-197131707,-1032863165
954,30566190000,-201027809,-1031228191
955,30566783000,-204935255,-1029507914
956,30567376000,-208890040,-1027834375
957,30567968000,-212792592,-1026071987
958,30568561000,-216704925,-1024262282
959,30569154000,-220626652,-1022453154
960,30569746000,-224548438,-1020610426
961,30570339000,-228405374,-1018730945
962,30570932000,-232342360,-1016833990
963,30571524000,-236234171,-1014855638
964,30572117000,-240134349,-1012900089
965,30572710000,-244028261,-1010916063
966,30573302000,-247937511,-1008849055
967,30573895000,-251777670,-1006802461
968,30574487000,-255669282,-1004708363
969,30575080000,-259574333,-1002573829
970,30575673000,-263412412,-1000406268
971,30576265000,-267310912,-998221006
972,30576858000,-271174648,-995985422
973,30577451000,-275056339,-993706865
974,30578043000,-278888219,-991424953
975,30578636000,-282755555,-989129106
976,30579229000,-286618508,-986793536
977,30579821000,-290463671,-984366868
978,30580414000,-294318646,-981968324
979,30581006000,-298172758,-979551035
980,30581599000,-301989088,-977075841
981,30582192000,-305814176,-974602887
982,30582784000,-309684679,-972024059
983,30583377000,-313447475,-969485856
984,30583970000,-317293218,-966898586
985,30584562000,-321098399,-964269958
986,30585155000,-324910221,-961630691
987,30585748000,-328736147,-958959950
988,30586340000,-332562875,-956212809
989,30586933000,-336329485,-953456619
990,30587526000,-340128015,-950702168
991,30588118000,-343911091,-947897876
992,30588711000,-347691073,-945088586
993,30589303000,-351477209,-942199063
994,30589896000,-355238306,-939327100
995,30590489000,-359006856,-936409537
996,30591081000,-362784244,-933439770
997,30591674000,-366543579,-930482639
998,30592267000,-370297133,-927473838
999,30592859000,-374043806,-924442653
1000,30593452000,-377774001,-921401851
1001,30594045000,-381538694,-918293538
1002,30594637000,-385257080,-915159804
1003,30595230000,-388970950,-912014766
1004,30595822000,-392696828,-908861500
1005,30596415000,-396411550,-905634387
1006,30597008000,-400102337,-902403249
1007,30597600000,-403835783,-899109490
1008,30598193000,-407521844,-895874397
1009,30598786000,-411221613,-892509853
1010,30599378000,-414924685,-889176842
1011,30599971000,-418595452,-885802318
1012,30600564000,-422268817,-882394458
1013,30601156000,-425962545,-878955179
1014,30601749000,-429620202,-875487173
1015,30602342000,-433270311,-872025014
1016,30602934000,-436927081,-868487746
1017,30603527000,-440571792,-864948319
1018,30604119000,-444203645,-861434602
1019,30604712000,-447860483,-857803806
1020,30605305000,-451518311,-854212006
1021,30605897000,-455064957,-850547928
1022,30606490000,-458746632,-846887015
1023,30607083000,-462343296,-843177829
1024,30607675000,-465939018,-839453889
1025,30608268000,-469548039,-835673990
1026,30608861000,-473117009,-831919949
1027,30609453000,-476745203,-828115014
1028,30610046000,-480258847,-824322876
1029,30610638000,-483845513,-820450962
1030,30611231000,-487412638,-816533541
1031,30611824000,-490968993,-812681506
1032,30612416000,-494529924,-808736925
1033,30613009000,-498078007,-804759217
1034,30613602000,-501600606,-800778352
1035,30614194000,-505144260,-796773486
1036,30614787000,-508670433,-792752114
1037,30615380000,-512199736,-788667906
1038,30615972000,-515701834,-784642777
1039,30616565000,-519199118,-780501769
1040,30617158000,-522702043,-776374130
1041,30617750000,-526178845,-772211399
1042,30618343000,-529648260,-768046134
1043,30618935000,-533126186,-763855301
1044,30619528000,-536579361,-759637897
1045,30620121000,-540031786,-755371845
1046,30620713000,-543492972,-751098715
1047,30621306000,-546943604,-746782263
1048,30621899000,-550385941,-742473854
1049,30622491000,-553819808,-738118789
1050,30623084000,-557222825,-733773356
1051,30623677000,-560612821,-729387347
1052,30624269000,-564050745,-724967263
1053,30624862000,-567427444,-720560463
1054,30625454000,-570822656,-716078710
1055,30626047000,-574177292,-711627553
1056,30626640000,-577543518,-707132201
1057,30627232000,-580926902,-702595262
1058,30627825000,-584324174,-698062549
1059,30628418000,-587653848,-693469950
1060,30629010000,-590964673,-688892926
1061,30629603000,-594299609,-684309387
1062,30630196000,-597651871,-679660065
1063,30630788000,-600963244,-675036738
1064,30631381000,-604249076,-670339564
1065,30631974000,-607550652,-665632999
1066,30632566000,-610807621,-660934518
1067,30633159000,-614126815,-656197020
1068,30633751000,-617409117,-651461160
1069,30634344000,-620662241,-646690866
1070,30634937000,-623933472,-641899833
1071,30635529000,-627161965,-637049613
1072,30636122000,-630414928,-632233377
1073,30636715000,-633625891,-627387775
1074,30637307000,-636858220,-622477838
1075,30637900000,-640072132,-617596829
1076,30638493000,-643300950,-612699066
1077,30639085000,-646500399,-607731722
1078,30639678000,-649655153,-602809745
1079,30640270000,-652886003,-597799450
1080,30640863000,-656008072,-592826532
1081,30641456000,-659178600,-587845730
1082,30642048000,-662347100,-582795212
1083,30642641000,-665469160,-577771479
1084,30643234000,-668589744,-572709857
1085,30643826000,-671703726,-567617659
1086,30644419000,-674829077,-562499623
1087,30645012000,-677930635,-557383985
1088,30645604000,-681024795,-552295563
1089,30646197000,-684135260,-547109856
1090,30646790000,-687179904,-541969758
1091,30647382000,-690223814,-536789188
1092,30647975000,-693287671,-531550820
1093,30648567000,-696406217,-526350095
1094,30649160000,-699416784,-521142732
1095,30649753000,-702404926,-515863094
1096,30650345000,-705427356,-510625896
1097,30650938000,-708422086,-505333114
1098,30651531000,-711454339,-500036142
1099,30652123000,-714441269,-494734831
1100,30652716000,-717398585,-489407075
1101,30653309000,-720381903,-484030852
1102,30653901000,-723329809,-478698401
1103,30654494000,-726278283,-473330581
1104,30655086000,-729224879,-467905039
1105,30655679000,-732169346,-462548848
1106,30656272000,-735050852,-457118921
1107,30656864000,-737995928,-451677945
1108,30657457000,-740896100,-446212283
1109,30658050000,-743746945,-440769118
1110,30658642000,-746649980,-435295581
1111,30659235000,-749507820,-429809246
1112,30659828000,-752364021,-424289884
1113,30660420000,-755183133,-418787130
1114,30661013000,-758066836,-413267528
1115,30661606000,-760867320,-407724498
1116,30662198000,-763689309,-402187749
1117,30662791000,-766493395,-396627579
1118,30663383000,-769248959,-391023279
1119,30663976000,-772047337,-385447209
1120,30664569000,-774856604,-379871827
1121,30665161000,-777579109,-374252726
1122,30665754000,-780350589,-368598231
1123,30666347000,-783077378,-362991332
1124,30666939000,-785777673,-357335582
1125,30667532000,-788543616,-351661987
1126,30668125000,-791266796,-346014533
1127,30668717000,-793907000,-340328762
1128,30669310000,-796609406,-334636513
1129,30669902000,-799324538,-328916294
1130,30670495000,-801959408,-323205025
1131,30671088000,-804616537,-317478385
1132,30671680000,-807232489,-311744929
1133,30672273000,-809875793,-306025524
1134,30672866000,-812486810,-300275556
1135,30673458000,-815091048,-294521356
1136,30674051000,-817719170,-288763430
1137,30674644000,-820269441,-282962143
1138,30675236000,-822863726,-277188567
1139,30675829000,-825395282,-271378935
1140,30676422000,-827971856,-265609502
1141,30677014000,-830483553,-259794136
1142,30677607000,-833025257,-253965657
1143,30678199000,-835557829,-248128868
1144,30678792000,-838056811,-242308139
1145,30679385000,-840532739,-236442759
1146,30679977000,-843046419,-230566317
1147,30680570000,-845496888,-224733940
1148,30681163000,-847963307,-218844591
1149,30681755000,-850404674,-212966767
1150,30682348000,-852825388,-207100938
1151,30682941000,-855270583,-201221345
1152,30683533000,-857672059,-195347351
1153,30684126000,-860053572,-189435902
1154,30684718000,-862473556,-183537062
1155,30685311000,-864839943,-177606803
1156,30685904000,-867193679,-171701991
1157,30686496000,-869531432,-165787722
1158,30687089000,-871848447,-159867134
1159,30687682000,-874183357,-153963843
1160,30688274000,-876534088,-147993459
1161,30688867000,-878811504,-142074686
1162,30689460000,-881103017,-136099870
1163,30690052000,-883405660,-130170342
1164,30690645000,-885702966,-124206047
1165,30691238000,-887919227,-118249567
1166,30691830000,-890150642,-112285426
1167,30692423000,-892378401,-106329079
1168,30693015000,-894576345,-100419349
1169,30693608000,-896789127,-94390814
1170,30694201000,-899009440,-88390386
1171,30694793000,-901183904,-82433465
1172,30695386000,-903314237,-76491634
1173,30695979000,-905512357,-70486651
1174,30696571000,-907630630,-64492083
1175,30697164000,-909738132,-58532280
1176,30697757000,-911896724,-52515989
1177,30698349000,-913954492,-46557863
1178,30698942000,-916057823,-40584742
1179,30699534000,-918147044,-34570096
1180,30700127000,-920196962,-28588059
1181,30700720000,-922253279,-22586339
1182,30701312000,-924305642,-16581633
1183,30701905000,-926331703,-10589713
1184,30702498000,-928344905,-4612931
1185,30703090000,-930353012,1426201
1186,30703683000,-932314377,7376117
1187,30704276000,-934311371,13392450
1188,30704868000,-936275566,19375337
1189,30705461000,-938203713,25353332
1190,30706054000,-940158058,31375711
1191,30706646000,-942097125,37338422
1192,30707239000,-944001756,43331398
1193,30707831000,-945909566,49348543
1194,30708424000,-947775327,55330012
1195,30709017000,-949638042,61284736
1196,30709609000,-951518410,67308815
1197,30710202000,-953357957,73269529
1198,30710795000,-955180023,79224309
1199,30711387000,-957018633,85224909
1200,30711980000,-958817822,91219504
1201,30712573000,-960628277,97149594
1202,30713165000,-962397476,103170821
1203,30713758000,-964157406,109096052
1204,30714350000,-965885882,115052494
1205,30714943000,-967616135,121035366
1206,30715536000,-969393222,126977241
1207,30716128000,-971103556,132954855
1208,30716721000,-972763527,138862708
1209,30717314000,-974473399,144815371
1210,30717906000,-976113540,150735740
1211,30718499000,-977785148,156696039
1212,30719092000,-979428534,162596854
1213,30719684000,-981065866,168540671
1214,30720277000,-982668414,174461464
1215,30720870000,-984284265,180368678
1216,30721462000,-985851162,186261650
1217,30722055000,-987438227,192177560
1218,30722647000,-989024494,198073486
1219,30723240000,-990529529,203915144
1220,30723833000,-992078099,209847892
1221,30724425000,-993630356,215715447
1222,30725018000,-995138809,221591344
1223,30725611000,-996618400,227484618
1224,30726203000,-998115664,233327697
1225,30726796000,-999585401,239130391
1226,30727389000,-1001017456,244989894
1227,30727981000,-1002454965,250859572
1228,30728574000,-1003929354,256674919
1229,30729166000,-1005288897,262456168
1230,30729759000,-1006686358,268270576
1231,30730352000,-1008112080,274079892
1232,30730944000,-1009445150,279886954
1233,30731537000,-1010787585,285634043
1234,30732130000,-1012129268,291433631
1235,30732722000,-1013470759,297190620
1236,30733315000,-1014787193,302928364
1237,30733908000,-1016055618,308689865
1238,30734500000,-1017389340,314398100
1239,30735093000,-1018616056,320129162
1240,30735686000,-1019874495,325873038
1241,30736278000,-1021141140,331561866
1242,30736871000,-1022366845,337266811
1243,30737463000,-1023575239,342955624
1244,30738056000,-1024786716,348640044
1245,30738649000,-1025942716,354279118
1246,30739241000,-1027145590,359982459
1247,30739834000,-1028299508,365578546
1248,30740427000,-1029441419,371225012
1249,30741019000,-1030558876,376836684
1250,30741612000,-1031684792,382462859
1251,30742205000,-1032769011,388047858
1252,30742797000,-1033868111,393652258
1253,30743390000,-1034923734,399187472
1254,30743982000,-1035991783,404749934
1255,30744575000,-1037038202,410297969
1256,30745168000,-1038051150,415838914
1257,30745760000,-1039071438,421352101
1258,30746353000,-1040070575,426837754
1259,30746946000,-1041080209,432407338
1260,30747538000,-1042043703,437849618
1261,30748131000,-1042965889,443292839
1262,30748724000,-1043896839,448764907
1263,30749316000,-1044887859,454182781
1264,30749909000,-1045770930,459608405
1265,30750502000,-1046698980,465018954
1266,30751094000,-1047559348,470429458
1267,30751687000,-1048428879,475806274
1268,30752279000,-1049278474,481168279
1269,30752872000,-1050115576,486514119
1270,30753465000,-1050968261,491860474
1271,30754057000,-1051739605,497184228
1272,30754650000,-1052563699,502513290
1273,30755243000,-1053390503,507765372
1274,30755835000,-1054114376,513023872
1275,30756428000,-1054844868,518328785
1276,30757021000,-1055606477,523569485
1277,30757613000,-1056296703,528743934
1278,30758206000,-1057030634,533989682
1279,30758798000,-1057742198,539190589
1280,30759391000,-1058417161,544363439
1281,30759984000,-1059050461,549488292
1282,30760576000,-1059719961,554675149
1283,30761169000,-1060355837,559771549
1284,30761762000,-1060977594,564891909
1285,30762354000,-1061588342,570012196
1286,30762947000,-1062192928,575063592
1287,30763540000,-1062745379,580115163
1288,30764132000,-1063322412,585115417
1289,30764725000,-1063899871,590177027
1290,30765318000,-1064402849,595145547
1291,30765910000,-1064906804,600166890
1292,30766503000,-1065421631,605094767
1293,30767095000,-1065928310,610047833
1294,30767688000,-1066409410,614970950
1295,30768281000,-1066876450,619871625
1296,30768873000,-1067289103,624749011
1297,30769466000,-1067697421,629620754
1298,30770059000,-1068170274,634496060
1299,30770651000,-1068542020,639289238
1300,30771244000,-1068939386,644093436
1301,30771837000,-1069296738,648888426
1302,30772429000,-1069667058,653649448
1303,30773022000,-1070004476,658403442
1304,30773614000,-1070316455,663096883
1305,30774207000,-1070652908,667810303
1306,30774800000,-1070933511,672498860
1307,30775392000,-1071217214,677180145
1308,30775985000,-1071488667,681784940
1309,30776578000,-1071750901,686448659
1310,30777170000,-1071981248,691062052
1311,30777763000,-1072188882,695599081
1312,30778356000,-1072393096,700173440
1313,30778948000,-1072589853,704687105
1314,30779541000,-1072770450,709205430
1315,30780134000,-1072915420,713707774
1316,30780726000,-1073080717,718169615
1317,30781319000,-1073194662,722592976
1318,30781911000,-1073312300,727031954
1319,30782504000,-1073408774,731440080
1320,30783097000,-1073495929,735804707
1321,30783689000,-1073584583,740187480
1322,30784282000,-1073664117,744508402
1323,30784875000,-1073679243,748829331
1324,30785467000,-1073688281,753071156
1325,30786060000,-1073754482,757384389
1326,30786653000,-1073723518,761594423
1327,30787245000,-1073717735,765792681
1328,30787838000,-1073697996,769987484
1329,30788430000,-1073628198,774160112
1330,30789023000,-1073601036,778314652
1331,30789616000,-1073500220,782376685
1332,30790208000,-1073404747,786479075
1333,30790801000,-1073318080,790606266
1334,30791394000,-1073208357,794617060
1335,30791986000,-1073052099,798650893
1336,30792579000,-1072907590,802628034
1337,30793172000,-1072793324,806613909
1338,30793764000,-1072548919,810542747
1339,30794357000,-1072371124,814461825
1340,30794950000,-1072181494,818377006
1341,30795542000,-1071941311,822244114
1342,30796135000,-1071708820,826107929
1343,30796727000,-1071449656,829901003
1344,30797320000,-1071195302,833676252
1345,30797913000,-1070890221,837432838
1346,30798505000,-1070611285,841191815
1347,30799098000,-1070296300,844911505
1348,30799691000,-1069962488,848571513
1349,30800283000,-1069612883,852244170
1350,30800876000,-1069256836,855874457
1351,30801469000,-1068871703,859462323
1352,30802061000,-1068503201,863075755
1353,30802654000,-1068106887,866626976
1354,30803246000,-1067706676,870163602
1355,30803839000,-1067256386,873619199
1356,30804432000,-1066800514,877150510
1357,30805024000,-1066346854,880562711
1358,30805617000,-1065880276,884004172
1359,30806210000,-1065378372,887369840
1360,30806802000,-1064858810,890748114
1361,30807395000,-1064351322,894079552
1362,30807988000,-1063814802,897370158
1363,30808580000,-1063261052,900616908
1364,30809173000,-1062710030,903900513
1365,30809766000,-1062125607,907117516
1366,30810358000,-1061540096,910342557
1367,30810951000,-1060915404,913474065
1368,30811543000,-1060314360,916587728
1369,30812136000,-1059648146,919724853
1370,30812729000,-1059029640,922785091
1371,30813321000,-1058359490,925854280
1372,30813914000,-1057704373,928874421
1373,30814507000,-1056961044,931860962
1374,30815099000,-1056260043,934845697
1375,30815692000,-1055571520,937770589
1376,30816285000,-1054775040,940646431
1377,30816877000,-1054038042,943541311
1378,30817470000,-1053246117,946399573
1379,30818062000,-1052500555,949202457
1380,30818655000,-1051671201,951989352
1381,30819248000,-1050896515,954773571
1382,30819840000,-1050019413,957453059
1383,30820433000,-1049203449,960169203
1384,30821026000,-1048336814,962849476
1385,30821618000,-1047491812,965480340
1386,30822211000,-1046585311,968105149
1387,30822804000,-1045706024,970686218
1388,30823396000,-1044772693,973234802
1389,30823989000,-1043840244,975745759
1390,30824582000,-1042894220,978213876
1391,30825174000,-1041926647,980708320
1392,30825767000,-1040969940,983106653
1393,30826359000,-1039990034,985501158
1394,30826952000,-1038996565,987893567
1395,30827545000,-1037973537,990219770
1396,30828137000,-1036951692,992511739
1397,30828730000,-1035880115,994760792
1398,30829323000,-1034834059,997038282
1399,30829915000,-1033770926,999217159
1400,30830508000,-1032671853,1001398111
1401,30831101000,-1031588980,1003592976
1402,30831693000,-1030459641,1005678604
1403,30832286000,-1029328774,1007746997
1404,30832878000,-1028159537,1009801835
1405,30833471000,-1027026337,1011849959
1406,30834064000,-1025842767,1013811374
1407,30834656000,-1024683292,1015787913
1408,30835249000,-1023479511,1017718486
1409,30835842000,-1022234351,1019603601
1410,30836434000,-1021024255,1021460499
1411,30837027000,-1019798412,1023318346
1412,30837620000,-1018524341,1025069945
1413,30838212000,-1017261033,1026893453
1414,30838805000,-1015992586,1028623602
1415,30839398000,-1014637590,1030281763
1416,30839990000,-1013304323,1031963815
1417,30840583000,-1012021360,1033630602
1418,30841175000,-1010670421,1035228882
1419,30841768000,-1009316987,1036822270
1420,30842361000,-1007926027,1038348099
1421,30842953000,-1006530242,1039864424
1422,30843546000,-1005150637,1041330396
1423,30844139000,-1003731278,1042788741
1424,30844731000,-1002307439,1044188338
1425,30845324000,-1000896510,1045588094
1426,30845917000,-999433589,1046967500
1427,30846509000,-997953140,1048245219
1428,30847102000,-996469737,1049545369
1429,30847694000,-994995731,1050800491
1430,30848287000,-993469150,1052009920
1431,30848880000,-991965266,1053201422
1432,30849472000,-990416621,1054350489
1433,30850065000,-988887153,1055453077
1434,30850658000,-987295865,1056537576
1435,30851250000,-985717999,1057577084
1436,30851843000,-984114265,1058610369
1437,30852436000,-982528134,1059602513
1438,30853028000,-980930494,1060583243
1439,30853621000,-979290391,1061468482
1440,30854214000,-977635352,1062382079
1441,30854806000,-975973314,1063234898
1442,30855399000,-974322610,1064060715
1443,30855991000,-972653820,1064836688
1444,30856584000,-970912415,1065595146
1445,30857177000,-969212424,1066340397
1446,30857769000,-967462974,1066998706
1447,30858362000,-965752000,1067625923
1448,30858955000,-963969344,1068271765
1449,30859547000,-962219628,1068868688
1450,30860140000,-960433501,1069420783
1451,30860733000,-958653058,1069959047
1452,30861325000,-956854838,1070426639
1453,30861918000,-955033385,1070885561
1454,30862510000,-953204017,1071296211
1455,30863103000,-951322612,1071690328
1456,30863696000,-949470886,1072055748
1457,30864288000,-947607161,1072371701
1458,30864881000,-945737933,1072687932
1459,30865474000,-943809713,1072925112
1460,30866066000,-941910458,1073153189
1461,30866659000,-940013232,1073354542
1462,30867252000,-938045026,1073503313
1463,30867844000,-936102923,1073635111
1464,30868437000,-934137450,1073699189
1465,30869030000,-932145986,1073749824
1466,30869622000,-930147404,1073765533
1467,30870215000,-928154266,1073770737
1468,30870807000,-926132715,1073723939
1469,30871400000,-924116500,1073647687
1470,30871993000,-922077415,1073537897
1471,30872585000,-920021823,1073389460
1472,30873178000,-917944837,1073209172
1473,30873771000,-915867560,1072997226
1474,30874363000,-913815308,1072716357
1475,30874956000,-911668877,1072461614
1476,30875549000,-909560503,1072136585
1477,30876141000,-907440614,1071812965
1478,30876734000,-905299692,1071442878
1479,30877326000,-903130485,1071026655
1480,30877919000,-900941427,1070559521
1481,30878512000,-898801492,1070096039
1482,30879104000,-896628951,1069551242
1483,30879697000,-894373620,1069036950
1484,30880290000,-892170869,1068427088
1485,30880882000,-889937269,1067834398
1486,30881475000,-887683154,1067182499
1487,30882068000,-885430569,1066492937
1488,30882660000,-883182220,1065796409
1489,30883253000,-880881985,1065038828
1490,30883846000,-878622026,1064274166
1491,30884438000,-876305882,1063457559
1492,30885031000,-873988549,1062606434
1493,30885623000,-871690341,1061727430
1494,30886216000,-869318593,1060786966
1495,30886809000,-866961140,1059888768
1496,30887401000,-864593494,1058888790
1497,30887994000,-862247301,1057899665
1498,30888587000,-859821271,1056840076
1499,30889179000,-857422521,1055755424
1500,30889772000,-855047041,1054663568
1501,30890365000,-852608737,1053507981
1502,30890957000,-850188436,1052330820
1503,30891550000,-847711412,1051098854
1504,30892142000,-845269229,1049880842
1505,30892735000,-842791311,1048618396
1506,30893328000,-840314361,1047280615
1507,30893920000,-837801511,1045955814
1508,30894513000,-835320581,1044582415
1509,30895106000,-832835000,1043184422
1510,30895698000,-830259818,1041745581
1511,30896291000,-827736032,1040264735
1512,30896884000,-825189431,1038771480
1513,30897476000,-822643329,1037264878
1514,30898069000,-820048844,1035690466
1515,30898662000,-817459001,1034093333
1516,30899254000,-814869017,1032451533
1517,30899847000,-812258368,1030776993
1518,30900439000,-809613670,1029087748
1519,30901032000,-807051673,1027362104
1520,30901625000,-804373553,1025638316
1521,30902217000,-801695109,1023794531
1522,30902810000,-799069930,1021994638
1523,30903403000,-796369292,1020105438
1524,30903995000,-793691080,1018251931
1525,30904588000,-790994214,1016322214
1526,30905181000,-788280309,1014379112
1527,30905773000,-785527205,1012373436
1528,30906366000,-782823556,1010364065
1529,30906958000,-780074001,1008330986
1530,30907551000,-777330611,1006262827
1531,30908144000,-774522743,1004134441
1532,30908736000,-771835253,1002024634
1533,30909329000,-769036572,999855285
1534,30909922000,-766218539,997621218
1535,30910514000,-763420521,995404548
1536,30911107000,-760591060,993124605
1537,30911700000,-757774171,990851993
1538,30912292000,-754931021,988508165
1539,30912885000,-752112143,986179180
1540,30913478000,-749225154,983769151
1541,30914070000,-746405357,981359291
1542,30914663000,-743483240,978905860
1543,30915255000,-740590806,976420000
1544,30915848000,-737694260,973901208
1545,30916441000,-734796727,971393705
1546,30917033000,-731882845,968780158
1547,30917626000,-728967044,966211060
1548,30918219000,-726032184,963588575
1549,30918811000,-723059942,960939744
1550,30919404000,-720095437,958215721
1551,30919997000,-717140548,955540603
1552,30920589000,-714150884,952747733
1553,30921182000,-711150109,949986340
1554,30921774000,-708184204,947178963
1555,30922367000,-705157978,944331476
1556,30922960000,-702143245,941467355
1557,30923552000,-699108570,938582878
1558,30924145000,-696064144,935638843
1559,30924738000,-693025449,932675414
1560,30925330000,-689957003,929708674
1561,30925923000,-686908438,926694261
1562,30926516000,-683785409,923633457
1563,30927108000,-680767018,920595507
1564,30927701000,-677639798,917490662
1565,30928294000,-674541996,914330629
1566,30928886000,-671418566,911184167
1567,30929479000,-668260089,907989393
1568,30930071000,-665154980,904790782
1569,30930664000,-662023631,901541075
1570,30931257000,-658865842,898265776
1571,30931849000,-655703925,894987777
1572,30932442000,-652528225,891631974
1573,30933035000,-649359996,888300344
1574,30933627000,-646206462,884933297
1575,30934220000,-642988885,881482317
1576,30934813000,-639797595,878068864
1577,30935405000,-636576172,874606444
1578,30935998000,-633323194,871083854
1579,30936590000,-630121864,867589256
1580,30937183000,-626874229,864052838
1581,30937776000,-623620223,860465557
1582,30938368000,-620370216,856858420
1583,30938961000,-617114699,853253569
1584,30939554000,-613830100,849600847
1585,30940146000,-610542321,845925224
1586,30940739000,-607224608,842194884
1587,30941332000,-603945012,838471208
1588,30941924000,-600650664,834731133
1589,30942517000,-597287536,830932971
1590,30943110000,-593992009,827125214
1591,30943702000,-590666787,823284738
1592,30944295000,-587343765,819463618
1593,30944887000,-583970421,815559424
1594,30945480000,-580634766,811656151
1595,30946073000,-577239121,807692212
1596,30946665000,-573883666,803725288
1597,30947258000,-570492830,799758251
1598,30947851000,-567101266,795744390
1599,30948443000,-563714236,791712116
1600,30949036000,-560304549,787646151
1601,30949629000,-556899488,783551601
1602,30950221000,-553460673,779446490
1603,30950814000,-550026679,775279971
1604,30951406000,-546630352,771177301
1605,30951999000,-543149063,766951707
1606,30952592000,-539700076,762753614
1607,30953184000,-536288962,758508742
1608,30953777000,-532799069,754278549
1609,30954370000,-529336028,749991348
1610,30954962000,-525840019,745687454
1611,30955555000,-522363853,741369494
1612,30956148000,-518832863,737003229
1613,30956740000,-515355046,732641199
1614,30957333000,-511855137,728247276
1615,30957926000,-508323554,723822818
1616,30958518000,-504790606,719397153
1617,30959111000,-501265427,714914021
1618,30959703000,-497763702,710460297
1619,30960296000,-494189255,705915206
1620,30960889000,-490645222,701416833
1621,30961481000,-487085911,696868151
1622,30962074000,-483513166,692284605
1623,30962667000,-479931860,687696604
1624,30963259000,-476366841,683075348
1625,30963852000,-472778122,678466752
1626,30964445000,-469185768,673778112
1627,30965037000,-465580268,669085379
1628,30965630000,-461970968,664403492
1629,30966222000,-458354904,659703034
1630,30966815000,-454720848,654931101
1631,30967408000,-451098853,650168664
1632,30968000000,-447511306,645419919
1633,30968593000,-443883697,640637981
1634,30969186000,-440225972,635810304
1635,30969778000,-436591918,630974219
1636,30970371000,-432930158,626098780
1637,30970964000,-429259326,621240567
1638,30971556000,-425599391,616323841
1639,30972149000,-421920951,611406174
1640,30972742000,-418245862,606455883
1641,30973334000,-414569064,601498909
1642,30973927000,-410888122,596494193
1643,30974519000,-407170893,591526891
1644,30975112000,-403482931,586513436
1645,30975705000,-399755938,581482140
1646,30976297000,-396061082,576434782
1647,30976890000,-392323013,571364447
1648,30977483000,-388660320,566323748
1649,30978075000,-384908250,561196188
1650,30978668000,-381165977,556069994
1651,30979261000,-377438514,550939183
1652,30979853000,-373684211,545780018
1653,30980446000,-369960013,540615534
1654,30981038000,-366177605,535404530
1655,30981631000,-362439970,530240103
1656,30982224000,-358643323,524985446
1657,30982816000,-354879296,519752634
1658,30983409000,-351148475,514537571
1659,30984002000,-347336093,509243535
1660,30984594000,-343556001,503965567
1661,30985187000,-339771264,498653857
1662,30985780000,-335975778,493328507
1663,30986372000,-332207202,488011387
1664,30986965000,-328382381,482645486
1665,30987558000,-324562166,477306401
1666,30988150000,-320717795,471902502
1667,30988743000,-316927943,466536425
1668,30989335000,-313114470,461109703
1669,30989928000,-309297470,455713883
1670,30990521000,-305465655,450256843
1671,30991113000,-301648893,444830609
1672,30991706000,-297794312,439364711
1673,30992299000,-293964425,433886073
1674,30992891000,-290096224,428376429
1675,30993484000,-286285959,422888754
1676,30994077000,-282390229,417373059
1677,30994669000,-278532110,411817672
1678,30995262000,-274671120,406272565
1679,30995854000,-270830219,400740279
1680,30996447000,-266948888,395162331
1681,30997040000,-263066893,389581013
1682,30997632000,-259150787,383976563
1683,30998225000,-255311596,378388067
1684,30998818000,-251461631,372764040
1685,30999410000,-247563384,367117034
1686,31000003000,-243679684,361534051
1687,31000596000,-239727469,355845575
1688,31001188000,-235854583,350181285
1689,31001781000,-231984169,344513976
1690,31002374000,-228084465,338875730
1691,31002966000,-224137521,333128135
1692,31003559000,-220217373,327431206
1693,31004151000,-216335707,321714472
1694,31004744000,-212409822,315995044
1695,31005337000,-208498745,310272163
1696,31005929000,-204562939,304532154
1697,31006522000,-200647730,298761525
1698,31007115000,-196728073,293026946
1699,31007707000,-192810134,287261907
1700,31008300000,-188873671,281448483
1701,31008893000,-184916592,275657912
1702,31009485000,-180985473,269881958
1703,31010078000,-177051638,264055164
1704,31010670000,-173115964,258270484
1705,31011263000,-169144607,252420884
1706,31011856000,-165208215,246598544
1707,31012448000,-161264847,240759326
1708,31013041000,-157328380,234928703
1709,31013634000,-153371596,229069107
1710,31014226000,-149429629,223213139
1711,31014819000,-145428600,217304917
1712,31015412000,-141484185,211473975
1713,31016004000,-137550642,205588794
1714,31016597000,-133558387,199694320
1715,31017190000,-129579648,193805293
1716,31017782000,-125594160,187878890
1717,31018375000,-121654106,181969549
1718,31018967000,-117702075,176121122
1719,31019560000,-113714400,170146348
1720,31020153000,-109747173,164255092
1721,31020745000,-105754535,158321799
1722,31021338000,-101763985,152378062
1723,31021931000,-97795036,146435649
1724,31022523000,-93850422,140543086
1725,31023116000,-89846993,134560856
1726,31023709000,-85830199,128628118
1727,31024301000,-81875929,122659152
1728,31024894000,-77927941,116720124
1729,31025486000,-73885653,110732327
1730,31026079000,-69906897,104809894
1731,31026672000,-65926852,98861228
1732,31027264000,-61944055,92846695
1733,31027857000,-57968986,86860676
1734,31028450000,-53964733,80902242
1735,31029042000,-49970710,74917465
1736,31029635000,-45962380,68936405
1737,31030228000,-41979906,62956387
1738,31030820000,-37973027,56969268
1739,31031413000,-33976344,50961605
1740,31032006000,-29989120,44987587
1741,31032598000,-26009240,39025502
1742,31033191000,-22003601,33006463
1743,31033783000,-18018449,27019176
1744,31034376000,-14005463,20999031
1745,31034969000,-10037981,15041581
1746,31035561000,-6039638,9035838
1747,31036154000,-2017531,3038030
1748,31036747000,1971894,-2984952
1749,31037339000,5944885,-8955369
1750,31037932000,9955000,-14944807
1751,31038525000,13967101,-20925287
1752,31039117000,17952834,-26921812
1753,31039710000,21953704,-32906362
1754,31040302000,25943518,-38903846
1755,31040895000,29960388,-44920302
1756,31041488000,33922230,-50879680
1757,31042080000,37931946,-56885689
1758,31042673000,41895538,-62837330
1759,31043266000,45904639,-68838873
1760,31043858000,49911032,-74842019
1761,31044451000,53928360,-80822011
1762,31045044000,57902821,-86767213
1763,31045636000,61860285,-92737915
1764,31046229000,65864614,-98710807
1765,31046822000,69834343,-104678943
1766,31047414000,73846805,-110674254
1767,31048007000,77827796,-116615186
1768,31048599000,81804944,-122578025
1769,31049192000,85790739,-128519464
1770,31049785000,89758531,-134461852
1771,31050377000,93761408,-140413644
1772,31050970000,97718815,-146344548
1773,31051563000,101745828,-152275074
1774,31052155000,105676489,-158195133
1775,31052748000,109671479,-164148689
1776,31053341000,113652213,-170094493
1777,31053933000,117631665,-176003837
1778,31054526000,121597276,-181922208
1779,31055118000,125553629,-187808704
1780,31055711000,129550830,-193748857
1781,31056304000,133499563,-199623951
1782,31056896000,137470893,-205486321
1783,31057489000,141421730,-211366480
1784,31058082000,145368728,-217225995
1785,31058674000,149313555,-223091211
1786,31059267000,153299795,-228990817
1787,31059860000,157236796,-234817854
1788,31060452000,161182547,-240640261
1789,31061045000,165148580,-246491009
1790,31061638000,169113214,-252374114
1791,31062230000,173056004,-258165039
1792,31062823000,176993116,-263984047
1793,31063415000,180917547,-269777698
1794,31064008000,184865112,-275577614
1795,31064601000,188805786,-281365974
1796,31065193000,192757813,-287145336
1797,31065786000,196679086,-292942944
1798,31066379000,200612223,-298691448
1799,31066971000,204521435,-304450524
1800,31067564000,208449374,-310185690
1801,31068157000,212363003,-315910289
1802,31068749000,216286359,-321649202
1803,31069342000,220170224,-327337445
1804,31069934000,224103581,-333070436
1805,31070527000,227984641,-338739923
1806,31071120000,231928150,-344436447
1807,31071712000,235806417,-350115557
1808,31072305000,239726428,-355768884
1809,31072898000,243582104,-361412509
1810,31073490000,247483035,-367065303
1811,31074083000,251385093,-372693902
1812,31074676000,255244741,-378285511
1813,31075268000,259166294,-383914222
1814,31075861000,263007085,-389483481
1815,31076454000,266870456,-395083931
1816,31077046000,270757476,-400659630
1817,31077639000,274638027,-406212115
1818,31078231000,278470688,-411772009
1819,31078824000,282353525,-417280295
1820,31079417000,286188109,-422790524
1821,31080009000,290048258,-428271312
1822,31080602000,293888623,-433789196
1823,31081195000,297750726,-439296590
1824,31081787000,301576940,-444718484
1825,31082380000,305420846,-450191683
1826,31082973000,309206813,-455622062
1827,31083565000,313069380,-461036917
1828,31084158000,316861359,-466420029
1829,31084750000,320696671,-471830899
1830,31085343000,324500800,-477211026
1831,31085936000,328301720,-482560642
1832,31086528000,332100463,-487892279
1833,31087121000,335912696,-493240585
1834,31087714000,339714896,-498552084
1835,31088306000,343493900,-503874909
1836,31088899000,347272766,-509126495
1837,31089492000,351047293,-514407814
1838,31090084000,354817901,-519672303
1839,31090677000,358604115,-524907901
1840,31091270000,362372862,-530116714
1841,31091862000,366141842,-535355142
1842,31092455000,369876370,-540536597
1843,31093047000,373615351,-545694441
1844,31093640000,377369614,-550859379
1845,31094233000,381113260,-555974881
1846,31094825000,384839977,-561097628
1847,31095418000,388580287,-566222958
1848,31096011000,392282511,-571295323
1849,31096603000,395994033,-576360165
1850,31097196000,399724279,-581401881
1851,31097789000,403435879,-586457635
1852,31098381000,407131116,-591466096
1853,31098974000,410800366,-596460096
1854,31099566000,414521972,-601419060
1855,31100159000,418173090,-606383321
1856,31100752000,421889051,-611333318
1857,31101344000,425512562,-616211642
1858,31101937000,429212552,-621162219
1859,31102530000,432849065,-625993334
1860,31103122000,436533059,-630892371
1861,31103715000,440180667,-635719012
1862,31104308000,443812192,-640552853
1863,31104900000,447440822,-645328296
1864,31105493000,451078119,-650142472
1865,31106086000,454681958,-654857788
1866,31106678000,458315169,-659618449
1867,31107271000,461956722,-664353830
1868,31107863000,465531315,-669018805
1869,31108456000,469122393,-673689037
1870,31109049000,472728703,-678397131
1871,31109641000,476307527,-682990610
1872,31110234000,479881406,-687624794
1873,31110827000,483452288,-692223250
1874,31111419000,487046525,-696799934
1875,31112012000,490571369,-701335757
1876,31112605000,494141423,-705864764
1877,31113197000,497665806,-710367732
1878,31113790000,501186146,-714837861
1879,31114382000,504730603,-719300881
1880,31114975000,508285815,-723780902
1881,31115568000,511780937,-728170565
1882,31116160000,515293435,-732577390
1883,31116753000,518777544,-736925407
1884,31117346000,522282395,-741290542
1885,31117938000,525769789,-745619065
1886,31118531000,529281084,-749939870
1887,31119124000,532728343,-754184398
1888,31119716000,536190554,-758475657
1889,31120309000,539672225,-762721007
1890,31120902000,543098710,-766875088
1891,31121494000,546546191,-771093213
1892,31122087000,550003907,-775239103
1893,31122679000,553455151,-779393934
1894,31123272000,556839686,-783476310
1895,31123865000,560237522,-787601015
1896,31124457000,563693755,-791655817
1897,31125050000,567031392,-795674146
1898,31125643000,570443794,-799684139
1899,31126235000,573830660,-803667138
1900,31126828000,577206048,-807658141
1901,31127421000,580576143,-811582588
1902,31128013000,583958279,-815518058
1903,31128606000,587293412,-819387470
1904,31129198000,590626311,-823240644
1905,31129791000,593971105,-827111592
1906,31130384000,597306399,-830885359
1907,31130976000,600600117,-834664588
1908,31131569000,603881936,-838428638
1909,31132162000,607200052,-842138616
1910,31132754000,610475987,-845858842
1911,31133347000,613765162,-849526086
1912,31133940000,617064779,-853219882
1913,31134532000,620320013,-856818163
1914,31135125000,623584038,-860440564
1915,31135718000,626852488,-864007505
1916,31136310000,630043974,-867520601
1917,31136903000,633267278,-871044644
1918,31137495000,636515863,-874559224
1919,31138088000,639715846,-878002302
1920,31138681000,642922283,-881467877
1921,31139273000,646127840,-884848358
1922,31139866000,649322346,-888242699
1923,31140459000,652482729,-891579624
1924,31141051000,655663582,-894924422
1925,31141644000,658818264,-898218767
1926,31142237000,661969399,-901487347
1927,31142829000,665133376,-904772510
1928,31143422000,668250957,-907937840
1929,31144014000,671366211,-911144374
1930,31144607000,674454868,-914287719
1931,31145200000,677572882,-917401311
1932,31145792000,680677954,-920521359
1933,31146385000,683782634,-923561364
1934,31146978000,686884914,-926663673
1935,31147570000,689896599,-929662770
1936,31148163000,693001599,-932664854
1937,31148756000,696039320,-935612995
1938,31149348000,699071775,-938539180
1939,31149941000,702074891,-941378094
1940,31150534000,705100912,-944292869
1941,31151126000,708150191,-947100069
1942,31151719000,711119783,-949941264
1943,31152311000,714101634,-952736048
1944,31152904000,717088190,-955466049
1945,31153497000,720063351,-958190567
1946,31154089000,723025139,-960888622
1947,31154682000,725955329,-963530521
1948,31155275000,728880967,-966162563
1949,31155867000,731845939,-968783846
1950,31156460000,734745451,-971332224
1951,31157053000,737673220,-973875925
1952,31157645000,740564194,-976402804
1953,31158238000,743456799,-978885350
1954,31158830000,746341363,-981337267
1955,31159423000,749190634,-983747319
1956,31160016000,752067470,-986132231
1957,31160608000,754916550,-988498554
1958,31161201000,757758926,-990828200
1959,31161794000,760536452,-993096139
1960,31162386000,763372037,-995364946
1961,31162979000,766185150,-997599679
1962,31163572000,768972489,-999795689
1963,31164164000,771779871,-1001984596
1964,31164757000,774538509,-1004122866
1965,31165350000,777297953,-1006237957
1966,31165942000,780057646,-1008313272
1967,31166535000,782779540,-1010331172
1968,31167127000,785506998,-1012326913
1969,31167720000,788217737,-1014330283
1970,31168313000,790940471,-1016305769
1971,31168905000,793624886,-1018216779
1972,31169498000,796354033,-1020104071
1973,31170091000,799020796,-1021952097
1974,31170683000,801660483,-1023788207
1975,31171276000,804307234,-1025576580
1976,31171869000,806962779,-1027311849
1977,31172461000,809616468,-1029081353
1978,31173054000,812230747,-1030755490
1979,31173646000,814804954,-1032418659
1980,31174239000,817400217,-1034028561
1981,31174832000,820001155,-1035646595
1982,31175424000,822590109,-1037207874
1983,31176017000,825134040,-1038756811
1984,31176610000,827702110,-1040252493
1985,31177202000,830198588,-1041716999
1986,31177795000,832753133,-1043160631
1987,31178388000,835240778,-1044564014
1988,31178980000,837775148,-1045960606
1989,31179573000,840293616,-1047321519
1990,31180166000,842753328,-1048581413
1991,31180758000,845229867,-1049873566
1992,31181351000,847669191,-1051092026
1993,31181943000,850136183,-1052313634
1994,31182536000,852540021,-1053477755
1995,31183129000,854979286,-1054618716
1996,31183721000,857407338,-1055765454
1997,31184314000,859805814,-1056800692
1998,31184907000,862202768,-1057868832
1999,31185499000,864551190,-1058874000
2000,31186092000,866911340,-1059819570
2001,31186685000,869311474,-1060811887
2002,31187277000,871623280,-1061724487
2003,31187870000,873963284,-1062570551
2004,31188462000,876269107,-1063434017
2005,31189055000,878582652,-1064249259
2006,31189648000,880838275,-1065030476
2007,31190240000,883162427,-1065769099
2008,31190833000,885449930,-1066509878
2009,31191426000,887652609,-1067166832
2010,31192018000,889912204,-1067845364
2011,31192611000,892122836,-1068425978
2012,31193204000,894368566,-1069014936
2013,31193796000,896545905,-1069563526
2014,31194389000,898758037,-1070098560
2015,31194982000,900924680,-1070535683
2016,31195574000,903093485,-1071003379
2017,31196167000,905246008,-1071426941
2018,31196759000,907388600,-1071785632
2019,31197352000,909546289,-1072146144
2020,31197945000,911633975,-1072455005
2021,31198537000,913735594,-1072732717
2022,31199130000,915862628,-1073002096
2023,31199723000,917908994,-1073176970
2024,31200315000,919976961,-1073418286
2025,31200908000,922034004,-1073518240
2026,31201501000,924077555,-1073645055
2027,31202093000,926108552,-1073742452
2028,31202686000,928151180,-1073774515
2029,31203278000,930125239,-1073789391
2030,31203871000,932118890,-1073747216
2031,31204464000,934078726,-1073694468
2032,31205056000,936064636,-1073610852
2033,31205649000,937980440,-1073447904
2034,31206242000,939966930,-1073340640
2035,31206834000,941863263,-1073128749
2036,31207427000,943800080,-1072923424
2037,31208020000,945667662,-1072682837
2038,31208612000,947573341,-1072380248
2039,31209205000,949452080,-1072044331
2040,31209798000,951332405,-1071716570
2041,31210390000,953147823,-1071320351
2042,31210983000,954976729,-1070868254
2043,31211575000,956827370,-1070437122
2044,31212168000,958605898,-1069943680
2045,31212761000,960435217,-1069448215
2046,31213353000,962161684,-1068880695
2047,31213946000,963950796,-1068257057
2048,31214539000,965693680,-1067655329
2049,31215131000,967455856,-1067026057
2050,31215724000,969175929,-1066307372
2051,31216317000,970890729,-1065618275
2052,31216909000,972592641,-1064835909
2053,31217502000,974269666,-1064035063
2054,31218094000,975951669,-1063248648
2055,31218687000,977604669,-1062369949
2056,31219280000,979243167,-1061504568
2057,31219872000,980888045,-1060580548
2058,31220465000,982511476,-1059636562
2059,31221058000,984105379,-1058653661
2060,31221650000,985698954,-1057595730
2061,31222243000,987288988,-1056561153
2062,31222836000,988858157,-1055492258
2063,31223428000,990359650,-1054324895
2064,31224021000,991895686,-1053195416
2065,31224614000,993461736,-1052017996
2066,31225206000,994976794,-1050816201
2067,31225799000,996461838,-1049545147
2068,31226391000,997944770,-1048256847
2069,31226984000,999428295,-1046971191
2070,31227577000,1000868497,-1045607773
2071,31228169000,1002323087,-1044195986
2072,31228762000,1003713468,-1042800005
2073,31229355000,1005128424,-1041365110
2074,31229947000,1006542176,-1039870302
2075,31230540000,1007937407,-1038390627
2076,31231133000,1009280103,-1036808700
2077,31231725000,1010644752,-1035258295
2078,31232318000,1012029257,-1033670634
2079,31232910000,1013324131,-1031998395
2080,31233503000,1014621410,-1030326397
2081,31234096000,1015955373,-1028663228
2082,31234688000,1017228178,-1026924123
2083,31235281000,1018480757,-1025098644
2084,31235874000,1019752051,-1023315576
2085,31236466000,1021025752,-1021506042
2086,31237059000,1022208865,-1019626901
2087,31237652000,1023473172,-1017759452
2088,31238244000,1024623500,-1015805111
2089,31238837000,1025816626,-1013865945
2090,31239430000,1027020797,-1011884552
2091,31240022000,1028138996,-1009838947
2092,31240615000,1029283245,-1007803698
2093,31241207000,1030442645,-1005710535
2094,31241800000,1031569398,-1003616023
2095,31242393000,1032640973,-1001455242
2096,31242985000,1033743774,-999284645
2097,31243578000,1034823386,-997050773
2098,31244171000,1035876195,-994827889
2099,31244763000,1036952883,-992560636
2100,31245356000,1037964245,-990270014
2101,31245949000,1038984831,-987912257
2102,31246541000,1039968916,-985527142
2103,31247134000,1040936132,-983121897
2104,31247726000,1041934250,-980719948
2105,31248319000,1042903547,-978272340
2106,31248912000,1043838605,-975806993
2107,31249504000,1044783792,-973253270
2108,31250097000,1045670832,-970735556
2109,31250690000,1046582583,-968133275
2110,31251282000,1047477411,-965492079
2111,31251875000,1048342222,-962887116
2112,31252468000,1049206414,-960238045
2113,31253060000,1050053875,-957523359
2114,31253653000,1050859213,-954777790
2115,31254246000,1051697944,-952049339
2116,31254838000,1052473254,-949245788
2117,31255431000,1053270224,-946452880
2118,31256023000,1054003005,-943593504
2119,31256616000,1054764688,-940722801
2120,31257209000,1055531687,-937807082
2121,31257801000,1056255950,-934870460
2122,31258394000,1056967319,-931933942
2123,31258987000,1057658900,-928912521
2124,31259579000,1058333394,-925914866
2125,31260172000,1059007117,-922846757
2126,31260765000,1059673664,-919794631
2127,31261357000,1060299330,-916671841
2128,31261950000,1060898769,-913529839
2129,31262542000,1061526911,-910376804
2130,31263135000,1062093804,-907178227
2131,31263728000,1062701711,-903964006
2132,31264320000,1063271136,-900709546
2133,31264913000,1063818259,-897436199
2134,31265506000,1064341032,-894086153
2135,31266098000,1064869114,-890785290
2136,31266691000,1065374118,-887416633
2137,31267284000,1065865413,-884027455
2138,31267876000,1066333278,-880584248
2139,31268469000,1066799007,-877167746
2140,31269062000,1067232925,-873704314
2141,31269654000,1067666644,-870175322
2142,31270247000,1068120723,-866663380
2143,31270839000,1068461969,-863131598
2144,31271432000,1068881229,-859547802
2145,31272025000,1069275907,-855932848
2146,31272617000,1069639476,-852320196
2147,31273210000,1069954029,-848661116
2148,31273803000,1070274959,-844928783
2149,31274395000,1070607017,-841236857
2150,31274988000,1070906717,-837481113
2151,31275581000,1071172873,-833749272
2152,31276173000,1071471622,-829948103
2153,31276766000,1071666759,-826144189
2154,31277358000,1071944979,-822305551
2155,31277951000,1072159904,-818411035
2156,31278544000,1072368611,-814574359
2157,31279136000,1072548934,-810585098
2158,31279729000,1072743940,-806669766
2159,31280322000,1072900977,-802693071
2160,31280914000,1073051170,-798710619
2161,31281507000,1073202161,-794677541
2162,31282100000,1073290749,-790627847
2163,31282692000,1073402497,-786571440
2164,31283285000,1073505069,-782489049
2165,31283878000,1073592496,-778377411
2166,31284470000,1073638121,-774224078
2167,31285063000,1073685248,-770060363
2168,31285655000,1073729939,-765867282
2169,31286248000,1073739262,-761662481
2170,31286841000,1073718783,-757417052
2171,31287433000,1073723791,-753160092
2172,31288026000,1073671068,-748843297
2173,31288619000,1073650867,-744555609
2174,31289211000,1073595080,-740211694
2175,31289804000,1073501815,-735892838
2176,31290397000,1073404635,-731495232
2177,31290989000,1073362090,-727101249
2178,31291582000,1073196054,-722686640
2179,31292174000,1073088140,-718235519
2180,31292767000,1072944208,-713790757
2181,31293360000,1072760848,-709286500
2182,31293952000,1072593284,-704765730
2183,31294545000,1072417949,-700248930
2184,31295138000,1072221388,-695686061
2185,31295730000,1071973056,-691110708
2186,31296323000,1071729178,-686502153
2187,31296916000,1071523378,-681896314
2188,31297508000,1071215707,-677258344
2189,31298101000,1070905616,-672556594
2190,31298694000,1070652107,-667884835
2191,31299286000,1070330004,-663199594
2192,31299879000,1069996992,-658484558
2193,31300471000,1069665370,-653724806
2194,31301064000,1069310557,-648960160
2195,31301657000,1068926126,-644204424
2196,31302249000,1068548650,-639351541
2197,31302842000,1068162856,-634533178
2198,31303435000,1067719257,-629708115
2199,31304027000,1067269186,-624813486
2200,31304620000,1066858227,-619940195
2201,31305213000,1066391666,-615030276
2202,31305805000,1065932940,-610124893
2203,31306398000,1065461433,-605206370
2204,31306990000,1064928018,-600213809
2205,31307583000,1064406488,-595224670
2206,31308176000,1063890775,-590247706
2207,31308768000,1063327821,-585205848
2208,31309361000,1062782509,-580174864
2209,31309954000,1062201379,-575110518
2210,31310546000,1061577934,-570051783
2211,31311139000,1061007956,-564952881
2212,31311732000,1060376167,-559848872
2213,31312324000,1059749523,-554755538
2214,31312917000,1059119186,-549580714
2215,31313510000,1058419450,-544465872
2216,31314102000,1057753685,-539276331
2217,31314695000,1057039291,-534055093
2218,31315287000,1056338427,-528853586
2219,31315880000,1055622112,-523664834
2220,31316473000,1054877415,-518383712
2221,31317065000,1054115960,-513149103
2222,31317658000,1053365068,-507861298
2223,31318251000,1052593098,-502581139
2224,31318843000,1051776613,-497259554
2225,31319436000,1050965350,-491943582
2226,31320029000,1050117675,-486588801
2227,31320621000,1049319853,-481264577
2228,31321214000,1048430557,-475890663
2229,31321806000,1047568851,-470510388
2230,31322399000,1046703058,-465156314
2231,31322992000,1045787580,-459730611
2232,31323584000,1044870748,-454288851
2233,31324177000,1043946823,-448833697
2234,31324770000,1042988849,-443392372
2235,31325362000,1042039534,-437901453
2236,31325955000,1041071648,-432420263
2237,31326548000,1040082030,-426914317
2238,31327140000,1039061145,-421426089
2239,31327733000,1038097881,-415934914
2240,31328326000,1037033641,-410385632
2241,31328918000,1036020781,-404856433
2242,31329511000,1034975263,-399291860
2243,31330103000,1033859643,-393694376
2244,31330696000,1032807785,-388134594
2245,31331289000,1031689085,-382531042
2246,31331881000,1030572013,-376918339
2247,31332474000,1029449736,-371262549
2248,31333067000,1028315063,-365685935
2249,31333659000,1027144737,-360023773
2250,31334252000,1025990098,-354378725
2251,31334845000,1024845018,-348746636
2252,31335437000,1023596064,-343054320
2253,31336030000,1022369334,-337364655
2254,31336622000,1021150380,-331649387
2255,31337215000,1019903684,-325938690
2256,31337808000,1018654855,-320239788
2257,31338400000,1017348594,-314491634
2258,31338993000,1016122497,-308792285
2259,31339586000,1014807410,-303040468
2260,31340178000,1013493742,-297307718
2261,31340771000,1012178892,-291520880
2262,31341364000,1010816190,-285733772
2263,31341956000,1009469454,-279954480
2264,31342549000,1008113265,-274176736
2265,31343142000,1006716921,-268374253
2266,31343734000,1005324649,-262583332
2267,31344327000,1003911309,-256769047
2268,31344919000,1002494929,-250930553
2269,31345512000,1001073199,-245099926
2270,31346105000,999581486,-239232549
2271,31346697000,998134203,-233386682
2272,31347290000,996642011,-227520130
2273,31347883000,995156684,-221671969
2274,31348475000,993630078,-215802142
2275,31349068000,992126506,-209907689
2276,31349661000,990582669,-204033853
2277,31350253000,989042257,-198138975
2278,31350846000,987479195,-192274432
2279,31351438000,985926780,-186371676
2280,31352031000,984294957,-180433546
2281,31352624000,982704938,-174553830
2282,31353216000,981082565,-168628104
2283,31353809000,979438531,-162727047
2284,31354402000,977832261,-156789001
2285,31354994000,976151863,-150843563
2286,31355587000,974521180,-144934714
2287,31356180000,972788884,-138940223
2288,31356772000,971072791,-133020694
2289,31357365000,969420398,-127065945
2290,31357958000,967677365,-121136098
2291,31358550000,965910473,-115172546
2292,31359143000,964186006,-109179541
2293,31359735000,962441777,-103274670
2294,31360328000,960615377,-97238155
2295,31360921000,958861039,-91283481
2296,31361513000,957017352,-85315872
2297,31362106000,955207139,-79342136
2298,31362699000,953365362,-73336973
2299,31363291000,951534949,-67369873
2300,31363884000,949668827,-61410206
2301,31364477000,947830880,-55419604
2302,31365069000,945903763,-49427000
2303,31365662000,944029319,-43465227
2304,31366254000,942129766,-37448699
2305,31366847000,940163676,-31472878
2306,31367440000,938247949,-25466054
2307,31368032000,936328753,-19502076
2308,31368625000,934357411,-13489953
2309,31369218000,932370961,-7460784
2310,31369810000,930404188,-1452295
2311,31370403000,928390975,4492302
2312,31370996000,926357976,10504234
2313,31371588000,924355270,16514219
2314,31372181000,922300548,22473472
2315,31372774000,920235321,28501075
2316,31373366000,918179412,34474683
2317,31373959000,916119056,40454897
2318,31374551000,913983774,46467189
2319,31375144000,911917895,52456613
2320,31375737000,909779051,58434510
2321,31376329000,907693099,64429887
2322,31376922000,905543937,70400491
2323,31377515000,903338308,76356122
2324,31378107000,901186938,82358373
2325,31378700000,899026400,88333201
2326,31379293000,896859893,94281047
2327,31379885000,894634242,100287220
2328,31380478000,892419919,106232564
2329,31381070000,890180834,112189254
2330,31381663000,887923787,118172897
2331,31382256000,885718486,124126346
2332,31382848000,883427038,130076562
2333,31383441000,881147212,136017997
2334,31384034000,878843736,141995759
2335,31384626000,876530609,147877933
2336,31385219000,874247916,153829394
2337,31385812000,871919545,159760825
2338,31386404000,869591488,165686839
2339,31386997000,867242944,171609619
2340,31387590000,864862891,177510593
2341,31388182000,862488576,183413447
2342,31388775000,860070232,189371307
2343,31389367000,857681791,195248790
2344,31389960000,855281318,201132808
2345,31390553000,852857810,207037732
2346,31391145000,850425944,212924576
2347,31391738000,847996916,218779950
2348,31392331000,845535828,224656036
2349,31392923000,843037835,230512545
2350,31393516000,840594589,236327248
2351,31394109000,838088058,242191219
2352,31394701000,835605318,248042366
2353,31395294000,833080966,253867681
2354,31395886000,830555554,259658561
2355,31396479000,827987707,265474158
2356,31397072000,825473940,271291485
2357,31397664000,822927069,277098083
2358,31398257000,820324405,282846994
2359,31398850000,817717328,288678630
2360,31399442000,815129760,294430653
2361,31400035000,812544271,300172879
2362,31400628000,809918320,305948472
2363,31401220000,807302406,311668776
2364,31401813000,804635753,317398288
2365,31402406000,801992140,323147846
2366,31402998000,799350774,328815138
2367,31403591000,796675040,334520971
2368,31404183000,793989782,340203317
2369,31404776000,791274857,345901542
2370,31405369000,788565162,351587029
2371,31405961000,785878393,357250844
2372,31406554000,783139991,362875710
2373,31407147000,780395917,368529105
2374,31407739000,777642684,374148657
2375,31408332000,774902420,379748655
2376,31408925000,772119297,385361950
2377,31409517000,769341308,390974539
2378,31410110000,766554481,396518119
2379,31410702000,763714340,402088403
2380,31411295000,760915819,407629773
2381,31411888000,758078771,413175643
2382,31412480000,755266827,418713195
2383,31413073000,752419414,424204081
2384,31413666000,749544807,429729380
2385,31414258000,746668655,435212414
2386,31414851000,743800392,440683140
2387,31415444000,740925231,446148080
2388,31416036000,738057573,451585063
2389,31416629000,735081739,457019926
2390,31417222000,732192809,462405116
2391,31417814000,729291076,467831560
2392,31418407000,726342086,473240218
2393,31418999000,723393396,478624321
2394,31419592000,720396241,483950579
2395,31420185000,717493388,489298807
2396,31420777000,714507431,494630415
2397,31421370000,711474530,499975857
2398,31421963000,708497380,505229105
2399,31422555000,705478667,510491542
2400,31423148000,702452589,515813261
2401,31423741000,699441552,521060400
2402,31424333000,696397049,526261423
2403,31424926000,693362504,531515447
2404,31425518000,690298421,536691077
2405,31426111000,687236706,541861079
2406,31426704000,684143588,547032383
2407,31427296000,681083841,552193346
2408,31427889000,677977399,557313376
2409,31428482000,674865237,562454392
2410,31429074000,671745164,567555507
2411,31429667000,668657981,572623190
2412,31430260000,665508730,577689003
2413,31430852000,662360522,582727083
2414,31431445000,659237707,587763711
2415,31432038000,656068297,592749623
2416,31432630000,652892791,597764345
2417,31433223000,649715267,602717421
2418,31433815000,646529058,607678156
2419,31434408000,643319202,612601607
2420,31435001000,640126471,617523184
2421,31435593000,636918816,622407134
2422,31436186000,633686789,627281972
2423,31436779000,630462996,632163807
2424,31437371000,627235429,636959976
2425,31437964000,623970642,641802609
2426,31438557000,620736580,646564853
2427,31439149000,617468022,651360638
2428,31439742000,614205921,656154102
2429,31440334000,610910057,660843817
2430,31440927000,607611479,665570184
2431,31441520000,604334074,670254954
2432,31442112000,600991721,674944337
2433,31442705000,597701289,679556199
2434,31443298000,594390550,684225896
2435,31443890000,591033965,688832162
2436,31444483000,587705911,693424217
2437,31445076000,584338542,697962429
2438,31445668000,581018252,702512311
2439,31446261000,577631798,707037672
2440,31446854000,574253399,711547149
2441,31447446000,570853508,716013573
2442,31448039000,567498032,720483829
2443,31448631000,564080982,724917017
2444,31449224000,560671155,729329890
2445,31449817000,557231750,733725885
2446,31450409000,553867292,738083343
2447,31451002000,550407837,742431606
2448,31451595000,546984773,746750129
2449,31452187000,543543697,751012772
2450,31452780000,540081981,755341903
2451,31453373000,536614144,759564038
2452,31453965000,533172492,763754690
2453,31454558000,529735520,767986770
2454,31455150000,526216139,772137098
2455,31455743000,522757236,776334111
2456,31456336000,519257368,780415314
2457,31456928000,515746302,784543057
2458,31457521000,512216290,788646242
2459,31458114000,508748141,792687653
2460,31458706000,505178977,796695721
2461,31459299000,501676986,800711113
2462,31459892000,498134303,804708594
2463,31460484000,494588470,808652188
2464,31461077000,491031917,812592412
2465,31461670000,487456011,816510182
2466,31462262000,483920566,820387794
2467,31462855000,480318736,824229415
2468,31463447000,476768690,828071567
2469,31464040000,473179696,831864521
2470,31464633000,469582532,835646248
2471,31465225000,466006439,839395675
2472,31465818000,462373120,843130414
2473,31466411000,458782387,846813872
2474,31467003000,455151400,850496506
2475,31467596000,451528437,854148476
2476,31468189000,447884101,857718903
2477,31468781000,444274481,861350878
2478,31469374000,440660180,864928266
2479,31469966000,436977598,868466500
2480,31470559000,433334806,871960540
2481,31471152000,429666048,875499616
2482,31471744000,425992833,878920021
2483,31472337000,422339218,882362892
2484,31472930000,418654624,885766717
2485,31473522000,414972411,889099229
2486,31474115000,411277272,892475412
2487,31474708000,407602093,895790329
2488,31475300000,403909346,899073359
2489,31475893000,400194701,902349931
2490,31476486000,396506161,905557688
2491,31477078000,392763345,908807736
2492,31477671000,389032849,911950359
2493,31478263000,385319224,915115658
2494,31478856000,381567868,918251851
2495,31479449000,377842897,921331787
2496,31480041000,374106898,924380957
2497,31480634000,370378347,927410953
2498,31481227000,366598884,930420558
2499,31481819000,362844493,933386176
2500,31482412000,359081360,936365125
2501,31483005000,355309431,939272312
2502,31483597000,351523388,942183663
2503,31484190000,347748159,945034057
2504,31484782000,343955385,947842952
2505,31485375000,340172958,950648802
2506,31485968000,336418133,953436119
2507,31486560000,332583137,956182438
2508,31487153000,328802265,958883745
2509,31487746000,324958023,961564991
2510,31488338000,321147909,964220110
2511,31488931000,317350736,966850147
2512,31489524000,313551492,969443686
2513,31490116000,309697446,972003036
2514,31490709000,305874209,974514351
2515,31491302000,302064593,977016646
2516,31491894000,298222214,979518593
2517,31492487000,294365504,981946962
2518,31493079000,290536505,984372372
2519,31493672000,286674569,986735234
2520,31494265000,282808450,989096785
2521,31494857000,278991110,991396818
2522,31495450000,275115972,993698326
2523,31496043000,271252973,995958904
2524,31496635000,267361744,998179437
2525,31497228000,263515419,1000370106
2526,31497821000,259606808,1002562965
2527,31498413000,255738849,1004648297
2528,31499006000,251855033,1006766260
2529,31499598000,247968271,1008836772
2530,31500191000,244089702,1010878476
2531,31500784000,240170662,1012876725
2532,31501376000,236323755,1014851366
2533,31501969000,232405397,1016777601
2534,31502562000,228475867,1018700835
2535,31503154000,224580709,1020578953
2536,31503747000,220666676,1022422612
2537,31504340000,216785180,1024236189
2538,31504932000,212813411,1026040708
2539,31505525000,208961115,1027769254
2540,31506118000,204991626,1029473475
2541,31506710000,201065906,1031180073
2542,31507303000,197152121,1032837243
2543,31507895000,193208956,1034453432
2544,31508488000,189281153,1036056067
2545,31509081000,185357021,1037585252
2546,31509673000,181414883,1039141210
2547,31510266000,177501317,1040633719
2548,31510859000,173532760,1042077870
2549,31511451000,169596779,1043534362
2550,31512044000,165663436,1044947264
2551,31512637000,161678107,1046298128
2552,31513229000,157781963,1047611475
2553,31513822000,153791560,1048926216
2554,31514414000,149842292,1050195300
2555,31515007000,145863703,1051422626
2556,31515600000,141930983,1052622072
2557,31516192000,137963418,1053802805
2558,31516785000,134003714,1054916734
2559,31517378000,129994338,1056016684
2560,31517970000,126066552,1057051126
2561,31518563000,122066713,1058131472
2562,31519156000,118124983,1059132078
2563,31519748000,114175051,1060117383
2564,31520341000,110167702,1061046082
2565,31520934000,106214806,1061959291
2566,31521526000,102210092,1062828756
2567,31522119000,98250288,1063651859
2568,31522711000,94273658,1064456081
2569,31523304000,90256481,1065257480
2570,31523897000,86280463,1065979687
2571,31524489000,82297922,1066660309
2572,31525082000,78344956,1067315707
2573,31525675000,74321710,1067992716
2574,31526267000,70344817,1068604849
2575,31526860000,66346834,1069153424
2576,31527453000,62386820,1069697357
2577,31528045000,58399013,1070198623
2578,31528638000,54413277,1070676714
2579,31529230000,50409971,1071120814
2580,31529823000,46412824,1071522295
2581,31530416000,42409577,1071880124
2582,31531008000,38433261,1072236713
2583,31531601000,34406753,1072555865
2584,31532194000,30431363,1072812439
2585,31532786000,26450122,1073071493
2586,31533379000,22421433,1073272918
2587,31533972000,18445691,1073430956
2588,31534564000,14475408,1073568627
2589,31535157000,10469383,1073667427
2590,31535750000,6470107,1073745297
2591,31536342000,2500468,1073760464
2592,31536935000,-1524747,1073761522
2593,31537527000,-5504940,1073755652
2594,31538120000,-9510162,1073686798
2595,31538713000,-13534380,1073586107
2596,31539305000,-17533696,1073451547
2597,31539898000,-21520400,1073289630
2598,31540491000,-25500702,1073069321
2599,31541083000,-29485996,1072836759
2600,31541676000,-33481796,1072600798
2601,31542269000,-37494633,1072277586
2602,31542861000,-41496730,1071985893
2603,31543454000,-45452370,1071632480
2604,31544046000,-49466898,1071228920
2605,31544639000,-53469872,1070765385
2606,31545232000,-57435987,1070329251
2607,31545824000,-61438385,1069778741
2608,31546417000,-65421752,1069278641
2609,31547010000,-69432938,1068731238
2610,31547602000,-73392036,1068119250
2611,31548195000,-77409997,1067507224
2612,31548788000,-81364672,1066805512
2613,31549380000,-85368211,1066140710
2614,31549973000,-89317855,1065405685
2615,31550566000,-93319020,1064645923
2616,31551158000,-97301712,1063846248
2617,31551751000,-101286772,1063001550
2618,31552343000,-105276861,1062136560
2619,31552936000,-109247835,1061240167
2620,31553529000,-113208448,1060340759
2621,31554121000,-117188103,1059375105
2622,31554714000,-121176473,1058385006
2623,31555307000,-125136909,1057342796
2624,31555899000,-129084731,1056280929
2625,31556492000,-133071964,1055186985
2626,31557085000,-137024165,1054060649
2627,31557677000,-140968490,1052880704
2628,31558270000,-144930737,1051718360
2629,31558862000,-148903740,1050475055
2630,31559455000,-152861746,1049221487
2631,31560048000,-156823938,1047913772
2632,31560640000,-160760280,1046585518
2633,31561233000,-164707175,1045253325
2634,31561826000,-168649423,1043864997
2635,31562418000,-172587042,1042445813
2636,31563011000,-176551902,1040965837
2637,31563604000,-180480053,1039506001
2638,31564196000,-184403215,1037997799
2639,31564789000,-188368474,1036444230
2640,31565382000,-192325278,1034864146
2641,31565974000,-196235238,1033232534
2642,31566567000,-200140458,1031582243
2643,31567159000,-204082887,1029901232
2644,31567752000,-207997346,1028188599
2645,31568345000,-211918627,1026442311
2646,31568937000,-215841496,1024682781
2647,31569530000,-219741369,1022866276
2648,31570123000,-223639964,1020999287
2649,31570715000,-227558464,1019157917
2650,31571308000,-231491679,1017248261
2651,31571901000,-235365671,1015316318
2652,31572493000,-239279785,1013329871
2653,31573086000,-243181026,1011349634
2654,31573678000,-247074822,1009320663
2655,31574271000,-250944797,1007285822
2656,31574864000,-254837517,1005156447
2657,31575456000,-258721186,1003027451
2658,31576049000,-262598017,1000886190
2659,31576642000,-266457279,998697973
2660,31577234000,-270328548,996486842
2661,31577827000,-274206133,994225118
2662,31578420000,-278060039,991948876
2663,31579012000,-281908243,989642163
2664,31579605000,-285776450,987326019
2665,31580198000,-289632366,984922688
2666,31580790000,-293457924,982530292
2667,31581383000,-297307117,980092172
2668,31581975000,-301150035,977614044
2669,31582568000,-304994028,975123055
2670,31583161000,-308799791,972608274
2671,31583753000,-312656867,970050672
2672,31584346000,-316448078,967461630
2673,31584939000,-320265666,964857274
2674,31585531000,-324066368,962218694
2675,31586124000,-327914621,959512016
2676,31586717000,-331722068,956812780
2677,31587309000,-335473128,954075541
2678,31587902000,-339286581,951341694
2679,31588494000,-343042051,948533599
2680,31589087000,-346851395,945734809
2681,31589680000,-350646177,942830709
2682,31590272000,-354425045,939970497
2683,31590865000,-358163656,937036615
2684,31591458000,-361950618,934093054
2685,31592050000,-365708063,931154776
2686,31592643000,-369466428,928126255
2687,31593236000,-373226484,925143819
2688,31593828000,-376940607,922047124
2689,31594421000,-380675231,918969113
2690,31595014000,-384422048,915845265
2691,31595606000,-388163043,912691693
2692,31596199000,-391860025,909557078
2693,31596791000,-395607819,906340910
2694,31597384000,-399335583,903091962
2695,31597977000,-403009146,899830336
2696,31598569000,-406753753,896567652
2697,31599162000,-410421175,893264681
2698,31599755000,-414081575,889910759
2699,31600347000,-417760123,886572767
2700,31600940000,-421436972,883139121
2701,31601533000,-425120013,879716830
2702,31602125000,-428809180,876280898
2703,31602718000,-432440610,872778926
2704,31603310000,-436140964,869263566
2705,31603903000,-439771061,865756376
2706,31604496000,-443398825,862206533
2707,31605088000,-447056503,858575220
2708,31605681000,-450689438,855013109
2709,31606274000,-454318323,851344554
2710,31606866000,-457904817,847695892
2711,31607459000,-461560755,843996905
2712,31608052000,-465140690,840254293
2713,31608644000,-468752772,836523882
2714,31609237000,-472314722,832766736
2715,31609830000,-475914369,828962296
2716,31610422000,-479480345,825142305
2717,31611015000,-483034307,821313305
2718,31611607000,-486647050,817427549
2719,31612200000,-490165963,813524238
2720,31612793000,-493762394,809594673
2721,31613385000,-497274073,805624177
2722,31613978000,-500831099,801673900
2723,31614571000,-504328569,797687572
2724,31615163000,-507888946,793640483
2725,31615756000,-511404789,789600284
2726,31616349000,-514944185,785517421
2727,31616941000,-518430925,781420142
2728,31617534000,-521905239,777286448
2729,31618126000,-525395671,773137204
2730,31618719000,-528897315,768977497
2731,31619312000,-532378194,764762765
2732,31619904000,-535785895,760576633
2733,31620497000,-539302353,756296180
2734,31621090000,-542731658,752047905
2735,31621682000,-546178853,747735520
2736,31622275000,-549612668,743441276
2737,31622868000,-553069826,739096776
2738,31623460000,-556488182,734728095
2739,31624053000,-559882484,730364630
2740,31624646000,-563260969,725953727
2741,31625238000,-566678216,721547450
2742,31625831000,-570066692,717063195
2743,31626423000,-573453731,712620627
2744,31627016000,-576831596,708109520
2745,31627609000,-580192571,703584309
2746,31628201000,-583564482,699060298
2747,31628794000,-586903171,694482300
2748,31629387000,-590253364,689909927
2749,31629979000,-593586371,685307758
2750,31630572000,-596898997,680703335
2751,31631165000,-600219605,675997085
2752,31631757000,-603545333,671354777
2753,31632350000,-606846732,666684505
2754,31632942000,-610143637,661957080
2755,31633535000,-613440479,657233807
2756,31634128000,-616694512,652454282
2757,31634720000,-619943204,647697581
2758,31635313000,-623220900,642932499
2759,31635906000,-626462265,638136066
2760,31636498000,-629678095,633314269
2761,31637091000,-632933511,628415002
2762,31637684000,-636182639,623590350
2763,31638276000,-639363815,618647686
2764,31638869000,-642568462,613782467
2765,31639462000,-645790302,608803401
2766,31640054000,-648987911,603871299
2767,31640647000,-652161972,598896764
2768,31641239000,-655306478,593954724
2769,31641832000,-658481359,588923467
2770,31642425000,-661628299,583898228
2771,31643017000,-664763709,578876607
2772,31643610000,-667903953,573809523
2773,31644203000,-671046555,568727746
2774,31644795000,-674168417,563647779
2775,31645388000,-677256043,558512335
2776,31645981000,-680334962,553411210
2777,31646573000,-683458349,548244885
2778,31647166000,-686504885,543089273
2779,31647758000,-689555391,537928815
2780,31648351000,-692653488,532720581
2781,31648944000,-695717528,527494452
2782,31649536000,-698739308,522271354
2783,31650129000,-701755278,517058902
2784,31650722000,-704777844,511778758
2785,31651314000,-707778616,506497022
2786,31651907000,-710793822,501203023
2787,31652500000,-713748173,495866287
2788,31653092000,-716779591,490562804
2789,31653685000,-719729036,485229505
2790,31654278000,-722695744,479892612
2791,31654870000,-725630891,474466276
2792,31655463000,-728565443,469129821
2793,31656055000,-731484113,463746036
2794,31656648000,-734442418,458318727
2795,31657241000,-737337039,452886002
2796,31657833000,-740216408,447439705
2797,31658426000,-743122420,441970013
2798,31659019000,-745983008,436529909
2799,31659611000,-748854280,431030399
2800,31660204000,-751726213,425521873
2801,31660797000,-754582983,420028563
2802,31661389000,-757389329,414459297
2803,31661982000,-760259222,408947369
2804,31662574000,-763065658,403399367
2805,31663167000,-765867047,397831378
2806,31663760000,-768666319,392254519
2807,31664352000,-771455269,386683391
2808,31664945000,-774226244,381095565
2809,31665538000,-776979591,375461813
2810,31666130000,-779782789,369814329
2811,31666723000,-782475323,364225367
2812,31667316000,-785227923,358559338
2813,31667908000,-787970211,352908971
2814,31668501000,-790641725,347238662
2815,31669094000,-793344931,341585914
2816,31669686000,-796062780,335879413
2817,31670279000,-798709713,330173268
2818,31670871000,-801390985,324462065
2819,31671464000,-804032586,318729534
2820,31672057000,-806707738,313012079
2821,31672649000,-809300875,307288642
2822,31673242000,-811927654,301531086
2823,31673835000,-814549079,295808309
2824,31674427000,-817137204,290022434
2825,31675020000,-819715492,284251269
2826,31675613000,-822308366,278439265
2827,31676205000,-824862767,272641025
2828,31676798000,-827412220,266838058
2829,31677390000,-829943222,261072014
2830,31677983000,-832478603,255217076
2831,31678576000,-834995678,249425467
2832,31679168000,-837520507,243585596
2833,31679761000,-840017218,237718853
2834,31680354000,-842471354,231861961
2835,31680946000,-844933673,226026146
2836,31681539000,-847402851,220154461
2837,31682132000,-849849128,214296065
2838,31682724000,-852293214,208395408
2839,31683317000,-854730635,202515013
2840,31683910000,-857159629,196646783
2841,31684502000,-859531618,190720069
2842,31685095000,-861933395,184797545
2843,31685687000,-864290300,178939784
2844,31686280000,-866638106,172977829
2845,31686873000,-869041337,167095931
2846,31687465000,-871355001,161174836
2847,31688058000,-873699699,155225378
2848,31688651000,-876034336,149317224
2849,31689243000,-878315809,143375944
2850,31689836000,-880604506,137425331
2851,31690429000,-882929332,131491941
2852,31691021000,-885181691,125544433
2853,31691614000,-887411251,119576307
2854,31692206000,-889641434,113598017
2855,31692799000,-891901991,107665821
2856,31693392000,-894103931,101732651
2857,31693984000,-896308558,95719684
2858,31694577000,-898482216,89739078
2859,31695170000,-900684962,83792190
2860,31695762000,-902862344,77772393
2861,31696355000,-905009426,71821860
2862,31696948000,-907154145,65825974
2863,31697540000,-909285661,59846139
2864,31698133000,-911411128,53843748
2865,31698726000,-913506751,47870795
2866,31699318000,-915611386,41883318
2867,31699911000,-917672984,35872563
2868,31700503000,-919779775,29863382
2869,31701096000,-921818042,23882525
2870,31701689000,-923859228,17924928
2871,31702281000,-925891774,11905284
2872,31702874000,-927905817,5924816
2873,31703467000,-929893891,-98833
2874,31704059000,-931886737,-6083803
2875,31704652000,-933896356,-12093961
2876,31705245000,-935858919,-18051169
2877,31705837000,-937821124,-24077427
2878,31706430000,-939727388,-30044767
2879,31707022000,-941649723,-36029310
2880,31707615000,-943587265,-42034639
2881,31708208000,-945462913,-47989071
2882,31708800000,-947385127,-54021850
2883,31709393000,-949223517,-59983490
2884,31709986000,-951102059,-65973097
2885,31710578000,-952946271,-71958697
2886,31711171000,-954783930,-77930017
2887,31711764000,-956631359,-83903566
2888,31712356000,-958437078,-89897329
2889,31712949000,-960211502,-95862034
2890,31713542000,-962016438,-101820716
2891,31714134000,-963779295,-107804216
2892,31714727000,-965523595,-113758777
2893,31715319000,-967248676,-119718645
2894,31715912000,-968974645,-125673756
2895,31716505000,-970709072,-131595627
2896,31717097000,-972416976,-137563881
2897,31717690000,-974092533,-143500123
2898,31718283000,-975780266,-149435970
2899,31718875000,-977409619,-155372549
2900,31719468000,-979069439,-161313050
2901,31720061000,-980695524,-167245847
2902,31720653000,-982320571,-173155179
2903,31721246000,-983923925,-179071902
2904,31721838000,-985548194,-184980747
2905,31722431000,-987098705,-190897603
2906,31723024000,-988650694,-196799993
2907,31723616000,-990225587,-202679708
2908,31724209000,-991724342,-208550298
2909,31724802000,-993257593,-214398612
2910,31725394000,-994810614,-220314429
2911,31725987000,-996269627,-226158014
2912,31726580000,-997787880,-232033478
2913,31727172000,-999229018,-237819694
2914,31727765000,-1000697762,-243707479
2915,31728358000,-1002166295,-249575483
2916,31728950000,-1003602456,-255376607
2917,31729543000,-1004996780,-261186308
2918,31730135000,-1006385760,-267003910
2919,31730728000,-1007787996,-272793102
2920,31731321000,-1009125147,-278584366
2921,31731913000,-1010511328,-284377426
2922,31732506000,-1011873150,-290171918
2923,31733099000,-1013169226,-295922064
2924,31733691000,-1014490846,-301681092
2925,31734284000,-1015786938,-307407630
2926,31734877000,-1017083286,-313141846
2927,31735469000,-1018335851,-318881945
2928,31736062000,-1019639737,-324595969
2929,31736654000,-1020882346,-330345779
2930,31737247000,-1022090490,-336012567
2931,31737840000,-1023310120,-341705792
2932,31738432000,-1024510517,-347386272
2933,31739025000,-1025693755,-353043164
2934,31739618000,-1026860824,-358693152
2935,31740210000,-1028047219,-364354476
2936,31740803000,-1029207594,-370005114
2937,31741396000,-1030335379,-375579616
2938,31741988000,-1031426385,-381228442
2939,31742581000,-1032532418,-386811672
2940,31743174000,-1033633343,-392422467
2941,31743766000,-1034692944,-397975666
2942,31744359000,-1035757409,-403526321
2943,31744951000,-1036788737,-409115498
2944,31745544000,-1037827162,-414629980
2945,31746137000,-1038856849,-420130881
2946,31746729000,-1039876548,-425665714
2947,31747322000,-1040853040,-431154784
2948,31747915000,-1041837834,-436659790
2949,31748507000,-1042754200,-442077224
2950,31749100000,-1043742959,-447576046
2951,31749693000,-1044633543,-453017305
2952,31750285000,-1045582753,-458418082
2953,31750878000,-1046485765,-463830117
2954,31751470000,-1047395904,-469236629
2955,31752063000,-1048233517,-474631012
2956,31752656000,-1049085217,-479981675
2957,31753248000,-1049952548,-485364589
2958,31753841000,-1050766122,-490668194
2959,31754434000,-1051594934,-496012672
2960,31755026000,-1052366385,-501323989
2961,31755619000,-1053182373,-506608051
2962,31756212000,-1053932627,-511890355
2963,31756804000,-1054717000,-517163228
2964,31757397000,-1055433843,-522377972
2965,31757990000,-1056178006,-527642586
2966,31758582000,-1056889135,-532858755
2967,31759175000,-1057594713,-538031091
2968,31759767000,-1058256279,-543208382
2969,31760360000,-1058907009,-548366661
2970,31760953000,-1059579455,-553514182
2971,31761545000,-1060233311,-558639440
2972,31762138000,-1060857527,-563783014
2973,31762731000,-1061442550,-568851392
2974,31763323000,-1062060057,-573930688
2975,31763916000,-1062646046,-578987605
2976,31764509000,-1063213721,-584045755
2977,31765101000,-1063752044,-589053305
2978,31765694000,-1064275757,-594065573
2979,31766286000,-1064830516,-599047264
2980,31766879000,-1065302595,-604006631
2981,31767472000,-1065813260,-608962567
2982,31768064000,-1066298068,-613864937
2983,31768657000,-1066768505,-618816788
2984,31769250000,-1067198030,-623679751
2985,31769842000,-1067656886,-628557621
2986,31770435000,-1068048740,-633408494
2987,31771028000,-1068443164,-638234035
2988,31771620000,-1068848265,-643033197
2989,31772213000,-1069225831,-647824519
2990,31772806000,-1069578967,-652602567
2991,31773398000,-1069908494,-657357171
2992,31773991000,-1070261986,-662070205
2993,31774583000,-1070571408,-666777301
2994,31775176000,-1070859558,-671461319
2995,31775769000,-1071168740,-676167817
2996,31776361000,-1071423704,-680757194
2997,31776954000,-1071657009,-685393572
2998,31777547000,-1071890835,-690021769
2999,31778139000,-1072156195,-694596496
3000,31778732000,-1072334208,-699137914
3001,31779325000,-1072544538,-703705369
3002,31779917000,-1072707307,-708214091
3003,31780510000,-1072858031,-712721348
3004,31781102000,-1073052628,-717190300
3005,31781695000,-1073158074,-721649390
3006,31782288000,-1073289199,-726037570
3007,31782880000,-1073417092,-730483280
3008,31783473000,-1073499135,-734842608
3009,31784066000,-1073564301,-739203593
3010,31784658000,-1073623983,-743546192
3011,31785251000,-1073668456,-747856074
3012,31785844000,-1073709894,-752159394
3013,31786436000,-1073751580,-756442446
3014,31787029000,-1073736447,-760678104
3015,31787622000,-1073741515,-764897776
3016,31788214000,-1073684860,-769063637
3017,31788807000,-1073637903,-773225743
3018,31789399000,-1073602992,-777395936
3019,31789992000,-1073528069,-781511413
3020,31790585000,-1073467491,-785628847
3021,31791177000,-1073350505,-789676010
3022,31791770000,-1073212694,-793747072
3023,31792363000,-1073095315,-797771704
3024,31792955000,-1072955410,-801759850
3025,31793548000,-1072792595,-805742560
3026,31794141000,-1072614100,-809695580
3027,31794733000,-1072425838,-813600284
3028,31795326000,-1072211519,-817530485
3029,31795918000,-1072006667,-821371412
3030,31796511000,-1071755321,-825245386
3031,31797104000,-1071518428,-829051979
3032,31797696000,-1071224632,-832850030
3033,31798289000,-1070947240,-836611373
3034,31798882000,-1070682501,-840357500
3035,31799474000,-1070368485,-844087227
3036,31800067000,-1070041391,-847774148
3037,31800660000,-1069697657,-851446626
3038,31801252000,-1069339647,-855081673
3039,31801845000,-1068964724,-858692701
3040,31802438000,-1068613504,-862280877
3041,31803030000,-1068206003,-865867959
3042,31803623000,-1067768697,-869355038
3043,31804215000,-1067363561,-872871200
3044,31804808000,-1066909616,-876350869
3045,31805401000,-1066455865,-879819542
3046,31805993000,-1065986355,-883232507
3047,31806586000,-1065488189,-886626676
3048,31807179000,-1064967314,-889984131
3049,31807771000,-1064470990,-893344111
3050,31808364000,-1063946955,-896649849
3051,31808957000,-1063399030,-899938935
3052,31809549000,-1062835218,-903200264
3053,31810142000,-1062266107,-906407137
3054,31810734000,-1061648423,-909610863
3055,31811327000,-1061058443,-912801874
3056,31811920000,-1060469762,-915919024
3057,31812512000,-1059804803,-919042128
3058,31813105000,-1059167788,-922101160
3059,31813698000,-1058533406,-925204731
3060,31814290000,-1057810020,-928223447
3061,31814883000,-1057122458,-931223075
3062,31815476000,-1056416801,-934187618
3063,31816068000,-1055707893,-937153888
3064,31816661000,-1054972773,-940008066
3065,31817254000,-1054181239,-942911499
3066,31817846000,-1053453853,-945739608
3067,31818439000,-1052640141,-948579130
3068,31819031000,-1051853455,-951386647
3069,31819624000,-1051052050,-954123439
3070,31820217000,-1050231998,-956878016
3071,31820809000,-1049380925,-959578449
3072,31821402000,-1048559291,-962270576
3073,31821995000,-1047664588,-964903221
3074,31822587000,-1046780083,-967529412
3075,31823180000,-1045889434,-970111374
3076,31823773000,-1044974776,-972659213
3077,31824365000,-1044054180,-975208866
3078,31824958000,-1043113322,-977693386
3079,31825550000,-1042182656,-980167300
3080,31826143000,-1041202939,-982603474
3081,31826736000,-1040193118,-984974846
3082,31827328000,-1039193596,-987341883
3083,31827921000,-1038203340,-989705608
3084,31828514000,-1037170902,-991997645
3085,31829106000,-1036126962,-994284389
3086,31829699000,-1035059865,-996517894
3087,31830292000,-1033997684,-998760364
3088,31830884000,-1032929154,-1000926263
3089,31831477000,-1031824611,-1003099006
3090,31832070000,-1030696594,-1005224011
3091,31832662000,-1029613247,-1007313081
3092,31833255000,-1028441364,-1009367785
3093,31833847000,-1027298811,-1011385689
3094,31834440000,-1026104779,-1013372287
3095,31835033000,-1024947170,-1015374120
3096,31835625000,-1023715721,-1017291603
3097,31836218000,-1022514913,-1019184311
3098,31836811000,-1021300927,-1021064465
3099,31837403000,-1020049955,-1022901119
3100,31837996000,-1018781965,-1024729891
3101,31838589000,-1017565996,-1026480477
3102,31839181000,-1016270135,-1028250478
3103,31839774000,-1014950794,-1029957856
3104,31840366000,-1013641355,-1031636386
3105,31840959000,-1012302566,-1033252982
3106,31841552000,-1010970964,-1034900324
3107,31842144000,-1009625883,-1036480106
3108,31842737000,-1008245960,-1038020775
3109,31843330000,-1006851476,-1039520061
3110,31843922000,-1005468928,-1041025475
3111,31844515000,-1004067142,-1042482896
3112,31845108000,-1002610488,-1043898296
3113,31845700000,-1001190628,-1045310278
3114,31846293000,-999744564,-1046652382
3115,31846886000,-998290992,-1047971597
3116,31847478000,-996800542,-1049253504
3117,31848071000,-995308708,-1050504304
3118,31848663000,-993803390,-1051731631
3119,31849256000,-992270226,-1052946294
3120,31849849000,-990749706,-1054075454
3121,31850441000,-989196868,-1055218107
3122,31851034000,-987657172,-1056306285
3123,31851627000,-986111334,-1057379254
3124,31852219000,-984468851,-1058385225
3125,31852812000,-982887593,-1059368339
3126,31853405000,-981254091,-1060333563
3127,31853997000,-979640492,-1061278425
3128,31854590000,-978000493,-1062143023
3129,31855182000,-976360508,-1063034857
3130,31855775000,-974689098,-1063866626
3131,31856368000,-972966765,-1064644649
3132,31856960000,-971282655,-1065413115
3133,31857553000,-969596879,-1066169660
3134,31858146000,-967844694,-1066832250
3135,31858738000,-966090418,-1067499724
3136,31859331000,-964370160,-1068126786
3137,31859924000,-962623387,-1068768021
3138,31860516000,-960836975,-1069311023
3139,31861109000,-959032282,-1069825905
3140,31861702000,-957235163,-1070334434
3141,31862294000,-955441061,-1070788393
3142,31862887000,-953580161,-1071226573
3143,31863479000,-951760890,-1071640578
3144,31864072000,-949887491,-1071993997
3145,31864665000,-948018982,-1072311013
3146,31865257000,-946142238,-1072626457
3147,31865850000,-944245466,-1072872925
3148,31866443000,-942317861,-1073092701
3149,31867035000,-940397241,-1073313328
3150,31867628000,-938473116,-1073448572
3151,31868221000,-936509760,-1073592804
3152,31868813000,-934552447,-1073681617
3153,31869406000,-932599906,-1073748713
3154,31869998000,-930590502,-1073792445
3155,31870591000,-928589275,-1073759310
3156,31871184000,-926587422,-1073730778
3157,31871776000,-924549196,-1073646509
3158,31872369000,-922534036,-1073549132
3159,31872962000,-920477031,-1073425961
3160,31873554000,-918383545,-1073219646
3161,31874147000,-916346671,-1073040002
3162,31874740000,-914238105,-1072803919
3163,31875332000,-912130948,-1072510392
3164,31875925000,-910026478,-1072199026
3165,31876518000,-907940684,-1071897630
3166,31877110000,-905750560,-1071500330
3167,31877703000,-903598087,-1071083009
3168,31878295000,-901434377,-1070667129
3169,31878888000,-899257730,-1070173799
3170,31879481000,-897072794,-1069688240
3171,31880073000,-894843770,-1069149385
3172,31880666000,-892644452,-1068551542
3173,31881259000,-890407253,-1067933041
3174,31881851000,-888193433,-1067337885
3175,31882444000,-885929154,-1066660748
3176,31883037000,-883658698,-1065943750
3177,31883629000,-881422281,-1065219422
3178,31884222000,-879124683,-1064410168
3179,31884814000,-876802052,-1063647224
3180,31885407000,-874524369,-1062834663
3181,31886000000,-872168502,-1061928706
3182,31886592000,-869837455,-1061013761
3183,31887185000,-867487240,-1060093938
3184,31887778000,-865122927,-1059126707
3185,31888370000,-862759119,-1058105537
3186,31888963000,-860378400,-1057084620
3187,31889556000,-857957297,-1055995108
3188,31890148000,-855539864,-1054904508
3189,31890741000,-853148366,-1053762257
3190,31891334000,-850707242,-1052574310
3191,31891926000,-848277649,-1051404873
3192,31892519000,-845797980,-1050139527
3193,31893111000,-843341036,-1048880025
3194,31893704000,-840859438,-1047613101
3195,31894297000,-838354536,-1046238670
3196,31894889000,-835872175,-1044888349
3197,31895482000,-833325832,-1043493423
3198,31896075000,-830840454,-1042079810
3199,31896667000,-828277446,-1040590905
3200,31897260000,-825769609,-1039113151
3201,31897853000,-823183794,-1037565828
3202,31898445000,-820582958,-1036012315
3203,31899038000,-818030412,-1034424664
3204,31899630000,-815427028,-1032783789
3205,31900223000,-812808671,-1031142506
3206,31900816000,-810200210,-1029446574
3207,31901408000,-807601387,-1027748709
3208,31902001000,-804928064,-1025956539
3209,31902594000,-802295930,-1024196109
3210,31903186000,-799613432,-1022375687
3211,31903779000,-796930033,-1020523332
3212,31904372000,-794271633,-1018673146
3213,31904964000,-791561100,-1016720834
3214,31905557000,-788882582,-1014821871
3215,31906150000,-786188463,-1012846025
3216,31906742000,-783418581,-1010819151
3217,31907335000,-780689757,-1008796551
3218,31907927000,-777937857,-1006707461
3219,31908520000,-775179186,-1004630224
3220,31909113000,-772414158,-1002489472
3221,31909705000,-769632359,-1000322001
3222,31910298000,-766856374,-998136351
3223,31910891000,-764037276,-995899618
3224,31911483000,-761235718,-993624965
3225,31912076000,-758409337,-991356250
3226,31912669000,-755602287,-989052735
3227,31913261000,-752715799,-986657570
3228,31913854000,-749854270,-984285333
3229,31914446000,-747005254,-981878090
3230,31915039000,-744116989,-979440801
3231,31915632000,-741248985,-976992233
3232,31916224000,-738344595,-974453227
3233,31916817000,-735444381,-971954410
3234,31917410000,-732518593,-969368555
3235,31918002000,-729601618,-966778319
3236,31918595000,-726669374,-964160960
3237,31919188000,-723703808,-961516096
3238,31919780000,-720729674,-958811205
3239,31920373000,-717785169,-956120890
3240,31920966000,-714829933,-953373786
3241,31921558000,-711815370,-950600176
3242,31922151000,-708845901,-947798450
3243,31922743000,-705831583,-944961290
3244,31923336000,-702803407,-942093018
3245,31923929000,-699771976,-939188123
3246,31924521000,-696751087,-936284442
3247,31925114000,-693711615,-933361040
3248,31925707000,-690637403,-930371309
3249,31926299000,-687560188,-927365144
3250,31926892000,-684506680,-924313854
3251,31927485000,-681414103,-921259175
3252,31928077000,-678333868,-918166215
3253,31928670000,-675229430,-915044197
3254,31929262000,-672105918,-911891801
3255,31929855000,-668992567,-908730272
3256,31930448000,-665843330,-905503222
3257,31931040000,-662718969,-902257191
3258,31931633000,-659577016,-899002082
3259,31932226000,-656403046,-895686939
3260,31932818000,-653232419,-892376587
3261,31933411000,-650068038,-889036464
3262,31934004000,-646884746,-885654679
3263,31934596000,-643671666,-882238390
3264,31935189000,-640482372,-878855494
3265,31935782000,-637270108,-875363766
3266,31936374000,-634054069,-871841699
3267,31936967000,-630859593,-868373624
3268,31937559000,-627586744,-864846828
3269,31938152000,-624322256,-861255260
3270,31938745000,-621087778,-857673974
3271,31939337000,-617842654,-854047726
3272,31939930000,-614557380,-850431291
3273,31940523000,-611251509,-846719732
3274,31941115000,-607967039,-843031223
3275,31941708000,-604676198,-839272004
3276,31942301000,-601357731,-835546270
3277,31942893000,-598071928,-831795798
3278,31943486000,-594722524,-827979276
3279,31944078000,-591392303,-824131514
3280,31944671000,-588065292,-820282570
3281,31945264000,-584715045,-816428560
3282,31945856000,-581364103,-812495684
3283,31946449000,-577993447,-808575595
3284,31947042000,-574613270,-804600098
3285,31947634000,-571236502,-800616431
3286,31948227000,-567863276,-796626238
3287,31948820000,-564459226,-792593072
3288,31949412000,-561039184,-788543585
3289,31950005000,-557660635,-784478722
3290,31950598000,-554254196,-780364944
3291,31951190000,-550800841,-776218022
3292,31951783000,-547384131,-772054571
3293,31952375000,-543944082,-767894628
3294,31952968000,-540495495,-763708911
3295,31953561000,-537033428,-759462952
3296,31954153000,-533558158,-755206831
3297,31954746000,-530081491,-750928536
3298,31955339000,-526590030,-746611451
3299,31955931000,-523109475,-742280711
3300,31956524000,-519627232,-737978125
3301,31957117000,-516121688,-733607206
3302,31957709000,-512639230,-729212028
3303,31958302000,-509102688,-724824435
3304,31958894000,-505580036,-720366741
3305,31959487000,-502058601,-715913697
3306,31960080000,-498533124,-711452198
3307,31960672000,-494965456,-706938357
3308,31961265000,-491412819,-702453059
3309,31961858000,-487883309,-697885852
3310,31962450000,-484312746,-693301665
3311,31963043000,-480708294,-688706967
3312,31963636000,-477165053,-684119927
3313,31964228000,-473552277,-679490414
3314,31964821000,-469985670,-674831763
3315,31965414000,-466402490,-670140270
3316,31966006000,-462790424,-665476401
3317,31966599000,-459187203,-660757057
3318,31967191000,-455546604,-655998651
3319,31967784000,-451947680,-651261853
3320,31968377000,-448299794,-646476664
3321,31968969000,-444672568,-641669471
3322,31969562000,-441025776,-636853367
3323,31970155000,-437384243,-632040511
3324,31970747000,-433718273,-627160851
3325,31971340000,-430097105,-622300967
3326,31971933000,-426386621,-617371558
3327,31972525000,-422744468,-612508305
3328,31973118000,-419079983,-607559375
3329,31973710000,-415364109,-602592640
3330,31974303000,-411685656,-597598061
3331,31974896000,-407997342,-592629361
3332,31975488000,-404287578,-587616342
3333,31976081000,-400562427,-582580961
3334,31976674000,-396880025,-577537821
3335,31977266000,-393160400,-572512400
3336,31977859000,-389437007,-567401211
3337,31978452000,-385718314,-562309070
3338,31979044000,-382017161,-557228011
3339,31979637000,-378242387,-552046776
3340,31980230000,-374534170,-546948336
3341,31980822000,-370785362,-541769275
3342,31981415000,-367018069,-536567878
3343,31982007000,-363225465,-531349576
3344,31982600000,-359476141,-526152331
3345,31983193000,-355746013,-520930617
3346,31983785000,-351939861,-515683438
3347,31984378000,-348169911,-510401706
3348,31984971000,-344389885,-505121258
3349,31985563000,-340597358,-499825695
3350,31986156000,-336818436,-494511323
3351,31986749000,-333037655,-489189338
3352,31987341000,-329211681,-483841780
3353,31987934000,-325400876,-478482969
3354,31988526000,-321577956,-473102074
3355,31989119000,-317739607,-467717228
3356,31989712000,-313959779,-462324233
3357,31990304000,-310127433,-456898918
3358,31990897000,-306291622,-451444026
3359,31991490000,-302441659,-446010047
3360,31992082000,-298639655,-440550124
3361,31992675000,-294811056,-435085206
3362,31993268000,-290916534,-429556403
3363,31993860000,-287112146,-424086081
3364,31994453000,-283257371,-418573163
3365,31995046000,-279371075,-413047952
3366,31995638000,-275533227,-407529910
3367,31996231000,-271695224,-401979674
3368,31996823000,-267800318,-396383387
3369,31997416000,-263959374,-390823234
3370,31998009000,-260044983,-385236640
3371,31998601000,-256165987,-379611049
3372,31999194000,-252272363,-373974803
3373,31999787000,-248409757,-368389875
3374,32000379000,-244521794,-362752648
3375,32000972000,-240619924,-357088084
3376,32001565000,-236736560,-351454532
3377,32002157000,-232822820,-345761378
3378,32002750000,-228902966,-340084871
3379,32003342000,-224993950,-334392180
3380,32003935000,-221103176,-328693847
3381,32004528000,-217192742,-322975667
3382,32005120000,-213274882,-317259438
3383,32005713000,-209362436,-311527426
3384,32006306000,-205441192,-305785923
3385,32006898000,-201549080,-300080523
3386,32007491000,-197576768,-294259866
3387,32008084000,-193669156,-288515452
3388,32008676000,-189723479,-282731467
3389,32009269000,-185800052,-276938443
3390,32009862000,-181816976,-271161395
3391,32010454000,-177920309,-265354327
3392,32011047000,-173988965,-259545638
3393,32011639000,-170037234,-253711185
3394,32012232000,-166090475,-247905092
3395,32012825000,-162126864,-242050127
3396,32013417000,-158167906,-236204781
3397,32014010000,-154235674,-230348678
3398,32014603000,-150264831,-224481209
3399,32015195000,-146307140,-218640809
3400,32015788000,-142353499,-212733013
3401,32016381000,-138381406,-206859220
3402,32016973000,-134455901,-200993497
3403,32017566000,-130461087,-195085587
3404,32018158000,-126508772,-189194314
3405,32018751000,-122525179,-183293746
3406,32019344000,-118535806,-177377555
3407,32019936000,-114585934,-171464964
3408,32020529000,-110621903,-165571120
3409,32021122000,-106649541,-159633093
3410,32021714000,-102653950,-153684789
3411,32022307000,-98701310,-147775905
3412,32022900000,-94716332,-141804986
3413,32023492000,-90715742,-135881317
3414,32024085000,-86748797,-129942793
3415,32024678000,-82747712,-123976318
3416,32025270000,-78759080,-118033138
3417,32025863000,-74772746,-112059429
3418,32026455000,-70798786,-106116585
3419,32027048000,-66820685,-100138575
3420,32027641000,-62824008,-94157034
3421,32028233000,-58801015,-88168978
3422,32028826000,-54841861,-82236616
3423,32029419000,-50828340,-76221683
3424,32030011000,-46848300,-70262034
3425,32030604000,-42860396,-64294973
3426,32031197000,-38884110,-58287398
3427,32031789000,-34862308,-52311038
3428,32032382000,-30862590,-46334140
3429,32032974000,-26878276,-40304788
3430,32033567000,-22880690,-34360736
3431,32034160000,-18859138,-28286445
3432,32034752000,-14913499,-22363060
3433,32035345000,-10892159,-16351611
3434,32035938000,-6888648,-10338608
3435,32036530000,-2941757,-4359893
3436,32037123000,1090869,1615304
3437,32037716000,5066357,7641356
3438,32038308000,9091229,13634383
3439,32038901000,13058444,19591155
3440,32039494000,17091040,25612875
3441,32040086000,21075891,31600134
3442,32040679000,25072031,37602752
3443,32041271000,29066562,43595629
3444,32041864000,33032109,49571638
3445,32042457000,37054586,55557109
3446,32043049000,41030398,61552896
3447,32043642000,45015143,67528369
3448,32044235000,49049366,73511945
3449,32044827000,53029242,79494241
3450,32045420000,57004073,85473556
3451,32046013000,60976195,91417278
3452,32046605000,64998515,97431294
3453,32047198000,68952299,103344524
3454,32047790000,72970675,109333400
3455,32048383000,76963410,115318781
3456,32048976000,80941213,121257671
3457,32049568000,84911412,127202106
3458,32050161000,88904605,133157785
3459,32050754000,92886721,139129417
3460,32051346000,96872451,145058775
3461,32051939000,100828832,150976629
3462,32052532000,104827646,156922518
3463,32053124000,108774018,162817744
3464,32053717000,112768619,168779689
3465,32054310000,116746577,174687229
3466,32054902000,120681296,180573088
3467,32055495000,124708926,186527159
3468,32056087000,128662942,192427764
3469,32056680000,132643475,198314279
3470,32057273000,136578103,204219333
3471,32057865000,140554957,210083267
3472,32058458000,144502969,215957637
3473,32059051000,148474934,221849290
3474,32059643000,152415700,227678480
3475,32060236000,156392575,233533150
3476,32060829000,160320373,239370354
3477,32061421000,164270870,245206183
3478,32062014000,168255527,251073010
3479,32062606000,172174112,256872140
3480,32063199000,176139312,262710703
3481,32063792000,180044207,268508962
3482,32064384000,183992817,274332383
3483,32064977000,187973476,280113595
3484,32065570000,191886043,285888620
3485,32066162000,195823710,291675411
3486,32066755000,199750443,297410798
3487,32067348000,203651731,303186718
3488,32067940000,207582676,308912115
3489,32068533000,211489586,314642038
3490,32069126000,215403115,320392781
3491,32069718000,219314202,326065643
3492,32070311000,223228539,331814099
3493,32070903000,227131900,337471113
3494,32071496000,231061820,343184355
3495,32072089000,234960555,348843602
3496,32072681000,238829115,354514205
3497,32073274000,242746763,360166410
3498,32073867000,246627467,365816242
3499,32074459000,250513865,371438297
3500,32075052000,254397017,377052316
3501,32075645000,258290802,382672317
3502,32076237000,262150512,388277829
3503,32076830000,266012625,393832825
3504,32077422000,269893082,399404594
3505,32078015000,273760545,404969813
3506,32078608000,277644430,410532454
3507,32079200000,281483567,416047230
3508,32079793000,285344457,421564506
3509,32080386000,289205066,427127242
3510,32080978000,293061356,432586814
3511,32081571000,296888112,438058446
3512,32082164000,300718436,443549323
3513,32082756000,304531867,448973878
3514,32083349000,308365389,454405784
3515,32083942000,312211588,459815080
3516,32084534000,316068542,465275071
3517,32085127000,319806946,470639122
3518,32085719000,323632366,476021863
3519,32086312000,327488888,481376187
3520,32086905000,331270636,486748608
3521,32087497000,335078979,492075938
3522,32088090000,338869616,497414967
3523,32088683000,342701832,502698003
3524,32089275000,346440067,507975454
3525,32089868000,350208437,513252722
3526,32090461000,353994146,518517122
3527,32091053000,357767427,523739150
3528,32091646000,361543084,528998922
3529,32092238000,365310700,534215973
3530,32092831000,369024233,539373360
3531,32093424000,372793577,544559593
3532,32094016000,376547942,549730733
3533,32094609000,380287265,554846032
3534,32095202000,384036178,559997874
3535,32095794000,387758096,565114110
3536,32096387000,391496202,570203854
3537,32096980000,395198067,575266516
3538,32097572000,398909829,580299399
3539,32098165000,402613396,585366916
3540,32098758000,406324803,590366993
3541,32099350000,409990514,595337605
3542,32099943000,413690948,600342054
3543,32100535000,417410606,605316442
3544,32101128000,421088933,610249957
3545,32101721000,424741525,615178480
3546,32102313000,428412895,620068898
3547,32102906000,432063445,624965934
3548,32103499000,435727948,629813618
3549,32104091000,439348374,634636696
3550,32104684000,443040840,639474452
3551,32105277000,446633921,644274311
3552,32105869000,450266517,649071725
3553,32106462000,453920506,653880321
3554,32107054000,457546301,658586089
3555,32107647000,461153025,663282860
3556,32108240000,464742697,668021104
3557,32108832000,468348759,672703312
3558,32109425000,471933611,677334847
3559,32110018000,475539112,682004442
3560,32110610000,479109770,686630088
3561,32111203000,482641218,691215466
3562,32111796000,486218308,695758776
3563,32112388000,489791428,700324765
3564,32112981000,493364015,704889381
3565,32113574000,496918823,709407445
3566,32114166000,500441119,713872336
3567,32114759000,503961885,718339436
3568,32115351000,507471578,722782985
3569,32115944000,511009213,727216629
3570,32116537000,514532617,731633686
3571,32117129000,518020954,735988851
3572,32117722000,521517203,740338478
3573,32118315000,525027889,744687664
3574,32118907000,528479649,748968436
3575,32119500000,531966866,753261484
3576,32120093000,535420400,757517683
3577,32120685000,538874671,761714537
3578,32121278000,542343663,765991138
3579,32121870000,545785242,770132261
3580,32122463000,549239452,774325764
3581,32123056000,552656650,778454124
3582,32123648000,556093134,782562810
3583,32124241000,559529212,786694974
3584,32124834000,562909959,790748780
3585,32125426000,566337107,794784728
3586,32126019000,569708225,798803949
3587,32126612000,573068488,802794443
3588,32127204000,576443918,806767039
3589,32127797000,579844284,810710159
3590,32128390000,583218877,814631339
3591,32128982000,586533878,818526726
3592,32129575000,589881388,822405529
3593,32130167000,593196401,826217023
3594,32130760000,596549011,830024320
3595,32131353000,599866724,833834149
3596,32131945000,603171526,837589153
3597,32132538000,606505162,841356272
3598,32133131000,609774568,845048476
3599,32133723000,613061845,848743666
3600,32134316000,616328649,852416201
3601,32134909000,619610135,856018933
3602,32135501000,622848536,859635017
3603,32136094000,626113544,863222960
3604,32136686000,629363103,866777323
3605,32137279000,632577872,870284243
3606,32137872000,635802196,873808346
3607,32138464000,639017010,877243862
3608,32139057000,642230174,880721773
3609,32139650000,645419846,884126313
3610,32140242000,648638032,887510907
3611,32140835000,651798382,890886929
3612,32141428000,654957795,894187877
3613,32142020000,658093638,897476303
3614,32142613000,661280267,900784192
3615,32143206000,664415157,904009074
3616,32143798000,667575282,907247093
3617,32144391000,670668459,910420196
3618,32144983000,673826822,913632530
3619,32145576000,676907649,916729399
3620,32146169000,680009112,919853560
3621,32146761000,683098067,922907569
3622,32147354000,686202430,925970253
3623,32147947000,689230556,928994337
3624,32148539000,692289446,931963855
3625,32149132000,695367892,934951567
3626,32149725000,698394042,937866075
3627,32150317000,701441661,940808901
3628,32150910000,704448445,943676633
3629,32151502000,707447105,946477346
3630,32152095000,710425531,949295283
3631,32152688000,713456886,952129500
3632,32153280000,716431806,954854189
3633,32153873000,719399290,957592004
3634,32154466000,722380934,960306044
3635,32155058000,725318214,962932417
3636,32155651000,728270344,965598657
3637,32156244000,731172810,968216891
3638,32156836000,734101857,970786098
3639,32157429000,737024771,973323689
3640,32158022000,739910059,975840291
3641,32158614000,742779129,978345348
3642,32159207000,745715366,980785793
3643,32159799000,748569203,983228123
3644,32160392000,751412322,985594968
3645,32160985000,754266861,987979828
3646,32161577000,757087901,990302546
3647,32162170000,759940861,992581529
3648,32162763000,762738682,994869684
3649,32163355000,765574087,997102851
3650,32163948000,768372940,999309781
3651,32164541000,771157521,1001520975
3652,32165133000,773915092,1003634389
3653,32165726000,776700706,1005766418
3654,32166318000,779415128,1007833756
3655,32166911000,782174218,1009888374
3656,32167504000,784896505,1011899784
3657,32168096000,787642328,1013898306
3658,32168689000,790318661,1015846503
3659,32169282000,793039392,1017787291
3660,32169874000,795761774,1019681508
3661,32170467000,798427527,1021552452
3662,32171060000,801071302,1023366924
3663,32171652000,803743604,1025199820
3664,32172245000,806392817,1026946201
3665,32172838000,808999804,1028664664
3666,32173430000,811648508,1030368072
3667,32174023000,814241012,1032029863
3668,32174615000,816830573,1033669545
3669,32175208000,819465531,1035309798
3670,32175801000,822007139,1036876273
3671,32176393000,824537430,1038400471
3672,32176986000,827138668,1039937127
3673,32177579000,829652987,1041390077
3674,32178171000,832191161,1042843112
3675,32178764000,834713383,1044256348
3676,32179357000,837214290,1045637002
3677,32179949000,839711943,1046979782
3678,32180542000,842205500,1048306976
3679,32181134000,844682368,1049590330
3680,32181727000,847138854,1050812932
3681,32182320000,849586326,1052063258
3682,32182912000,852030693,1053236641
3683,32183505000,854453744,1054381365
3684,32184098000,856895827,1055504052
3685,32184690000,859257520,1056565683
3686,32185283000,861668382,1057630588
3687,32185876000,864051706,1058662708
3688,32186468000,866425446,1059664200
3689,32187061000,868795138,1060607007
3690,32187654000,871114381,1061530819
3691,32188246000,873434852,1062397803
3692,32188839000,875762065,1063255912
3693,32189431000,878067860,1064081737
3694,32190024000,880346777,1064854768
3695,32190617000,882650918,1065628425
3696,32191209000,884919944,1066335696
3697,32191802000,887195280,1067017279
3698,32192395000,889426624,1067685487
3699,32192987000,891613721,1068271817
3700,32193580000,893849335,1068894040
3701,32194173000,896039655,1069424674
3702,32194765000,898286380,1069970452
3703,32195358000,900451744,1070452775
3704,32195950000,902611335,1070913549
3705,32196543000,904785980,1071316116
3706,32197136000,906904939,1071703830
3707,32197728000,909033923,1072055384
3708,32198321000,911199485,1072400995
3709,32198914000,913295894,1072680927
3710,32199506000,915363024,1072929358
3711,32200099000,917467592,1073163781
3712,32200692000,919512346,1073340079
3713,32201284000,921572937,1073504568
3714,32201877000,923631352,1073591125
3715,32202470000,925652329,1073694271
3716,32203062000,927668309,1073747508
3717,32203655000,929689778,1073772920
3718,32204247000,931676789,1073761416
3719,32204840000,933667474,1073728262
3720,32205433000,935640000,1073634165
3721,32206025000,937593728,1073511328
3722,32206618000,939511929,1073363008
3723,32207211000,941457638,1073208763
3724,32207803000,943399159,1072977061
3725,32208396000,945245738,1072740833
3726,32208989000,947158722,1072444016
3727,32209581000,949056408,1072136907
3728,32210174000,950894022,1071798637
3729,32210766000,952766141,1071423763
3730,32211359000,954584208,1070978803
3731,32211952000,956412054,1070552419
3732,32212544000,958245110,1070057221
3733,32213137000,960011746,1069538849
3734,32213730000,961821159,1068994524
3735,32214322000,963535046,1068406321
3736,32214915000,965320938,1067804961
3737,32215508000,967069900,1067141058
3738,32216100000,968772699,1066472040
3739,32216693000,970491932,1065735525
3740,32217286000,972214195,1065003240
3741,32217878000,973906959,1064238392
3742,32218471000,975569779,1063405385
3743,32219063000,977227528,1062555692
3744,32219656000,978908208,1061683516
3745,32220249000,980529125,1060789151
3746,32220841000,982153409,1059851439
3747,32221434000,983753288,1058862581
3748,32222027000,985360726,1057858321
3749,32222619000,986908838,1056781895
3750,32223212000,988508396,1055710130
3751,32223805000,990041535,1054585108
3752,32224397000,991564714,1053436669
3753,32224990000,993102116,1052265896
3754,32225582000,994644433,1051053630
3755,32226175000,996129770,1049835744
3756,32226768000,997610005,1048533149
3757,32227360000,999080328,1047258912
3758,32227953000,1000528512,1045900034
3759,32228546000,1002013717,1044527070
3760,32229138000,1003424269,1043140761
3761,32229731000,1004854631,1041670379
3762,32230324000,1006227108,1040228363
3763,32230916000,1007604372,1038707361
3764,32231509000,1008992753,1037170659
3765,32232102000,1010364473,1035622585
3766,32232694000,1011719289,1034028642
3767,32233287000,1013000803,1032375094
3768,32233879000,1014343094,1030715858
3769,32234472000,1015675415,1029007239
3770,32235065000,1016970902,1027309912
3771,32235657000,1018226340,1025533371
3772,32236250000,1019463807,1023721612
3773,32236843000,1020718944,1021905822
3774,32237435000,1021950098,1020059166
3775,32238028000,1023185336,1018175066
3776,32238621000,1024364556,1016229481
3777,32239213000,1025563602,1014293985
3778,32239806000,1026742400,1012282091
3779,32240398000,1027935831,1010295211
3780,32240991000,1029046725,1008266708
3781,32241584000,1030178578,1006168615
3782,32242176000,1031334021,1004068670
3783,32242769000,1032417319,1001923009
3784,32243362000,1033513066,999748284
3785,32243954000,1034621759,997589039
3786,32244547000,1035661888,995332476
3787,32245140000,1036672107,993022951
3788,32245732000,1037723787,990745198
3789,32246325000,1038744034,988429013
3790,32246918000,1039755881,986053596
3791,32247510000,1040781282,983689319
3792,32248103000,1041718548,981273775
3793,32248695000,1042658988,978788702
3794,32249288000,1043629763,976316493
3795,32249881000,1044552454,973814898
3796,32250473000,1045515553,971259176
3797,32251066000,1046377003,968711693
3798,32251659000,1047279117,966120970
3799,32252251000,1048150497,963480042
3800,32252844000,1048997788,960791627
3801,32253437000,1049877778,958132841
3802,32254029000,1050686724,955399668
3803,32254622000,1051498832,952661599
3804,32255214000,1052322595,949873090
3805,32255807000,1053095738,947065843
3806,32256400000,1053860836,944227233
3807,32256992000,1054606551,941356507
3808,32257585000,1055350915,938439313
3809,32258178000,1056113853,935547346
3810,32258770000,1056804386,932579634
3811,32259363000,1057491960,929589641
3812,32259956000,1058205957,926595364
3813,32260548000,1058848509,923517207
3814,32261141000,1059508107,920471056
3815,32261734000,1060135802,917348279
3816,32262326000,1060775227,914227745
3817,32262919000,1061379540,911061452
3818,32263511000,1061981649,907865037
3819,32264104000,1062579125,904663602
3820,32264697000,1063122624,901406141
3821,32265289000,1063699532,898141153
3822,32265882000,1064215031,894857300
3823,32266475000,1064752469,891532358
3824,32267067000,1065273592,888188210
3825,32267660000,1065731063,884771593
3826,32268253000,1066232454,881365639
3827,32268845000,1066672900,877902289
3828,32269438000,1067133067,874452108
3829,32270030000,1067587572,870953140
3830,32270623000,1068016571,867469823
3831,32271216000,1068386746,863887190
3832,32271808000,1068797522,860311486
3833,32272401000,1069187519,856722819
3834,32272994000,1069526165,853093125
3835,32273586000,1069879443,849458512
3836,32274179000,1070224845,845770418
3837,32274772000,1070525148,842063718
3838,32275364000,1070821390,838333971
3839,32275957000,1071111588,834567650
3840,32276550000,1071386014,830786533
3841,32277142000,1071643383,826978732
3842,32277735000,1071896644,823168427
3843,32278327000,1072122765,819256538
3844,32278920000,1072329865,815397545
3845,32279513000,1072535564,811481791
3846,32280105000,1072719950,807539681
3847,32280698000,1072870929,803571440
3848,32281291000,1073020108,799596554
3849,32281883000,1073172068,795583610
3850,32282476000,1073308064,791560867
3851,32283069000,1073415583,787492186
3852,32283661000,1073487185,783400796
3853,32284254000,1073565964,779273536
3854,32284846000,1073634992,775135852
3855,32285439000,1073672470,770965383
3856,32286032000,1073704408,766784466
3857,32286624000,1073739104,762579322
3858,32287217000,1073743396,758342569
3859,32287810000,1073726259,754092411
3860,32288402000,1073707284,749813505
3861,32288995000,1073677987,745515228
3862,32289588000,1073616080,741192326
3863,32290180000,1073530784,736832945
3864,32290773000,1073455446,732450420
3865,32291366000,1073325772,728077078
3866,32291958000,1073243493,723670557
3867,32292551000,1073090146,719198944
3868,32293143000,1072975194,714766029
3869,32293736000,1072801884,710254615
3870,32294329000,1072623853,705761537
3871,32294921000,1072478007,701235938
3872,32295514000,1072241508,696667914
3873,32296107000,1072026679,692133282
3874,32296699000,1071766389,687502341
3875,32297292000,1071564792,682936280
3876,32297885000,1071252500,678248197
3877,32298477000,1070998625,673593636
3878,32299070000,1070675255,668907004
3879,32299662000,1070397827,664247041
3880,32300255000,1070078941,659494087
3881,32300848000,1069728388,654763179
3882,32301440000,1069383995,650041134
3883,32302033000,1069047468,645221210
3884,32302626000,1068630239,640456463
3885,32303218000,1068237981,635636194
3886,32303811000,1067809284,630736296
3887,32304404000,1067376915,625935614
3888,32304996000,1066937593,621016494
3889,32305589000,1066505110,616133132
3890,32306182000,1066049095,611206591
3891,32306774000,1065528693,606225590
3892,32307367000,1065040507,601301506
3893,32307959000,1064517312,596333991
3894,32308552000,1064005129,591322552
3895,32309145000,1063464194,586317726
3896,32309737000,1062898593,581300902
3897,32310330000,1062314771,576224934
3898,32310923000,1061736857,571170468
3899,32311515000,1061138688,566075931
3900,32312108000,1060500203,560972545
3901,32312701000,1059878818,555888088
3902,32313293000,1059229018,550722751
3903,32313886000,1058585547,545581056
3904,32314478000,1057900799,540398036
3905,32315071000,1057201778,535231827
3906,32315664000,1056505812,530006648
3907,32316256000,1055778144,524784662
3908,32316849000,1055045176,519542829
3909,32317442000,1054304198,514288920
3910,32318034000,1053533414,509057302
3911,32318627000,1052734970,503731341
3912,32319220000,1051941045,498426010
3913,32319812000,1051171164,493127676
3914,32320405000,1050319812,487810654
3915,32320998000,1049488546,482462447
3916,32321590000,1048605077,477055516
3917,32322183000,1047735662,471707234
3918,32322775000,1046881874,466319177
3919,32323368000,1045971626,460889947
3920,32323961000,1045068087,455466789
3921,32324553000,1044163128,450035060
3922,32325146000,1043226930,444609300
3923,32325739000,1042264878,439164293
3924,32326331000,1041292103,433659124
3925,32326924000,1040317342,428166432
3926,32327517000,1039302183,422647507
3927,32328109000,1038320761,417139016
3928,32328702000,1037289552,411598436
3929,32329294000,1036234236,406062573
3930,32329887000,1035179416,400475745
3931,32330480000,1034101454,394911764
3932,32331072000,1033041829,389385779
3933,32331665000,1031960992,383780218
3934,32332258000,1030855653,378170751
3935,32332850000,1029729183,372536730
3936,32333443000,1028553385,366925329
3937,32334036000,1027401002,361268075
3938,32334628000,1026265396,355630749
3939,32335221000,1025081040,349976663
3940,32335814000,1023870236,344329149
3941,32336406000,1022660831,338620066
3942,32336999000,1021426942,332905098
3943,32337591000,1020218968,327221048
3944,32338184000,1018937086,321496792
3945,32338777000,1017697407,315772685
3946,32339369000,1016354915,310036953
3947,32339962000,1015078000,304300020
3948,32340555000,1013793085,298575251
3949,32341147000,1012450480,292773793
3950,32341740000,1011131318,287029784
3951,32342333000,1009766450,281235925
3952,32342925000,1008383710,275413447
3953,32343518000,1007020731,269630239
3954,32344110000,1005642165,263864298
3955,32344703000,1004234895,258028810
3956,32345296000,1002795136,252208877
3957,32345888000,1001387126,246373964
3958,32346481000,999904772,240532556
3959,32347074000,998460508,234681231
3960,32347666000,996958097,228806021
3961,32348259000,995484117,222970332
3962,32348852000,993967635,217113544
3963,32349444000,992439155,211227329
3964,32350037000,990927423,205337906
3965,32350630000,989374200,199467964
3966,32351222000,987833138,193543864
3967,32351815000,986249391,187670470
3968,32352407000,984654481,181762973
3969,32353000000,983043221,175821297
3970,32353593000,981468208,169926160
3971,32354185000,979804112,164028597
3972,32354778000,978180848,158066926
3973,32355371000,976547518,152168445
3974,32355963000,974853937,146212624
3975,32356556000,973169976,140294773
3976,32357149000,971467412,134327467
3977,32357741000,969794778,128381893
3978,32358334000,968069962,122440386
3979,32358926000,966275845,116472593
3980,32359519000,964564281,110518967
3981,32360112000,962778917,104571071
3982,32360704000,961016343,98558809
3983,32361297000,959246221,92618334
3984,32361890000,957443619,86674201
3985,32362482000,955629822,80666502
3986,32363075000,953802040,74689373
3987,32363668000,951946994,68708411
3988,32364260000,950077316,62720054
3989,32364853000,948200094,56698424
3990,32365446000,946338884,50747026
3991,32366038000,944433227,44758616
3992,32366631000,942544508,38754767
3993,32367223000,940633883,32757900
3994,32367816000,938656472,26745874
3995,32368409000,936741748,20787672
3996,32369001000,934783123,14765690
3997,32369594000,932786413,8795197
3998,32370187000,930820094,2796178
3999,32370779000,928800683,-3208736
4000,32371372000,926801857,-9191633
4001,32371965000,924791511,-15157809
4002,32372557000,922748881,-21208675
4003,32373150000,920677681,-27170977
4004,32373742000,918627820,-33165574
4005,32374335000,916576429,-39160319
4006,32374928000,914464907,-45113642
4007,32375520000,912386531,-51150053
4008,32376113000,910282736,-57091601
4009,32376706000,908173586,-63077181
4010,32377298000,906013399,-69101624
4011,32377891000,903839663,-75041160
4012,32378484000,901693823,-81026379
4013,32379076000,899502275,-87019700
4014,32379669000,897312475,-93010034
4015,32380262000,895139064,-98949646
4016,32380854000,892910668,-104920587
4017,32381447000,890668024,-110892977
4018,32382039000,888439800,-116856234
4019,32382632000,886179531,-122794761
4020,32383225000,883924917,-128729559
4021,32383817000,881650599,-134712722
4022,32384410000,879370258,-140637839
4023,32385003000,877053168,-146580799
4024,32385595000,874753547,-152535197
4025,32386188000,872428858,-158474516
4026,32386781000,870085784,-164397446
4027,32387373000,867716624,-170350661
4028,32387966000,865401565,-176243544
4029,32388558000,863016760,-182145255
4030,32389151000,860611725,-188071535
4031,32389744000,858237024,-193921694
4032,32390336000,855811062,-199850929
4033,32390929000,853376038,-205739812
4034,32391522000,850960351,-211588987
4035,32392114000,848535228,-217507482
4036,32392707000,846078233,-223353052
4037,32393300000,843623637,-229219220
4038,32393892000,841131879,-235052822
4039,32394485000,838635895,-240909548
4040,32395078000,836150881,-246771753
4041,32395670000,833646481,-252567226
4042,32396263000,831109086,-258397135
4043,32396855000,828580209,-264188841
4044,32397448000,826017783,-270030694
4045,32398041000,823464845,-275809687
4046,32398633000,820881202,-281609777
4047,32399226000,818313732,-287368223
4048,32399819000,815718625,-293148765
4049,32400411000,813106433,-298907295
4050,32401004000,810506887,-304651036
4051,32401597000,807905044,-310367635
4052,32402189000,805247588,-316138250
4053,32402782000,802618109,-321855822
4054,32403374000,799920666,-327593949
4055,32403967000,797255370,-333287203
4056,32404560000,794565332,-338955568
4057,32405152000,791889925,-344680171
4058,32405745000,789161002,-350339895
4059,32406338000,786473773,-355982963
4060,32406930000,783743930,-361627634
4061,32407523000,780999351,-367310097
4062,32408116000,778253925,-372883723
4063,32408708000,775494751,-378544429
4064,32409301000,772712349,-384129385
4065,32409894000,769961076,-389734591
4066,32410486000,767132779,-395315733
4067,32411079000,764356141,-400848483
4068,32411671000,761522519,-406446946
4069,32412264000,758719663,-411964848
4070,32412857000,755870960,-417490196
4071,32413449000,753041080,-423032030
4072,32414042000,750197658,-428506775
4073,32414635000,747332058,-434012436
4074,32415227000,744436951,-439466023
4075,32415820000,741563600,-444952099
4076,32416413000,738657681,-450395083
4077,32417005000,735780669,-455842586
4078,32417598000,732843805,-461241026
4079,32418190000,729940619,-466646062
4080,32418783000,726992394,-472033148
4081,32419376000,724026128,-477411099
4082,32419968000,721076145,-482805147
4083,32420561000,718120894,-488127601
4084,32421154000,715127056,-493472699
4085,32421746000,712125865,-498802143
4086,32422339000,709158021,-504069485
4087,32422932000,706156936,-509356152
4088,32423524000,703148867,-514626007
4089,32424117000,700096351,-519873987
4090,32424710000,697097331,-525102448
4091,32425302000,694006274,-530332460
4092,32425895000,690996166,-535543812
4093,32426487000,687900538,-540710001
4094,32427080000,684849825,-545893361
4095,32427673000,681771188,-551053507
4096,32428265000,678667546,-556181776
4097,32428858000,675564531,-561325214
4098,32429451000,672472053,-566413033
4099,32430043000,669332231,-571522413
4100,32430636000,666203192,-576567664
4101,32431229000,663053724,-581650317
4102,32431821000,659904610,-586658597
4103,32432414000,656784162,-591667728
4104,32433006000,653595533,-596625794
4105,32433599000,650423952,-601640717
4106,32434192000,647235343,-606582880
4107,32434784000,644042333,-611514734
4108,32435377000,640835055,-616471560
4109,32435970000,637599473,-621351057
4110,32436562000,634402244,-626219957
4111,32437155000,631182404,-631067467
4112,32437748000,627945705,-635907812
4113,32438340000,624692836,-640728176
4114,32438933000,621467754,-645516611
4115,32439526000,618194565,-650298512
4116,32440118000,614891656,-655078857
4117,32440711000,611629200,-659833964
4118,32441303000,608335647,-664516844
4119,32441896000,605033934,-669209737
4120,32442489000,601714607,-673919013
4121,32443081000,598447999,-678541357
4122,32443674000,595082476,-683192537
4123,32444267000,591770979,-687809417
4124,32444859000,588427809,-692398773
4125,32445452000,585067343,-696954400
4126,32446045000,581704692,-701557741
4127,32446637000,578363454,-706064669
4128,32447230000,574990301,-710552404
4129,32447822000,571642263,-715013904
4130,32448415000,568208242,-719471903
4131,32449008000,564829059,-723916733
4132,32449600000,561429956,-728345059
4133,32450193000,558018768,-732731509
4134,32450786000,554616495,-737127023
4135,32451378000,551172427,-741474856
4136,32451971000,547744839,-745790568
4137,32452564000,544298409,-750113713
4138,32453156000,540872198,-754396367
4139,32453749000,537407616,-758631628
4140,32454342000,533955596,-762859368
4141,32454934000,530450196,-767067240
4142,32455527000,526984086,-771206366
4143,32456119000,523472073,-775403200
4144,32456712000,520033720,-779538931
4145,32457305000,516508319,-783667331
4146,32457897000,512979895,-787732536
4147,32458490000,509489796,-791803105
4148,32459083000,505959938,-795834249
4149,32459675000,502458956,-799849379
4150,32460268000,498925284,-803825087
4151,32460861000,495347191,-807797094
4152,32461453000,491805606,-811749780
4153,32462046000,488246260,-815658666
4154,32462638000,484726531,-819513902
4155,32463231000,481113774,-823405206
4156,32463824000,477571447,-827234321
4157,32464416000,473949083,-831031526
4158,32465009000,470384383,-834821422
4159,32465602000,466803323,-838553964
4160,32466194000,463188239,-842312861
4161,32466787000,459595321,-846007681
4162,32467380000,455948501,-849674534
4163,32467972000,452328249,-853330410
4164,32468565000,448712320,-856966006
4165,32469158000,445081791,-860571738
4166,32469750000,441444557,-864149894
4167,32470343000,437793315,-867672946
4168,32470935000,434133623,-871189632
4169,32471528000,430484302,-874676922
4170,32472121000,426804538,-878176235
4171,32472713000,423133142,-881589959
4172,32473306000,419469309,-884967756
4173,32473899000,415769329,-888370813
4174,32474491000,412095962,-891741137
4175,32475084000,408429799,-895055209
4176,32475677000,404705793,-898359121
4177,32476269000,400998532,-901648109
4178,32476862000,397285424,-904839449
4179,32477454000,393565651,-908087119
4180,32478047000,389859601,-911270088
4181,32478640000,386160076,-914431683
4182,32479232000,382426885,-917553897
4183,32479825000,378648625,-920660977
4184,32480418000,374928996,-923755834
4185,32481010000,371201195,-926788522
4186,32481603000,367398877,-929796743
4187,32482196000,363640027,-932765735
4188,32482788000,359884374,-935735720
4189,32483381000,356159129,-938613384
4190,32483974000,352342751,-941546070
4191,32484566000,348563667,-944397523
4192,32485159000,344793008,-947227986
4193,32485751000,340993779,-950062989
4194,32486344000,337236171,-952782010
4195,32486937000,333448702,-955567430
4196,32487529000,329609936,-958290197
4197,32488122000,325796628,-960980698
4198,32488715000,321999438,-963632705
4199,32489307000,318183565,-966300268
4200,32489900000,314370723,-968884313
4201,32490493000,310520943,-971439975
4202,32491085000,306719644,-973985220
4203,32491678000,302867030,-976504231
4204,32492270000,299070779,-978986949
4205,32492863000,295237707,-981434450
4206,32493456000,291376839,-983837293
4207,32494048000,287518750,-986237570
4208,32494641000,283692208,-988581609
4209,32495234000,279811551,-990886301
4210,32495826000,275947514,-993204471
4211,32496419000,272083118,-995435262
4212,32497012000,268204201,-997692913
4213,32497604000,264358180,-999881551
4214,32498197000,260476212,-1002062011
4215,32498790000,256586849,-1004198242
4216,32499382000,252738533,-1006319239
4217,32499975000,248814791,-1008376753
4218,32500567000,244941911,-1010382875
4219,32501160000,241040627,-1012438826
4220,32501753000,237168468,-1014416375
4221,32502345000,233235116,-1016390807
4222,32502938000,229339904,-1018285886
4223,32503531000,225457583,-1020152554
4224,32504123000,221543237,-1022010554
4225,32504716000,217614389,-1023865826
4226,32505309000,213700287,-1025646443
4227,32505901000,209767033,-1027388334
4228,32506494000,205861202,-1029131409
4229,32507086000,201983656,-1030832712
4230,32507679000,198037218,-1032460546
4231,32508272000,194105465,-1034112965
4232,32508864000,190160834,-1035722504
4233,32509457000,186230204,-1037282276
4234,32510050000,182294469,-1038793779
4235,32510642000,178336425,-1040311618
4236,32511235000,174410130,-1041788242
4237,32511828000,170478674,-1043221634
4238,32512420000,166506669,-1044638241
4239,32513013000,162582754,-1045997211
4240,32513606000,158613009,-1047314262
4241,32514198000,154664734,-1048646759
4242,32514791000,150700406,-1049934780
4243,32515383000,146741145,-1051146762
4244,32515976000,142779209,-1052364911
4245,32516569000,138835984,-1053536510
4246,32517161000,134856908,-1054708264
4247,32517754000,130908173,-1055789340
4248,32518347000,126964392,-1056848413
4249,32518939000,122956135,-1057881076
4250,32519532000,118986295,-1058915808
4251,32520125000,115009919,-1059885876
4252,32520717000,111064705,-1060839996
4253,32521310000,107056422,-1061745112
4254,32521902000,103108320,-1062627120
4255,32522495000,99120056,-1063456890
4256,32523088000,95134865,-1064287246
4257,32523680000,91142349,-1065059582
4258,32524273000,87169260,-1065810558
4259,32524866000,83194099,-1066509114
4260,32525458000,79207491,-1067212123
4261,32526051000,75226761,-1067809161
4262,32526644000,71215739,-1068474925
4263,32527236000,67257268,-1069035412
4264,32527829000,63260856,-1069580016
4265,32528422000,59255299,-1070081921
4266,32529014000,55289256,-1070563200
4267,32529607000,51286081,-1071021184
4268,32530199000,47279877,-1071426822
4269,32530792000,43279828,-1071810775
4270,32531385000,39311971,-1072180159
4271,32531977000,35306858,-1072473615
4272,32532570000,31289769,-1072748818
4273,32533163000,27305976,-1073001963
4274,32533755000,23336619,-1073226289
4275,32534348000,19334757,-1073380238
4276,32534941000,15327617,-1073537214
4277,32535533000,11348738,-1073635430
4278,32536126000,7337435,-1073756405
4279,32536718000,3350846,-1073769374
4280,32537311000,-638423,-1073768352
4281,32537904000,-4614353,-1073769107
4282,32538496000,-8633993,-1073692376
4283,32539089000,-12624059,-1073600278
4284,32539682000,-16608535,-1073485368
4285,32540274000,-20615865,-1073320085
4286,32540867000,-24653853,-1073140786
4287,32541460000,-28604626,-1072916611
4288,32542052000,-32622650,-1072660186
4289,32542645000,-36593764,-1072344118
4290,32543238000,-40595966,-1072066217
4291,32543830000,-44577166,-1071686118
4292,32544423000,-48606850,-1071295532
4293,32545015000,-52598468,-1070864930
4294,32545608000,-56533131,-1070414716
4295,32546201000,-60582579,-1069937734
4296,32546793000,-64561023,-1069403677
4297,32547386000,-68549096,-1068833814
4298,32547979000,-72495792,-1068274386
4299,32548571000,-76494933,-1067673639
4300,32549164000,-80508737,-1066983706
4301,32549757000,-84487845,-1066284467
4302,32550349000,-88476214,-1065579387
4303,32550942000,-92430677,-1064783298
4304,32551534000,-96452940,-1064018116
4305,32552127000,-100395170,-1063189907
4306,32552720000,-104375117,-1062335095
4307,32553312000,-108371421,-1061479342
4308,32553905000,-112335259,-1060542084
4309,32554498000,-116304093,-1059603521
4310,32555090000,-120295054,-1058599107
4311,32555683000,-124279127,-1057566813
4312,32556276000,-128228100,-1056522647
4313,32556868000,-132210804,-1055449482
4314,32557461000,-136122399,-1054307144
4315,32558054000,-140142830,-1053119178
4316,32558646000,-144061520,-1051963936
4317,32559239000,-148049835,-1050742765
4318,32559831000,-152002437,-1049512966
4319,32560424000,-155956761,-1048211706
4320,32561017000,-159914529,-1046874576
4321,32561609000,-163831910,-1045533407
4322,32562202000,-167794648,-1044168231
4323,32562795000,-171736016,-1042755005
4324,32563387000,-175690851,-1041275083
4325,32563980000,-179620184,-1039819164
4326,32564573000,-183564430,-1038294727
4327,32565165000,-187521426,-1036772739
4328,32565758000,-191457120,-1035207510
4329,32566350000,-195369434,-1033576109
4330,32566943000,-199324884,-1031940159
4331,32567536000,-203227642,-1030267176
4332,32568128000,-207161930,-1028594176
4333,32568721000,-211058287,-1026819973
4334,32569314000,-214989021,-1025085199
4335,32569906000,-218913576,-1023240490
4336,32570499000,-222811597,-1021416806
4337,32571092000,-226720177,-1019554545
4338,32571684000,-230623695,-1017670437
4339,32572277000,-234519634,-1015745399
4340,32572870000,-238407227,-1013773030
4341,32573462000,-242326895,-1011784737
4342,32574055000,-246178982,-1009766977
4343,32574647000,-250082459,-1007697227
4344,32575240000,-253959224,-1005662550
4345,32575833000,-257843569,-1003520397
4346,32576425000,-261728843,-1001354987
4347,32577018000,-265600966,-999195920
4348,32577611000,-269492701,-996951274
4349,32578203000,-273333675,-994721512
4350,32578796000,-277198244,-992475941
4351,32579389000,-281056206,-990134737
4352,32579981000,-284942782,-987820692
4353,32580574000,-288759332,-985449162
4354,32581166000,-292639822,-983054716
4355,32581759000,-296453712,-980646114
4356,32582352000,-300297937,-978174481
4357,32582944000,-304163036,-975666190
4358,32583537000,-307959027,-973162101
4359,32584130000,-311802920,-970602197
4360,32584722000,-315607109,-968046538
4361,32585315000,-319411856,-965425938
4362,32585908000,-323252238,-962790364
4363,32586500000,-327094931,-960108223
4364,32587093000,-330866582,-957418717
4365,32587686000,-334660464,-954671645
4366,32588278000,-338464476,-951937709
4367,32588871000,-342234454,-949145982
4368,32589463000,-346032451,-946306171
4369,32590056000,-349800746,-943466233
4370,32590649000,-353612858,-940615845
4371,32591241000,-357352329,-937688122
4372,32591834000,-361095900,-934782425
4373,32592427000,-364874165,-931770370
4374,32593019000,-368628498,-928816596
4375,32593612000,-372363258,-925788398
4376,32594205000,-376131570,-922727505
4377,32594797000,-379846833,-919645266
4378,32595390000,-383613187,-916559999
4379,32595982000,-387357878,-913411904
4380,32596575000,-391055347,-910263269
4381,32597168000,-394779572,-907040258
4382,32597760000,-398486987,-903818672
4383,32598353000,-402199001,-900574110
4384,32598946000,-405905534,-897272181
4385,32599538000,-409612972,-893986047
4386,32600131000,-413290496,-890665261
4387,32600724000,-416988200,-887281055
4388,32601316000,-420681211,-883850384
4389,32601909000,-424349913,-880487791
4390,32602502000,-428003312,-877046905
4391,32603094000,-431669396,-873569126
4392,32603687000,-435344552,-870044870
4393,32604279000,-438977203,-866554269
4394,32604872000,-442640228,-862974854
4395,32605465000,-446254996,-859387257
4396,32606057000,-449857283,-855807456
4397,32606650000,-453520050,-852167234
4398,32607243000,-457161873,-848490505
4399,32607835000,-460754566,-844788055
4400,32608428000,-464342621,-841081927
4401,32609021000,-467929464,-837358119
4402,32609613000,-471558808,-833588592
4403,32610206000,-475136346,-829801936
4404,32610798000,-478693929,-825975720
4405,32611391000,-482280637,-822152862
4406,32611984000,-485830338,-818282503
4407,32612576000,-489413439,-814383215
4408,32613169000,-492963647,-810457303
4409,32613762000,-496521879,-806512449
4410,32614354000,-500049994,-802558797
4411,32614947000,-503570463,-798559018
4412,32615540000,-507101119,-794522540
4413,32616132000,-510613800,-790495304
4414,32616725000,-514124847,-786449732
4415,32617318000,-517630635,-782333989
4416,32617910000,-521123083,-778218592
4417,32618503000,-524607023,-774058399
4418,32619095000,-528121811,-769904111
4419,32619688000,-531584972,-765701308
4420,32620281000,-535043963,-761471100
4421,32620873000,-538498953,-757268168
4422,32621466000,-541970097,-752991544
4423,32622059000,-545435385,-748681293
4424,32622651000,-548853127,-744369435
4425,32623244000,-552289444,-740056381
4426,32623837000,-555715005,-735676200
4427,32624429000,-559125006,-731313481
4428,32625022000,-562533786,-726944868
4429,32625614000,-565941009,-722501764
4430,32626207000,-569329819,-718072513
4431,32626800000,-572699977,-713583392
4432,32627392000,-576054324,-709124763
4433,32627985000,-579468199,-704585025
4434,32628578000,-582826308,-700086946
4435,32629170000,-586173443,-695473786
4436,32629763000,-589518216,-690935146
4437,32630356000,-592879256,-686307317
4438,32630948000,-596165823,-681718979
4439,32631541000,-599498200,-677047242
4440,32632134000,-602801641,-672375843
4441,32632726000,-606111828,-667733136
4442,32633319000,-609419219,-662996168
4443,32633911000,-612679810,-658276425
4444,32634504000,-615960545,-653530900
4445,32635097000,-619233762,-648761229
4446,32635689000,-622509528,-643964406
4447,32636282000,-625758195,-639185616
4448,32636875000,-628994470,-634370733
4449,32637467000,-632224247,-629489043
4450,32638060000,-635453026,-624611297
4451,32638653000,-638653876,-619741007
4452,32639245000,-641880494,-614857393
4453,32639838000,-645069837,-609907604
4454,32640430000,-648259006,-604981986
4455,32641023000,-651426012,-600002298
4456,32641616000,-654600767,-595037711
4457,32642208000,-657789902,-590027458
4458,32642801000,-660937485,-585016472
4459,32643394000,-664104090,-579966746
4460,32643986000,-667206235,-574924368
4461,32644579000,-670343329,-569842804
4462,32645172000,-673480625,-564760986
4463,32645764000,-676564522,-559678296
4464,32646357000,-679688189,-554505111
4465,32646950000,-682736711,-549418505
4466,32647542000,-685833775,-544243028
4467,32648135000,-688896405,-539045029
4468,32648727000,-691979232,-533856360
4469,32649320000,-695047718,-528655194
4470,32649913000,-698057925,-523434047
4471,32650505000,-701086806,-518190405
4472,32651098000,-704100947,-512951915
4473,32651691000,-707136926,-507647152
4474,32652283000,-710147794,-502358385
4475,32652876000,-713109458,-497070706
4476,32653469000,-716108874,-491706766
4477,32654061000,-719055796,-486421921
4478,32654654000,-722033814,-481066390
4479,32655246000,-724979038,-475690551
4480,32655839000,-727953807,-470337743
4481,32656432000,-730850941,-464913436
4482,32657024000,-733776700,-459504209
4483,32657617000,-736682628,-454084095
4484,32658210000,-739606046,-448634991
4485,32658802000,-742475819,-443186040
4486,32659395000,-745390089,-437700782
4487,32659988000,-748234963,-432198060
4488,32660580000,-751082672,-426750426
4489,32661173000,-753980307,-421223688
4490,32661766000,-756766667,-415710679
4491,32662358000,-759611445,-410171044
4492,32662951000,-762430733,-404611301
4493,32663543000,-765248718,-399053312
4494,32664136000,-768044952,-393476659
4495,32664729000,-770834859,-387911318
4496,32665321000,-773603710,-382295284
4497,32665914000,-776392922,-376683407
4498,32666507000,-779140498,-371112586
4499,32667099000,-781916584,-365438724
4500,32667692000,-784618608,-359810363
4501,32668285000,-787337962,-354176986
4502,32668877000,-790040391,-348471557
4503,32669470000,-792764553,-342824279
4504,32670062000,-795454265,-337137633
4505,32670655000,-798104937,-331441804
4506,32671248000,-800794026,-325749010
4507,32671840000,-803431953,-320029658
4508,32672433000,-806111073,-314295905
4509,32673026000,-808702161,-308558541
4510,32673618000,-811355816,-302840545
4511,32674211000,-813952052,-297033491
4512,32674804000,-816560535,-291287875
4513,32675396000,-819146670,-285511385
4514,32675989000,-821732554,-279730451
4515,32676582000,-824291297,-273943823
4516,32677174000,-826837689,-268165726
4517,32677767000,-829409934,-262315642
4518,32678359000,-831938050,-256495607
4519,32678952000,-834435181,-250703627
4520,32679545000,-836935577,-244850329
4521,32680137000,-839434938,-239029433
4522,32680730000,-841946656,-233126210
4523,32681323000,-844420347,-227295067
4524,32681915000,-846893873,-221447206
4525,32682508000,-849333750,-215545347
4526,32683101000,-851764519,-209671576
4527,32683693000,-854186840,-203822861
4528,32684286000,-856597635,-197922745
4529,32684878000,-859002838,-192030036
4530,32685471000,-861405236,-186135527
4531,32686064000,-863749456,-180230382
4532,32686656000,-866147879,-174312374
4533,32687249000,-868491556,-168388350
4534,32687842000,-870859151,-162465361
4535,32688434000,-873184308,-156537412
4536,32689027000,-875523798,-150604840
4537,32689620000,-877812976,-144660813
4538,32690212000,-880094184,-138746354
4539,32690805000,-882420234,-132772540
4540,32691398000,-884653495,-126842579
4541,32691990000,-886936984,-120871360
4542,32692583000,-889153104,-114906744
4543,32693175000,-891396333,-108999909
4544,32693768000,-893606609,-102993553
4545,32694361000,-895814852,-97056831
4546,32694953000,-898035499,-91044193
4547,32695546000,-900201969,-85095207
4548,32696139000,-902393042,-79102358
4549,32696731000,-904556173,-73128141
4550,32697324000,-906687424,-67166781
4551,32697917000,-908823818,-61157403
4552,32698509000,-910926304,-55190993
4553,32699102000,-913057316,-49200619
4554,32699694000,-915155302,-43193639
4555,32700287000,-917231806,-37204237
4556,32700880000,-919322544,-31191401
4557,32701472000,-921385025,-25232178
4558,32702065000,-923401904,-19249508
4559,32702658000,-925426203,-13212342
4560,32703250000,-927445796,-7214423
4561,32703843000,-929454264,-1269547
4562,32704436000,-931448029,4762150
4563,32705028000,-933453398,10737155
4564,32705621000,-935429409,16727813
4565,32706214000,-937384864,22765222
4566,32706806000,-939309549,28725878
4567,32707399000,-941262051,34714194
4568,32707991000,-943134524,40690047
4569,32708584000,-945050712,46690133
4570,32709177000,-946942201,52674524
4571,32709769000,-948840455,58652197
4572,32710362000,-950672725,64637768
4573,32710955000,-952540855,70648289
4574,32711547000,-954410597,76632848
4575,32712140000,-956210702,82578018
4576,32712733000,-958000077,88565134
4577,32713325000,-959845619,94551323
4578,32713918000,-961602687,100487231
4579,32714510000,-963351794,106469798
4580,32715103000,-965140255,112461420
4581,32715696000,-966886092,118403521
4582,32716288000,-968582992,124350238
4583,32716881000,-970335643,130307983
4584,32717474000,-972026678,136272626
4585,32718066000,-973709301,142204188
4586,32718659000,-975393060,148100604
4587,32719252000,-977041408,154060591
4588,32719844000,-978700640,159992865
4589,32720437000,-980355345,165927301
4590,32721030000,-981981870,171857558
4591,32721622000,-983552633,177760287
4592,32722215000,-985162264,183658800
4593,32722807000,-986781559,189599209
4594,32723400000,-988315435,195477248
4595,32723993000,-989881053,201381343
4596,32724585000,-991417256,207276598
4597,32725178000,-992964340,213139539
4598,32725771000,-994484619,219043237
4599,32726363000,-995945562,224863949
4600,32726956000,-997448731,230717426
4601,32727549000,-998935085,236583701
4602,32728141000,-1000407839,242411386
4603,32728734000,-1001852553,248262687
4604,32729326000,-1003239891,254096952
4605,32729919000,-1004696699,259916659
4606,32730512000,-1006092076,265726524
4607,32731104000,-1007486794,271537394
4608,32731697000,-1008853257,277314121
4609,32732290000,-1010217976,283102426
4610,32732882000,-1011554885,288910241
4611,32733475000,-1012917407,294631379
4612,32734068000,-1014209259,300435080
4613,32734660000,-1015513778,306139285
4614,32735253000,-1016769693,311879964
4615,32735846000,-1018061641,317619674
4616,32736438000,-1019354146,323348990
4617,32737031000,-1020582557,329064870
4618,32737623000,-1021835125,334759577
4619,32738216000,-1023063531,340451896
4620,32738809000,-1024232744,346115013
4621,32739401000,-1025449767,351808779
4622,32739994000,-1026641809,357459096
4623,32740587000,-1027796825,363132857
4624,32741179000,-1028927040,368731816
4625,32741772000,-1030084451,374368424
4626,32742365000,-1031181959,379998379
4627,32742957000,-1032279496,385605701
4628,32743550000,-1033397344,391178869
4629,32744142000,-1034466268,396737104
4630,32744735000,-1035501929,402301698
4631,32745328000,-1036598400,407869381
4632,32745920000,-1037616816,413417538
4633,32746513000,-1038650190,418952083
4634,32747106000,-1039636528,424453313
4635,32747698000,-1040638152,429927240
4636,32748291000,-1041610372,435435440
4637,32748884000,-1042573773,440924033
4638,32749476000,-1043528821,446353162
4639,32750069000,-1044433049,451791822
4640,32750662000,-1045392199,457227724
4641,32751254000,-1046312815,462664293
4642,32751847000,-1047171369,468084618
4643,32752439000,-1048054063,473466731
4644,32753032000,-1048903662,478826064
4645,32753625000,-1049764319,484192726
4646,32754217000,-1050624617,489537448
4647,32754810000,-1051371888,494843299
4648,32755403000,-1052230710,500147840
4649,32755995000,-1052955284,505419465
4650,32756588000,-1053771925,510745903
4651,32757181000,-1054536120,515969460
4652,32757773000,-1055273494,521213104
4653,32758366000,-1056014170,526489742
4654,32758958000,-1056725710,531694095
4655,32759551000,-1057426114,536910924
4656,32760144000,-1058109063,542080657
4657,32760736000,-1058781361,547255390
4658,32761329000,-1059426039,552386191
4659,32761922000,-1060082713,557531245
4660,32762514000,-1060715454,562652472
4661,32763107000,-1061345454,567757683
4662,32763700000,-1061911830,572830737
4663,32764292000,-1062496039,577849556
4664,32764885000,-1063083222,582935807
4665,32765478000,-1063623508,587937710
4666,32766070000,-1064150527,592945339
4667,32766663000,-1064695048,597934421
4668,32767255000,-1065214980,602928540
4669,32767848000,-1065713013,607868581
4670,32768441000,-1066195157,612828853
4671,32769033000,-1066633955,617684712
4672,32769626000,-1067061351,622603948
4673,32770219000,-1067580154,627478418
4674,32770811000,-1067950703,632325382
4675,32771404000,-1068372323,637154678
4676,32771997000,-1068733461,641962187
4677,32772589000,-1069150499,646795575
4678,32773182000,-1069496521,651600036
4679,32773774000,-1069859735,656292354
4680,32774367000,-1070202579,661049068
4681,32774960000,-1070481709,665740670
4682,32775552000,-1070800174,670482967
4683,32776145000,-1071120764,675102894
4684,32776738000,-1071349062,679763629
4685,32777330000,-1071622121,684397719
4686,32777923000,-1071859436,689018941
4687,32778516000,-1072081533,693573069
4688,32779108000,-1072287424,698152158
4689,32779701000,-1072510310,702703231
4690,32780294000,-1072684919,707216196
4691,32780886000,-1072826079,711701489
4692,32781479000,-1073015919,716213405
4693,32782071000,-1073157063,720658169
4694,32782664000,-1073263897,725090359
4695,32783257000,-1073364269,729534020
4696,32783849000,-1073478315,733903630
4697,32784442000,-1073556864,738258727
4698,32785035000,-1073627790,742592245
4699,32785627000,-1073675915,746912085
4700,32786220000,-1073704104,751221300
4701,32786813000,-1073704072,755497340
4702,32787405000,-1073716437,759686337
4703,32787998000,-1073731842,763975882
4704,32788590000,-1073706495,768156134
4705,32789183000,-1073689555,772330165
4706,32789776000,-1073612929,776473698
4707,32790368000,-1073564680,780627703
4708,32790961000,-1073448191,784714626
4709,32791554000,-1073365104,788799637
4710,32792146000,-1073281201,792844519
4711,32792739000,-1073120356,796849772
4712,32793332000,-1072998994,800884463
4713,32793924000,-1072840262,804887266
4714,32794517000,-1072671020,808836910
4715,32795110000,-1072489055,812756453
4716,32795702000,-1072260359,816650636
4717,32796295000,-1072032458,820537389
4718,32796887000,-1071805046,824387949
4719,32797480000,-1071577569,828241622
4720,32798073000,-1071306214,832022279
4721,32798665000,-1071011107,835785451
4722,32799258000,-1070709468,839535715
4723,32799851000,-1070433657,843251356
4724,32800443000,-1070119756,846978779
4725,32801036000,-1069773250,850662186
4726,32801629000,-1069446272,854285752
4727,32802221000,-1069052442,857901693
4728,32802814000,-1068668934,861488817
4729,32803406000,-1068281673,865091956
4730,32803999000,-1067849950,868584433
4731,32804592000,-1067442138,872153439
4732,32805184000,-1066985959,875575370
4733,32805777000,-1066535752,879058305
4734,32806370000,-1066066993,882484276
4735,32806962000,-1065605786,885883817
4736,32807555000,-1065066355,889257150
4737,32808148000,-1064597645,892597369
4738,32808740000,-1064069923,895913824
4739,32809333000,-1063500215,899203706
4740,32809926000,-1062969223,902483020
4741,32810518000,-1062392202,905695804
4742,32811111000,-1061776542,908881188
4743,32811703000,-1061196718,912113786
4744,32812296000,-1060579800,915213097
4745,32812889000,-1059955661,918376397
4746,32813481000,-1059297793,921429740
4747,32814074000,-1058673687,924506570
4748,32814667000,-1057948852,927539661
4749,32815259000,-1057269475,930543534
4750,32815852000,-1056568231,933497765
4751,32816445000,-1055859286,936481354
4752,32817037000,-1055114001,939403666
4753,32817630000,-1054330586,942272835
4754,32818222000,-1053614544,945159797
4755,32818815000,-1052842887,947967697
4756,32819408000,-1052057036,950782599
4757,32820000000,-1051252621,953548619
4758,32820593000,-1050407184,956275675
4759,32821186000,-1049579752,959002147
4760,32821778000,-1048724824,961656656
4761,32822371000,-1047834487,964319406
4762,32822964000,-1046982281,966946683
4763,32823556000,-1046098969,969560168
4764,32824149000,-1045198026,972106935
4765,32824742000,-1044272425,974621287
4766,32825334000,-1043322214,977154999
4767,32825927000,-1042377661,979607100
4768,32826519000,-1041416927,982062260
4769,32827112000,-1040437313,984482876
4770,32827705000,-1039400555,986851939
4771,32828297000,-1038408826,989176271
4772,32828890000,-1037399650,991483023
4773,32829483000,-1036372023,993794113
4774,32830075000,-1035295881,996033135
4775,32830668000,-1034247373,998275508
4776,32831261000,-1033163040,1000484311
4777,32831853000,-1032058334,1002600796
4778,32832446000,-1030969348,1004751837
4779,32833038000,-1029801737,1006856958
4780,32833631000,-1028688711,1008898344
4781,32834224000,-1027533058,1010940126
4782,32834816000,-1026390212,1012955755
4783,32835409000,-1025181326,1014911633
4784,32836002000,-1023981728,1016875078
4785,32836594000,-1022831223,1018793217
4786,32837187000,-1021556288,1020635363
4787,32837780000,-1020345859,1022517961
4788,32838372000,-1019071944,1024308182
4789,32838965000,-1017819873,1026059039
4790,32839558000,-1016493055,1027825527
4791,32840150000,-1015237697,1029587212
4792,32840743000,-1013906150,1031243961
4793,32841335000,-1012584359,1032900384
4794,32841928000,-1011263607,1034558776
4795,32842521000,-1009892124,1036099769
4796,32843113000,-1008529013,1037685694
4797,32843706000,-1007204601,1039226863
4798,32844299000,-1005770806,1040699544
4799,32844891000,-1004376403,1042165648
4800,32845484000,-1002933801,1043574400
4801,32846077000,-1001507813,1044998824
4802,32846669000,-1000049310,1046329690
4803,32847262000,-998604533,1047687751
4804,32847854000,-997122456,1048972002
4805,32848447000,-995631608,1050221037
4806,32849040000,-994167430,1051487718
4807,32849632000,-992630187,1052674689
4808,32850225000,-991100250,1053849482
4809,32850818000,-989562465,1054949518
4810,32851410000,-987982694,1056059356
4811,32852003000,-986422224,1057137797
4812,32852596000,-984827311,1058165984
4813,32853188000,-983263536,1059197231
4814,32853781000,-981616296,1060140779
4815,32854374000,-979985502,1061090380
4816,32854966000,-978348512,1061966419
4817,32855559000,-976714851,1062848698
4818,32856151000,-975049502,1063683665
4819,32856744000,-973350324,1064485250
4820,32857337000,-971671408,1065266963
4821,32857929000,-969971424,1066003273
4822,32858522000,-968259718,1066683799
4823,32859115000,-966494367,1067371203
4824,32859707000,-964760182,1067982119
4825,32860300000,-963003987,1068596342
4826,32860893000,-961203740,1069176965
4827,32861485000,-959454161,1069706968
4828,32862078000,-957652548,1070225563
4829,32862670000,-955824132,1070704309
4830,32863263000,-953967942,1071110554
4831,32863856000,-952135381,1071541932
4832,32864448000,-950312995,1071908890
4833,32865041000,-948449896,1072263559
4834,32865634000,-946563233,1072560828
4835,32866226000,-944652846,1072814587
4836,32866819000,-942768361,1073089681
4837,32867412000,-940813849,1073259032
4838,32868004000,-938902968,1073465732
4839,32868597000,-936943213,1073558292
4840,32869190000,-934983556,1073675902
4841,32869782000,-933002536,1073714110
4842,32870375000,-931037662,1073771875
4843,32870967000,-929055550,1073775413
4844,32871560000,-927035070,1073758196
4845,32872153000,-924991446,1073651556
4846,32872745000,-922964582,1073586109
4847,32873338000,-920918802,1073465358
4848,32873931000,-918852184,1073282999
4849,32874523000,-916827057,1073094120
4850,32875116000,-914699527,1072867849
4851,32875709000,-912586244,1072587559
4852,32876301000,-910504339,1072302675
4853,32876894000,-908404666,1071971883
4854,32877486000,-906235664,1071615794
4855,32878079000,-904068746,1071205586
4856,32878672000,-901885081,1070774363
4857,32879264000,-899746864,1070265495
4858,32879857000,-897546076,1069804409
4859,32880450000,-895378505,1069271714
4860,32881042000,-893131058,1068705164
4861,32881635000,-890908948,1068103787
4862,32882228000,-888688891,1067466977
4863,32882820000,-886443045,1066805132
4864,32883413000,-884168914,1066076759
4865,32884006000,-881871809,1065362527
4866,32884598000,-879597311,1064595189
4867,32885191000,-877314192,1063816480
4868,32885783000,-875004047,1062979136
4869,32886376000,-872681474,1062118836
4870,32886969000,-870352420,1061244938
4871,32887561000,-868025236,1060306056
4872,32888154000,-865651427,1059345378
4873,32888747000,-863272980,1058330600
4874,32889339000,-860892889,1057281006
4875,32889932000,-858508222,1056226133
4876,32890525000,-856097264,1055144039
4877,32891117000,-853671758,1054007030
4878,32891710000,-851228196,1052836459
4879,32892302000,-848785472,1051653412
4880,32892895000,-846353492,1050420686
4881,32893488000,-843890715,1049152056
4882,32894080000,-841390675,1047866528
4883,32894673000,-838927277,1046566838
4884,32895266000,-836436235,1045188863
4885,32895858000,-833877912,1043790353
4886,32896451000,-831388311,1042340623
4887,32897044000,-828875965,1040948415
4888,32897636000,-826325857,1039441163
4889,32898229000,-823751342,1037937498
4890,32898822000,-821184378,1036398444
4891,32899414000,-818631187,1034797465
4892,32900007000,-816024790,1033141244
4893,32900599000,-813363639,1031496459
4894,32901192000,-810799491,1029823919
4895,32901785000,-808151848,1028134392
4896,32902377000,-805516740,1026376870
4897,32902970000,-802883039,1024584701
4898,32903563000,-800229453,1022805151
4899,32904155000,-797540034,1020946203
4900,32904748000,-794873678,1019086767
4901,32905341000,-792173927,1017159177
4902,32905933000,-789479321,1015232199
4903,32906526000,-786754854,1013253022
4904,32907118000,-784007542,1011249338
4905,32907711000,-781272302,1009246254
4906,32908304000,-778535593,1007171913
4907,32908896000,-775794486,1005076408
4908,32909489000,-773015766,1002950108
4909,32910082000,-770235307,1000791126
4910,32910674000,-767474312,998604938
4911,32911267000,-764647943,996381286
4912,32911860000,-761848040,994123231
4913,32912452000,-759011242,991832847
4914,32913045000,-756204811,989545869
4915,32913638000,-753353859,987217070
4916,32914230000,-750516871,984833637
4917,32914823000,-747620193,982420102
4918,32915415000,-744745097,979993803
4919,32916008000,-741892286,977534668
4920,32916601000,-738987153,975036350
4921,32917193000,-736086105,972486630
4922,32917786000,-733188417,969967901
4923,32918379000,-730246616,967342451
4924,32918971000,-727288449,964735617
4925,32919564000,-724360402,962095524
4926,32920157000,-721395637,959423355
4927,32920749000,-718474986,956736243
4928,32921342000,-715446321,953984016
4929,32921934000,-712506110,951213339
4930,32922527000,-709470045,948415157
4931,32923120000,-706467375,945584265
4932,32923712000,-703465519,942727621
4933,32924305000,-700457435,939844992
4934,32924898000,-697418195,936939385
4935,32925490000,-694385863,934005292
4936,32926083000,-691292460,931024513
4937,32926676000,-688256040,928031810
4938,32927268000,-685165662,924978062
4939,32927861000,-682070260,921919952
4940,32928454000,-678989373,918843606
4941,32929046000,-675854226,915717477
4942,32929639000,-672801800,912591084
4943,32930231000,-669667675,909413619
4944,32930824000,-666530653,906194525
4945,32931417000,-663393564,902957809
4946,32932009000,-660267543,899716802
4947,32932602000,-657089945,896418945
4948,32933195000,-653928620,893102960
4949,32933787000,-650771873,889772675
4950,32934380000,-647562443,886370206
4951,32934973000,-644408649,883010517
4952,32935565000,-641187757,879579675
4953,32936158000,-637975140,876111574
4954,32936750000,-634753753,872634246
4955,32937343000,-631570165,869159972
4956,32937936000,-628294714,865601020
4957,32938528000,-625064438,862036239
4958,32939121000,-621826617,858479712
4959,32939714000,-618518046,854829684
4960,32940306000,-615257575,851199125
4961,32940899000,-611978978,847552279
4962,32941492000,-608710453,843849318
4963,32942084000,-605391235,840148788
4964,32942677000,-602113702,836398980
4965,32943270000,-598794554,832617279
4966,32943862000,-595459035,828796791
4967,32944455000,-592169660,825021671
4968,32945047000,-588795858,821121490
4969,32945640000,-585449752,817265681
4970,32946233000,-582099043,813388130
4971,32946825000,-578725288,809417382
4972,32947418000,-575337085,805485260
4973,32948011000,-571977463,801500396
4974,32948603000,-568607988,797520181
4975,32949196000,-565195245,793457605
4976,32949789000,-561818398,789439321
4977,32950381000,-558368735,785341982
4978,32950974000,-554979077,781256832
4979,32951566000,-551571166,777128264
4980,32952159000,-548106767,772975482
4981,32952752000,-544677358,768824316
4982,32953344000,-541219321,764581872
4983,32953937000,-537796164,760380752
4984,32954530000,-534339096,756141439
4985,32955122000,-530852423,751884144
4986,32955715000,-527375086,747584162
4987,32956308000,-523887924,743292302
4988,32956900000,-520375813,738918931
4989,32957493000,-516898189,734556947
4990,32958086000,-513374711,730191593
4991,32958678000,-509889901,725780871
4992,32959271000,-506348461,721349643
4993,32959863000,-502843649,716910085
4994,32960456000,-499280026,712400005
4995,32961049000,-495768234,707936992
4996,32961641000,-492218941,703415983
4997,32962234000,-488637409,698862417
4998,32962827000,-485075120,694308777
4999,32963419000,-481494132,689731573
5000,32964012000,-477932919,685118606
5001,32964605000,-474343835,680482702
5002,32965197000,-470794103,675886124
5003,32965790000,-467162377,671180318
5004,32966382000,-463566459,666479452
5005,32966975000,-459954397,661776118
5006,32967568000,-456347773,657049918
5007,32968160000,-452726644,652307586
5008,32968753000,-449118825,647515831
5009,32969346000,-445483738,642760752
5010,32969938000,-441841582,637951691
5011,32970531000,-438181782,633072489
5012,32971124000,-434534146,628273257
5013,32971716000,-430861734,623334454
5014,32972309000,-427229217,618492882
5015,32972902000,-423534098,613572166
5016,32973494000,-419850994,608619284
5017,32974087000,-416214287,603681262
5018,32974679000,-412520890,598741065
5019,32975272000,-408828889,593738537
5020,32975865000,-405094146,588710403
5021,32976457000,-401408048,583719961
5022,32977050000,-397681442,578643203
5023,32977643000,-393974553,573607718
5024,32978235000,-390276796,568529753
5025,32978828000,-386541501,563446597
5026,32979421000,-382824748,558329345
5027,32980013000,-379048604,553193499
5028,32980606000,-375341429,548043599
5029,32981198000,-371573793,542875093
5030,32981791000,-367823924,537719376
5031,32982384000,-364076571,532514644
5032,32982976000,-360299891,527289709
5033,32983569000,-356564871,522056255
5034,32984162000,-352766173,516812700
5035,32984754000,-349003239,511578363
5036,32985347000,-345202169,506265854
5037,32985940000,-341402888,500956736
5038,32986532000,-337643071,495684527
5039,32987125000,-333854426,490345484
5040,32987718000,-330013701,485021061
5041,32988310000,-326222077,479627591
5042,32988903000,-322426264,474288665
5043,32989495000,-318644696,468926566
5044,32990088000,-314770392,463477513
5045,32990681000,-310968342,458098115
5046,32991273000,-307150297,452658931
5047,32991866000,-303291324,447223746
5048,32992459000,-299498805,441763609
5049,32993051000,-295636117,436289943
5050,32993644000,-291808502,430804814
5051,32994237000,-287927794,425302156
5052,32994829000,-284110151,419777227
5053,32995422000,-280237674,414272863
5054,32996014000,-276400245,408727318
5055,32996607000,-272502258,403167534
5056,32997200000,-268647346,397607087
5057,32997792000,-264769986,392056030
5058,32998385000,-260912126,386459308
5059,32998978000,-257041287,380882970
5060,32999570000,-253130809,375217950
5061,33000163000,-249283871,369643248
5062,33000756000,-245349141,363979053
5063,33001348000,-241508077,358364421
5064,33001941000,-237605070,352700685
5065,33002534000,-233673418,347048783
5066,33003126000,-229773427,341344962
5067,33003719000,-225873803,335638679
5068,33004311000,-221990313,329968914
5069,33004904000,-218044757,324222137
5070,33005497000,-214158350,318539468
5071,33006089000,-210206136,312793602
5072,33006682000,-206304188,307056073
5073,33007275000,-202415237,301335722
5074,33007867000,-198461497,295545493
5075,33008460000,-194520335,289774001
5076,33009053000,-190592879,284014569
5077,33009645000,-186652624,278240364
5078,33010238000,-182728604,272435670
5079,33010830000,-178787777,266642470
5080,33011423000,-174852671,260807597
5081,33012016000,-170908810,255003989
5082,33012608000,-166960179,249189422
5083,33013201000,-163024038,243365535
5084,33013794000,-159051765,237492262
5085,33014386000,-155131555,231650080
5086,33014979000,-151156179,225811662
5087,33015572000,-147199818,219922674
5088,33016164000,-143204677,214042934
5089,33016757000,-139274569,208165149
5090,33017350000,-135317862,202313859
5091,33017942000,-131345005,196371054
5092,33018535000,-127369821,190504231
5093,33019127000,-123401085,184598587
5094,33019720000,-119439987,178657261
5095,33020313000,-115472622,172755599
5096,33020905000,-111498464,166883489
5097,33021498000,-107481586,160915160
5098,33022091000,-103515845,154990139
5099,33022683000,-99589393,149080153
5100,33023276000,-95575918,143148455
5101,33023869000,-91570510,137197129
5102,33024461000,-87622452,131249849
5103,33025054000,-83637159,125276356
5104,33025646000,-79647810,119329382
5105,33026239000,-75617440,113365762
5106,33026832000,-71672707,107440431
5107,33027424000,-67686974,101436509
5108,33028017000,-63706502,95490758
5109,33028610000,-59721093,89542175
5110,33029202000,-55718853,83510670
5111,33029795000,-51727007,77553416
5112,33030388000,-47724978,71569966
5113,33030980000,-43737457,65585242
5114,33031573000,-39771280,59616094
5115,33032166000,-35725234,53599165
5116,33032758000,-31744309,47638196
5117,33033351000,-27764981,41641834
5118,33033943000,-23762593,35632212
5119,33034536000,-19763269,29637315
5120,33035129000,-15796699,23688878
5121,33035721000,-11777841,17645421
5122,33036314000,-7792897,11679730
5123,33036907000,-3780312,5669134
5124,33037499000,195763,-305189
5125,33038092000,4220768,-6319465
5126,33038685000,8219532,-12324408
5127,33039277000,12205128,-18313388
5128,33039870000,16191587,-24282127
5129,33040462000,20160855,-30268407
5130,33041055000,24172421,-36271596
5131,33041648000,28193316,-42268019
5132,33042240000,32165788,-48241883
5133,33042833000,36144228,-54219847
5134,33043426000,40135666,-60213989
5135,33044018000,44151885,-66222685
5136,33044611000,48174924,-72178484
5137,33045204000,52129376,-78162278
5138,33045796000,56099687,-84152197
5139,33046389000,60111813,-90126035
5140,33046982000,64100138,-96083901
5141,33047574000,68120356,-102057639
5142,33048167000,72095187,-108036079
5143,33048759000,76055038,-114002560
5144,33049352000,80047567,-119938927
5145,33049945000,84024135,-125878643
5146,33050537000,88030943,-131861887
5147,33051130000,92008905,-137805665
5148,33051723000,95998464,-143738100
5149,33052315000,99955581,-149680104
5150,33052908000,103939348,-155626311
5151,33053501000,107910880,-161533695
5152,33054093000,111923097,-167513139
5153,33054686000,115863784,-173394284
5154,33055278000,119845888,-179297695
5155,33055871000,123831848,-185214106
5156,33056464000,127782256,-191115328
5157,33057056000,131759700,-197018252
5158,33057649000,135713956,-202917532
5159,33058242000,139651491,-208748632
5160,33058834000,143641890,-214684292
5161,33059427000,147622275,-220544784
5162,33060020000,151567792,-226403636
5163,33060612000,155502653,-232248839
5164,33061205000,159473285,-238111235
5165,33061798000,163422741,-243951662
5166,33062390000,167341313,-249747884
5167,33062983000,171336754,-255610222
5168,33063575000,175244103,-261408504
5169,33064168000,179166554,-267211650
5170,33064761000,183138331,-273053295
5171,33065353000,187099477,-278824282
5172,33065946000,191015483,-284588789
5173,33066539000,194920771,-290374155
5174,33067131000,198874438,-296137916
5175,33067724000,202763141,-301899384
5176,33068317000,206727237,-307670660
5177,33068909000,210627331,-313393214
5178,33069502000,214542603,-319118324
5179,33070094000,218468363,-324849130
5180,33070687000,222373253,-330541798
5181,33071280000,226289211,-336232939
5182,33071872000,230198771,-341959674
5183,33072465000,234115952,-347589389
5184,33073058000,237965728,-353244004
5185,33073650000,241884703,-358923452
5186,33074243000,245796468,-364604929
5187,33074836000,249650743,-370204659
5188,33075428000,253522254,-375831754
5189,33076021000,257431285,-381445076
5190,33076614000,261307149,-387058312
5191,33077206000,265187557,-392650188
5192,33077799000,269063190,-398194430
5193,33078391000,272919612,-403770461
5194,33078984000,276776625,-409287328
5195,33079577000,280616937,-414813847
5196,33080169000,284468823,-420353675
5197,33080762000,288335648,-425867443
5198,33081355000,292181096,-431346664
5199,33081947000,296037110,-436833796
5200,33082540000,299893701,-442357591
5201,33083133000,303727954,-447774591
5202,33083725000,307540326,-453227641
5203,33084318000,311350645,-458636933
5204,33084910000,315189699,-464047445
5205,33085503000,318984471,-469451960
5206,33086096000,322831155,-474819902
5207,33086688000,326661644,-480227426
5208,33087281000,330455589,-485575736
5209,33087874000,334241728,-490906205
5210,33088466000,338028561,-496228467
5211,33089059000,341829850,-501536118
5212,33089652000,345597766,-506816764
5213,33090244000,349370041,-512088827
5214,33090837000,353208516,-517376468
5215,33091430000,356929500,-522594948
5216,33092022000,360709055,-527839899
5217,33092615000,364439916,-533030054
5218,33093207000,368233211,-538236136
5219,33093800000,371941178,-543406851
5220,33094393000,375719430,-548594697
5221,33094985000,379436858,-553699917
5222,33095578000,383211285,-558857729
5223,33096171000,386907343,-563967839
5224,33096763000,390677372,-569076611
5225,33097356000,394381679,-574152836
5226,33097949000,398075090,-579191566
5227,33098541000,401800935,-584243488
5228,33099134000,405479540,-589270726
5229,33099726000,409215682,-594251243
5230,33100319000,412894601,-599244125
5231,33100912000,416591574,-604214717
5232,33101504000,420255847,-609132394
5233,33102097000,423956743,-614114352
5234,33102690000,427619645,-618995156
5235,33103282000,431274137,-623876967
5236,33103875000,434899800,-628739761
5237,33104468000,438558427,-633583552
5238,33105060000,442221083,-638406435
5239,33105653000,445849855,-643221834
5240,33106246000,449466464,-648027418
5241,33106838000,453123221,-652795470
5242,33107431000,456765361,-657549019
5243,33108023000,460351320,-662253607
5244,33108616000,463972165,-666988108
5245,33109209000,467559982,-671658712
5246,33109801000,471109473,-676273963
5247,33110394000,474723452,-680964113
5248,33110987000,478309936,-685598145
5249,33111579000,481921617,-690213496
5250,33112172000,485467635,-694767990
5251,33112765000,489050338,-699362371
5252,33113357000,492561369,-703868305
5253,33113950000,496117936,-708422509
5254,33114542000,499657281,-712908201
5255,33115135000,503152310,-717323382
5256,33115728000,506700639,-721789424
5257,33116320000,510244784,-726242943
5258,33116913000,513720604,-730643857
5259,33117506000,517248321,-735031063
5260,33118098000,520735842,-739380877
5261,33118691000,524236771,-743717896
5262,33119284000,527739061,-748040552
5263,33119876000,531183982,-752344769
5264,33120469000,534663319,-756584758
5265,33121062000,538117218,-760833030
5266,33121654000,541626578,-765071358
5267,33122247000,545045597,-769233881
5268,33122839000,548481309,-773423241
5269,33123432000,551916212,-777552257
5270,33124025000,555337982,-781695873
5271,33124617000,558754471,-785758992
5272,33125210000,562159721,-789867242
5273,33125803000,565558396,-793891520
5274,33126395000,568932324,-797922392
5275,33126988000,572317994,-801909350
5276,33127581000,575721798,-805901249
5277,33128173000,579114816,-809852295
5278,33128766000,582466225,-813793474
5279,33129358000,585806828,-817641491
5280,33129951000,589176595,-821578359
5281,33130544000,592471635,-825372508
5282,33131136000,595819280,-829207579
5283,33131729000,599118138,-833001734
5284,33132322000,602458096,-836757443
5285,33132914000,605743015,-840514538
5286,33133507000,609047571,-844235585
5287,33134100000,612340260,-847926035
5288,33134692000,615585286,-851580680
5289,33135285000,618850008,-855212341
5290,33135878000,622152732,-858864591
5291,33136470000,625374980,-862430139
5292,33137063000,628626677,-865987533
5293,33137655000,631877958,-869528588
5294,33138248000,635076901,-873019641
5295,33138841000,638326252,-876515320
5296,33139433000,641544203,-879963921
5297,33140026000,644696930,-883339216
5298,33140619000,647905654,-886761140
5299,33141211000,651108548,-890132427
5300,33141804000,654271996,-893469740
5301,33142397000,657415607,-896762919
5302,33142989000,660601616,-900073196
5303,33143582000,663753771,-903306398
5304,33144174000,666880972,-906549314
5305,33144767000,669999769,-909749822
5306,33145360000,673142968,-912913319
5307,33145952000,676220475,-916060841
5308,33146545000,679328158,-919173950
5309,33147138000,682453892,-922259224
5310,33147730000,685467313,-925312839
5311,33148323000,688583512,-928344414
5312,33148916000,691644312,-931338749
5313,33149508000,694682362,-934303541
5314,33150101000,697723807,-937205602
5315,33150694000,700763495,-940163112
5316,33151286000,703806688,-943029496
5317,33151879000,706782337,-945878493
5318,33152471000,709789583,-948718610
5319,33153064000,712787125,-951471396
5320,33153657000,715762430,-954257458
5321,33154249000,718740584,-956974363
5322,33154842000,721719316,-959706949
5323,33155435000,724641730,-962342812
5324,33156027000,727616988,-965030801
5325,33156620000,730547495,-967618137
5326,33157213000,733474722,-970208505
5327,33157805000,736381384,-972763617
5328,33158398000,739294113,-975286226
5329,33158990000,742176903,-977807711
5330,33159583000,745048251,-980263667
5331,33160176000,747906122,-982659058
5332,33160768000,750772959,-985063466
5333,33161361000,753647032,-987448170
5334,33161954000,756475058,-989784633
5335,33162546000,759308925,-992092666
5336,33163139000,762132699,-994349238
5337,33163732000,764934433,-996625177
5338,33164324000,767753845,-998810298
5339,33164917000,770504551,-1001000747
5340,33165510000,773299586,-1003178940
5341,33166102000,776083448,-1005288708
5342,33166695000,778829833,-1007388791
5343,33167287000,781607226,-1009418367
5344,33167880000,784325489,-1011467364
5345,33168473000,787014821,-1013449359
5346,33169065000,789752449,-1015454364
5347,33169658000,792488837,-1017393198
5348,33170251000,795166869,-1019289877
5349,33170843000,797779023,-1021128536
5350,33171436000,800491051,-1022988429
5351,33172029000,803194316,-1024785053
5352,33172621000,805793704,-1026523683
5353,33173214000,808418378,-1028301659
5354,33173806000,811053103,-1030002220
5355,33174399000,813664280,-1031678268
5356,33174992000,816274615,-1033345665
5357,33175584000,818880014,-1034951298
5358,33176177000,821426522,-1036527712
5359,33176770000,823993524,-1038053942
5360,33177362000,826560254,-1039592634
5361,33177955000,829113832,-1041062693
5362,33178548000,831641600,-1042550306
5363,33179140000,834158034,-1043973646
5364,33179733000,836691344,-1045359206
5365,33180326000,839192690,-1046695118
5366,33180918000,841683889,-1048021809
5367,33181511000,844146898,-1049287559
5368,33182103000,846636112,-1050557545
5369,33182696000,849055653,-1051794552
5370,33183289000,851486476,-1052954768
5371,33183881000,853940659,-1054129833
5372,33184474000,856360371,-1055262174
5373,33185067000,858771692,-1056341914
5374,33185659000,861137805,-1057409708
5375,33186252000,863502260,-1058429873
5376,33186845000,865924085,-1059447371
5377,33187437000,868242190,-1060389668
5378,33188030000,870620949,-1061320091
5379,33188622000,872917847,-1062211659
5380,33189215000,875240339,-1063068223
5381,33189808000,877561575,-1063902572
5382,33190400000,879870596,-1064702364
5383,33190993000,882153955,-1065461527
5384,33191586000,884399243,-1066180947
5385,33192178000,886684988,-1066899266
5386,33192771000,888925034,-1067526609
5387,33193364000,891169731,-1068187941
5388,33193956000,893386800,-1068772562
5389,33194549000,895558486,-1069307920
5390,33195142000,897766449,-1069833146
5391,33195734000,899976232,-1070348104
5392,33196327000,902172421,-1070817163
5393,33196919000,904294829,-1071233617
5394,33197512000,906466574,-1071629834
5395,33198105000,908584558,-1071989406
5396,33198697000,910706888,-1072319693
5397,33199290000,912815178,-1072623164
5398,33199883000,914933394,-1072894881
5399,33200475000,917006277,-1073132609
5400,33201068000,919081600,-1073306577
5401,33201661000,921149110,-1073474226
5402,33202253000,923160260,-1073578054
5403,33202846000,925226047,-1073703350
5404,33203438000,927233744,-1073758688
5405,33204031000,929236219,-1073764682
5406,33204624000,931234232,-1073777491
5407,33205216000,933209248,-1073702466
5408,33205809000,935200922,-1073657388
5409,33206402000,937158770,-1073540220
5410,33206994000,939078131,-1073359000
5411,33207587000,941037771,-1073236520
5412,33208180000,942974200,-1073052498
5413,33208772000,944830055,-1072758028
5414,33209365000,946748649,-1072526548
5415,33209958000,948642954,-1072223973
5416,33210550000,950475075,-1071870742
5417,33211143000,952334957,-1071474184
5418,33211735000,954195482,-1071091807
5419,33212328000,956006538,-1070635595
5420,33212921000,957805217,-1070161931
5421,33213513000,959619158,-1069679275
5422,33214106000,961416816,-1069125838
5423,33214699000,963152611,-1068533290
5424,33215291000,964923530,-1067963572
5425,33215884000,966701847,-1067292641
5426,33216477000,968404258,-1066630983
5427,33217069000,970144024,-1065935184
5428,33217662000,971857211,-1065193615
5429,33218254000,973540254,-1064408641
5430,33218847000,975195021,-1063588490
5431,33219440000,976882560,-1062786970
5432,33220032000,978526234,-1061871807
5433,33220625000,980194738,-1060983364
5434,33221218000,981789011,-1060064669
5435,33221810000,983383854,-1059050797
5436,33222403000,984997782,-1058077656
5437,33222996000,986601938,-1057045600
5438,33223588000,988157084,-1055949553
5439,33224181000,989712387,-1054853774
5440,33224774000,991255662,-1053687234
5441,33225366000,992788210,-1052550973
5442,33225959000,994292136,-1051340347
5443,33226551000,995796419,-1050097176
5444,33227144000,997302398,-1048838935
5445,33227737000,998772792,-1047533912
5446,33228329000,1000234624,-1046202464
5447,33228922000,1001643670,-1044842529
5448,33229515000,1003107581,-1043426863
5449,33230107000,1004522443,-1041987415
5450,33230700000,1005929164,-1040550742
5451,33231293000,1007311960,-1039010424
5452,33231885000,1008688621,-1037521972
5453,33232478000,1010100553,-1035961664
5454,33233070000,1011399310,-1034338900
5455,33233663000,1012725932,-1032733261
5456,33234256000,1014038080,-1031082699
5457,33234848000,1015374757,-1029392080
5458,33235441000,1016651670,-1027650595
5459,33236034000,1017952722,-1025931348
5460,33236626000,1019201696,-1024111170
5461,33237219000,1020439360,-1022292887
5462,33237812000,1021682053,-1020450025
5463,33238404000,1022914171,-1018559615
5464,33238997000,1024111372,-1016676090
5465,33239590000,1025328313,-1014737757
5466,33240182000,1026501553,-1012787933
5467,33240775000,1027657423,-1010745014
5468,33241367000,1028797361,-1008698391
5469,33241960000,1029921634,-1006667348
5470,33242553000,1031075564,-1004497244
5471,33243145000,1032202171,-1002425733
5472,33243738000,1033270944,-1000224978
5473,33244331000,1034365244,-998035740
5474,33244923000,1035397262,-995816127
5475,33245516000,1036450086,-993539081
5476,33246109000,1037491190,-991266634
5477,33246701000,1038540981,-988941468
5478,33247294000,1039517609,-986578540
5479,33247886000,1040546536,-984227581
5480,33248479000,1041501531,-981799870
5481,33249072000,1042473570,-979338566
5482,33249664000,1043427924,-976880532
5483,33250257000,1044339956,-974389901
5484,33250850000,1045265973,-971830187
5485,33251442000,1046197748,-969307555
5486,33252035000,1047074109,-966671932
5487,33252628000,1047937142,-964053662
5488,33253220000,1048831642,-961398200
5489,33253813000,1049666254,-958706363
5490,33254406000,1050499987,-955983649
5491,33254998000,1051334574,-953267785
5492,33255591000,1052146676,-950514111
5493,33256183000,1052910366,-947666889
5494,33256776000,1053690975,-944849650
5495,33257369000,1054459284,-941988186
5496,33257961000,1055197530,-939082944
5497,33258554000,1055947180,-936194793
5498,33259147000,1056616595,-933191713
5499,33259739000,1057339717,-930252113
5500,33260332000,1058056374,-927268222
5501,33260925000,1058690016,-924183128
5502,33261517000,1059355775,-921137407
5503,33262110000,1060023248,-918041169
5504,33262702000,1060668019,-914947288
5505,33263295000,1061235977,-911771590
5506,33263888000,1061860992,-908584659
5507,33264480000,1062445850,-905372218
5508,33265073000,1063020031,-902146104
5509,33265666000,1063574612,-898873651
5510,33266258000,1064118786,-895573274
5511,33266851000,1064665248,-892247388
5512,33267444000,1065139548,-888879122
5513,33268036000,1065659991,-885504064
5514,33268629000,1066137515,-882135124
5515,33269222000,1066599962,-878689818
5516,33269814000,1067069289,-875264389
5517,33270407000,1067510252,-871720984
5518,33270999000,1067910857,-868242085
5519,33271592000,1068335272,-864698220
5520,33272185000,1068719911,-861118961
5521,33272777000,1069105842,-857524722
5522,33273370000,1069472267,-853934310
5523,33273963000,1069827303,-850271939
5524,33274555000,1070132344,-846568950
5525,33275148000,1070473661,-842867499
5526,33275741000,1070768316,-839151661
5527,33276333000,1071068658,-835418247
5528,33276926000,1071307894,-831620229
5529,33277518000,1071575300,-827818272
5530,33278111000,1071859583,-824004257
5531,33278704000,1072078527,-820130076
5532,33279296000,1072276685,-816259132
5533,33279889000,1072488606,-812345415
5534,33280482000,1072663665,-808410809
5535,33281074000,1072841385,-804450005
5536,33281667000,1073026416,-800490726
5537,33282260000,1073126278,-796454726
5538,33282852000,1073248108,-792439018
5539,33283445000,1073391789,-788396084
5540,33284038000,1073469164,-784306498
5541,33284630000,1073566356,-780191288
5542,33285223000,1073622794,-776049961
5543,33285815000,1073654737,-771886194
5544,33286408000,1073700278,-767709295
5545,33287001000,1073734687,-763527901
5546,33287593000,1073748519,-759292304
5547,33288186000,1073753806,-755072072
5548,33288779000,1073714850,-750749965
5549,33289371000,1073674032,-746461333
5550,33289964000,1073616717,-742166409
5551,33290557000,1073535961,-737775753
5552,33291149000,1073507363,-733416740
5553,33291742000,1073353779,-729043976
5554,33292334000,1073273532,-724598178
5555,33292927000,1073185975,-720208992
5556,33293520000,1073010074,-715749932
5557,33294112000,1072838728,-711270959
5558,33294705000,1072662987,-706751455
5559,33295298000,1072494557,-702226500
5560,33295890000,1072295433,-697662793
5561,33296483000,1072055789,-693119698
5562,33297076000,1071862145,-688524975
5563,33297668000,1071560557,-683926640
5564,33298261000,1071309522,-679293028
5565,33298854000,1071047570,-674634011
5566,33299446000,1070764197,-669985052
5567,33300039000,1070479604,-665265921
5568,33300631000,1070154285,-660553524
5569,33301224000,1069791966,-655797728
5570,33301817000,1069452325,-651048970
5571,33302409000,1069097718,-646278696
5572,33303002000,1068715340,-641474882
5573,33303595000,1068318995,-636694248
5574,33304187000,1067910147,-631809765
5575,33304780000,1067508023,-626970270
5576,33305373000,1067029819,-622080002
5577,33305965000,1066594169,-617186806
5578,33306558000,1066138705,-612268966
5579,33307150000,1065661182,-607351264
5580,33307743000,1065142720,-602387253
5581,33308336000,1064650726,-597448600
5582,33308928000,1064120091,-592424731
5583,33309521000,1063567954,-587412479
5584,33310114000,1063044131,-582378676
5585,33310706000,1062432725,-577368862
5586,33311299000,1061857252,-572296540
5587,33311892000,1061304785,-567208836
5588,33312484000,1060654040,-562133301
5589,33313077000,1060027447,-556989861
5590,33313670000,1059378400,-551885543
5591,33314262000,1058727037,-546738403
5592,33314855000,1058051565,-541525515
5593,33315447000,1057345763,-536345558
5594,33316040000,1056654062,-531147278
5595,33316633000,1055940469,-525952866
5596,33317225000,1055188058,-520697637
5597,33317818000,1054481360,-515464745
5598,33318411000,1053714999,-510208847
5599,33319003000,1052937691,-504903671
5600,33319596000,1052135085,-499607455
5601,33320189000,1051309311,-494298068
5602,33320781000,1050489943,-488978668
5603,33321374000,1049668711,-483617563
5604,33321966000,1048827283,-478267722
5605,33322559000,1047947460,-472897945
5606,33323152000,1047058871,-467483729
5607,33323744000,1046191142,-462109619
5608,33324337000,1045267038,-456694126
5609,33324930000,1044334874,-451218339
5610,33325522000,1043423548,-445792321
5611,33326115000,1042492526,-440340365
5612,33326708000,1041508868,-434860981
5613,33327300000,1040529875,-429378734
5614,33327893000,1039542300,-423852071
5615,33328486000,1038507814,-418353280
5616,33329078000,1037498329,-412850932
5617,33329671000,1036478232,-407269584
5618,33330263000,1035422149,-401742374
5619,33330856000,1034393425,-396183827
5620,33331449000,1033262263,-390594653
5621,33332041000,1032182437,-385002475
5622,33332634000,1031074550,-379352178
5623,33333227000,1029964494,-373802449
5624,33333819000,1028829478,-368136758
5625,33334412000,1027687552,-362539124
5626,33335005000,1026515211,-356882828
5627,33335597000,1025309469,-351224038
5628,33336190000,1024132420,-345550073
5629,33336782000,1022915352,-339877398
5630,33337375000,1021688788,-334162690
5631,33337968000,1020469654,-328476574
5632,33338560000,1019208296,-322768853
5633,33339153000,1017957488,-317043701
5634,33339746000,1016664366,-311300308
5635,33340338000,1015390045,-305582518
5636,33340931000,1014064275,-299788420
5637,33341524000,1012761555,-294045904
5638,33342116000,1011402203,-288285865
5639,33342709000,1010079364,-282476917
5640,33343302000,1008680945,-276716176
5641,33343894000,1007338217,-270942337
5642,33344487000,1005946578,-265124346
5643,33345079000,1004542163,-259287649
5644,33345672000,1003096869,-253481495
5645,33346265000,1001656083,-247630403
5646,33346857000,1000219590,-241837369
5647,33347450000,998752939,-235940346
5648,33348043000,997285633,-230105374
5649,33348635000,995822106,-224272300
5650,33349228000,994300655,-218377949
5651,33349821000,992769644,-212519492
5652,33350413000,991277943,-206669509
5653,33351006000,989706528,-200746884
5654,33351598000,988150170,-194855912
5655,33352191000,986618428,-188980939
5656,33352784000,984993113,-183067332
5657,33353376000,983426153,-177127161
5658,33353969000,981802160,-171244897
5659,33354562000,980190980,-165324802
5660,33355154000,978565728,-159406845
5661,33355747000,976922163,-153476254
5662,33356340000,975216356,-147527621
5663,33356932000,973544693,-141589959
5664,33357525000,971853960,-135619133
5665,33358118000,970141289,-129671751
5666,33358710000,968429549,-123728541
5667,33359303000,966654948,-117780815
5668,33359895000,964945597,-111827402
5669,33360488000,963196939,-105851130
5670,33361081000,961442649,-99929361
5671,33361673000,959631201,-93909850
5672,33362266000,957819708,-87956614
5673,33362859000,956008384,-81965916
5674,33363451000,954204370,-76006244
5675,33364044000,952354125,-70041097
5676,33364637000,950502616,-64036812
5677,33365229000,948637367,-58062005
5678,33365822000,946751462,-52067773
5679,33366414000,944862986,-46078538
5680,33367007000,942982650,-40110296
5681,33367600000,941053858,-34082827
5682,33368192000,939125244,-28108072
5683,33368785000,937161466,-22101050
5684,33369378000,935206596,-16109749
5685,33369970000,933243208,-10113235
5686,33370563000,931239728,-4118430
5687,33371156000,929274221,1880408
5688,33371748000,927230506,7869830
5689,33372341000,925255799,13843321
5690,33372934000,923202508,19875506
5691,33373526000,921145262,25846718
5692,33374119000,919099260,31833655
5693,33374711000,917014159,37827745
5694,33375304000,914919729,43811483
5695,33375897000,912836853,49796582
5696,33376489000,910744704,55771257
5697,33377082000,908592708,61804076
5698,33377675000,906450809,67760902
5699,33378267000,904344092,73750856
5700,33378860000,902160083,79732972
5701,33379453000,899980664,85687199
5702,33380045000,897814147,91696487
5703,33380638000,895618526,97596687
5704,33381230000,893376290,103610755
5705,33381823000,891141637,109583196
5706,33382416000,888929398,115551954
5707,33383008000,886666118,121480616
5708,33383601000,884417953,127475546
5709,33384194000,882140844,133398861
5710,33384786000,879854918,139342978
5711,33385379000,877603276,145291138
5712,33385972000,875242934,151224136
5713,33386564000,872913087,157143949
5714,33387157000,870605085,163100828
5715,33387750000,868262033,168981406
5716,33388342000,865900245,174925474
5717,33388935000,863530838,180819134
5718,33389527000,861151760,186752515
5719,33390120000,858746984,192658855
5720,33390713000,856374519,198574840
5721,33391305000,853943943,204414387
5722,33391898000,851514515,210320342
5723,33392491000,849075320,216204967
5724,33393083000,846603327,222057985
5725,33393676000,844147669,227901183
5726,33394269000,841682749,233771786
5727,33394861000,839220223,239615043
5728,33395454000,836716757,245440987
5729,33396046000,834191976,251295319
5730,33396639000,831657250,257111540
5731,33397232000,829156637,262934187
5732,33397824000,826602128,268756684
5733,33398417000,824022830,274544363
5734,33399010000,821466761,280348379
5735,33399602000,818864663,286119897
5736,33400195000,816325345,291866408
5737,33400788000,813676565,297676068
5738,33401380000,811088058,303380195
5739,33401973000,808436137,309152650
5740,33402566000,805799875,314894412
5741,33403158000,803191394,320616120
5742,33403751000,800534728,326328168
5743,33404343000,797843577,332017627
5744,33404936000,795149175,337713186
5745,33405529000,792456795,343390669
5746,33406121000,789786966,349071609
5747,33406714000,787059001,354747659
5748,33407307000,784337984,360399422
5749,33407899000,781602158,366045498
5750,33408492000,778839274,371679253
5751,33409085000,776098953,377270617
5752,33409677000,773318523,382911202
5753,33410270000,770573812,388467495
5754,33410862000,767747384,394056397
5755,33411455000,764956338,399661213
5756,33412048000,762146564,405207294
5757,33412640000,759349717,410746546
5758,33413233000,756496719,416287872
5759,33413826000,753641511,421809122
5760,33414418000,750803723,427290066
5761,33415011000,747940167,432787334
5762,33415604000,745095062,438301519
5763,33416196000,742209994,443764257
5764,33416789000,739325365,449182646
5765,33417382000,736358599,454633349
5766,33417974000,733488598,460053004
5767,33418567000,730579619,465493454
5768,33419159000,727623456,470864455
5769,33419752000,724668838,476260521
5770,33420345000,721713404,481613029
5771,33420937000,718780612,486938155
5772,33421530000,715787815,492306683
5773,33422123000,712825903,497613163
5774,33422715000,709797926,502891894
5775,33423308000,706805584,508210990
5776,33423901000,703803099,513454645
5777,33424493000,700810966,518709059
5778,33425086000,697746962,523968131
5779,33425678000,694694140,529203910
5780,33426271000,691639902,534389049
5781,33426864000,688613212,539589161
5782,33427456000,685534474,544765905
5783,33428049000,682418216,549934850
5784,33428642000,679329375,555082745
5785,33429234000,676241051,560205890
5786,33429827000,673149660,565290060
5787,33430420000,670022842,570386595
5788,33431012000,666910468,575439556
5789,33431605000,663764457,580491660
5790,33432198000,660624779,585515644
5791,33432790000,657461193,590559411
5792,33433383000,654285004,595547147
5793,33433975000,651115062,600508115
5794,33434568000,647933422,605485569
5795,33435161000,644736936,610450759
5796,33435753000,641545768,615349863
5797,33436346000,638318016,620284195
5798,33436939000,635147433,625129751
5799,33437531000,631896990,630009705
5800,33438124000,628670197,634844499
5801,33438717000,625433946,639674029
5802,33439309000,622178598,644458329
5803,33439902000,618885069,649295032
5804,33440494000,615610771,654026709
5805,33441087000,612380481,658772784
5806,33441680000,609070510,663492084
5807,33442272000,605733222,668229301
5808,33442865000,602467039,672864131
5809,33443458000,599148220,677520107
5810,33444050000,595827876,682186844
5811,33444643000,592523100,686825472
5812,33445236000,589183652,691375253
5813,33445828000,585836315,695960209
5814,33446421000,582464425,700532701
5815,33447014000,579115374,705046040
5816,33447606000,575735578,709552468
5817,33448199000,572352819,714065267
5818,33448791000,568968659,718523593
5819,33449384000,565576511,722978261
5820,33449977000,562170955,727405898
5821,33450569000,558762683,731827416
5822,33451162000,555336449,736183732
5823,33451755000,551919679,740502957
5824,33452347000,548510011,744871989
5825,33452940000,545065255,749134520
5826,33453533000,541592211,753443659
5827,33454125000,538167698,757697494
5828,33454718000,534701104,761959211
5829,33455310000,531216380,766134218
5830,33455903000,527743746,770332994
5831,33456496000,524240357,774501634
5832,33457088000,520755566,778626103
5833,33457681000,517274417,782743141
5834,33458274000,513784679,786828277
5835,33458866000,510261532,790918839
5836,33459459000,506746403,794933919
5837,33460052000,503229498,798980910
5838,33460644000,499663715,802972265
5839,33461237000,496129356,806929178
5840,33461830000,492589285,810871816
5841,33462422000,489054841,814790813
5842,33463015000,485471110,818673027
5843,33463607000,481941974,822545880
5844,33464200000,478321272,826395168
5845,33464793000,474754339,830212518
5846,33465385000,471172952,833974596
5847,33465978000,467568564,837717483
5848,33466571000,463996297,841500748
5849,33467163000,460367394,845194225
5850,33467756000,456746778,848891958
5851,33468349000,453135554,852525462
5852,33468941000,449493638,856170118
5853,33469534000,445878984,859776238
5854,33470126000,442210867,863366395
5855,33470719000,438575435,866920424
5856,33471312000,434959068,870443048
5857,33471904000,431277832,873913376
5858,33472497000,427603424,877394369
5859,33473090000,423944492,880851908
5860,33473682000,420284408,884259328
5861,33474275000,416560280,887646565
5862,33474868000,412918398,890976747
5863,33475460000,409255982,894332755
5864,33476053000,405542021,897631242
5865,33476646000,401831776,900897858
5866,33477238000,398119878,904109508
5867,33477831000,394392903,907335352
5868,33478423000,390668251,910597561
5869,33479016000,386965826,913736485
5870,33479609000,383202564,916857943
5871,33480201000,379497443,919963838
5872,33480794000,375751649,923035823
5873,33481387000,371984888,926101562
5874,33481979000,368238167,929092101
5875,33482572000,364458359,932111886
5876,33483165000,360731148,935039944
5877,33483757000,356956781,937999642
5878,33484350000,353174925,940911875
5879,33484942000,349408158,943769445
5880,33485535000,345662732,946595404
5881,33486128000,341875264,949441325
5882,33486720000,338067493,952240162
5883,33487313000,334257822,954967483
5884,33487906000,330434002,957705655
5885,33488498000,326667590,960380475
5886,33489091000,322819634,963037116
5887,33489684000,319042218,965694327
5888,33490276000,315233252,968300182
5889,33490869000,311399511,970896772
5890,33491462000,307578215,973409180
5891,33492054000,303742377,975960124
5892,33492647000,299898006,978423459
5893,33493239000,296037395,980898270
5894,33493832000,292226225,983302440
5895,33494425000,288374538,985696197
5896,33495017000,284530395,988065530
5897,33495610000,280660316,990363281
5898,33496203000,276832987,992674221
5899,33496795000,272926041,994968535
5900,33497388000,269111787,997195765
5901,33497981000,265196025,999433991
5902,33498573000,261319350,1001599909
5903,33499166000,257468057,1003711334
5904,33499758000,253563323,1005860182
5905,33500351000,249705445,1007919161
5906,33500944000,245806307,1009929807
5907,33501536000,241921357,1012010383
5908,33502129000,238020319,1013996923
5909,33502722000,234099322,1015942887
5910,33503314000,230216906,1017866315
5911,33503907000,226303240,1019737739
5912,33504500000,222386085,1021613991
5913,33505092000,218476725,1023452545
5914,33505685000,214559926,1025237465
5915,33506278000,210643017,1026992610
5916,33506870000,206729694,1028765465
5917,33507463000,202794861,1030425821
5918,33508055000,198889605,1032095207
5919,33508648000,194946982,1033768931
5920,33509241000,191032834,1035371580
5921,33509833000,187095311,1036939893
5922,33510426000,183179664,1038478431
5923,33511019000,179211297,1039983351
5924,33511611000,175274912,1041455290
5925,33512204000,171354264,1042897534
5926,33512797000,167379572,1044318095
5927,33513389000,163426525,1045694595
5928,33513982000,159503330,1047030293
5929,33514574000,155539444,1048379160
5930,33515167000,151541632,1049637830
5931,33515760000,147642959,1050882451
5932,33516352000,143656690,1052112238
5933,33516945000,139720463,1053278916
5934,33517538000,135737337,1054434553
5935,33518130000,131772130,1055537780
5936,33518723000,127811790,1056632203
5937,33519316000,123827461,1057663868
5938,33519908000,119859793,1058688693
5939,33520501000,115897649,1059678249
5940,33521094000,111920540,1060651866
5941,33521686000,107952168,1061529552
5942,33522279000,103999512,1062443083
5943,33522871000,100004285,1063272684
5944,33523464000,96013851,1064119242
5945,33524057000,92017422,1064853126
5946,33524649000,88038445,1065627625
5947,33525242000,84064321,1066337182
5948,33525835000,80085905,1067073999
5949,33526427000,76081549,1067717579
5950,33527020000,72124206,1068296139
5951,33527613000,68118566,1068911682
5952,33528205000,64125178,1069465998
5953,33528798000,60143438,1069984399
5954,33529390000,56132558,1070490119
5955,33529983000,52148622,1070925222
5956,33530576000,48162693,1071353677
5957,33531168000,44184330,1071733765
5958,33531761000,40179835,1072067271
5959,33532354000,36196779,1072393459
5960,33532946000,32203267,1072705313
5961,33533539000,28197015,1072966613
5962,33534132000,24237894,1073171489
5963,33534724000,20212878,1073353736
5964,33535317000,16234244,1073520657
5965,33535910000,12195762,1073591493
5966,33536502000,8219258,1073710233
5967,33537095000,4220534,1073751760
5968,33537687000,236217,1073765391
5969,33538280000,-3771409,1073761518
5970,33538873000,-7774783,1073689199
5971,33539465000,-11787785,1073635132
5972,33540058000,-15732929,1073501668
5973,33540651000,-19747151,1073381932
5974,33541243000,-23780779,1073174874
5975,33541836000,-27720906,1072969645
5976,33542429000,-31770960,1072726071
5977,33543021000,-35717432,1072439009
5978,33543614000,-39680198,1072131452
5979,33544206000,-43731884,1071792747
5980,33544799000,-47742555,1071411488
5981,33545392000,-51733223,1070966968
5982,33545984000,-55674006,1070522071
5983,33546577000,-59668892,1070040498
5984,33547170000,-63672409,1069501612
5985,33547762000,-67672315,1068967745
5986,33548355000,-71642679,1068388690
5987,33548948000,-75638119,1067784548
5988,33549540000,-79621662,1067149158
5989,33550133000,-83593653,1066452036
5990,33550726000,-87601771,1065714231
5991,33551318000,-91579116,1064957810
5992,33551911000,-95536618,1064211254
5993,33552503000,-99547045,1063404341
5994,33553096000,-103487676,1062531466
5995,33553689000,-107481952,1061649278
5996,33554281000,-111451209,1060770774
5997,33554874000,-115429931,1059795057
5998,33555467000,-119391682,1058830486
5999,33556059000,-123389057,1057765188
6000,33556652000,-127313547,1056747735
6001,33557245000,-131302485,1055675382
6002,33557837000,-135281013,1054571593
6003,33558430000,-139256992,1053419292
6004,33559022000,-143196422,1052232102
6005,33559615000,-147190010,1051019478
6006,33560208000,-151130327,1049750083
6007,33560800000,-155081030,1048504673
6008,33561393000,-159031650,1047187545
6009,33561986000,-162942588,1045842379
6010,33562578000,-166939086,1044498063
6011,33563171000,-170900282,1043045736
6012,33563764000,-174844934,1041631386
6013,33564356000,-178728694,1040150233
6014,33564949000,-182711642,1038671494
6015,33565542000,-186642415,1037142019
6016,33566134000,-190570495,1035568490
6017,33566727000,-194503028,1033945926
6018,33567319000,-198421738,1032307756
6019,33567912000,-202377391,1030621201
6020,33568505000,-206272009,1028946107
6021,33569097000,-210199192,1027196351
6022,33569690000,-214105250,1025434613
6023,33570283000,-218031360,1023689147
6024,33570875000,-221935769,1021837835
6025,33571468000,-225865045,1019995748
6026,33572061000,-229748259,1018101106
6027,33572653000,-233650580,1016156966
6028,33573246000,-237557986,1014209694
6029,33573838000,-241469690,1012235043
6030,33574431000,-245344901,1010230576
6031,33575024000,-249233115,1008169924
6032,33575616000,-253135892,1006087600
6033,33576209000,-257018861,1003969471
6034,33576802000,-260886022,1001836131
6035,33577394000,-264742002,999672453
6036,33577987000,-268642705,997443978
6037,33578580000,-272486532,995205729
6038,33579172000,-276327623,992952394
6039,33579765000,-280246542,990669436
6040,33580358000,-284089062,988315212
6041,33580950000,-287931761,985973220
6042,33581543000,-291787063,983587768
6043,33582135000,-295612297,981160622
6044,33582728000,-299453848,978721382
6045,33583321000,-303294576,976247768
6046,33583913000,-307104051,973692591
6047,33584506000,-310946148,971183744
6048,33585099000,-314745941,968631961
6049,33585691000,-318586098,966008564
6050,33586284000,-322437627,963384942
6051,33586877000,-326252407,960712772
6052,33587469000,-330006468,958014035
6053,33588062000,-333823374,955309605
6054,33588654000,-337620299,952533917
6055,33589247000,-341414473,949790788
6056,33589840000,-345209222,946959425
6057,33590432000,-348958557,944094911
6058,33591025000,-352716804,941213784
6059,33591618000,-356514028,938333149
6060,33592210000,-360309491,935419504
6061,33592803000,-364042384,932450884
6062,33593396000,-367828135,929472544
6063,33593988000,-371567936,926454370
6064,33594581000,-375302491,923411404
6065,33595174000,-379045221,920332681
6066,33595766000,-382806280,917219290
6067,33596359000,-386510015,914115116
6068,33596951000,-390266746,910939892
6069,33597544000,-393970845,907735721
6070,33598137000,-397648920,904547265
6071,33598729000,-401399460,901280996
6072,33599322000,-405081561,898027493
6073,33599915000,-408787537,894698668
6074,33600507000,-412475757,891387932
6075,33601100000,-416161724,888017525
6076,33601693000,-419837185,884648224
6077,33602285000,-423507813,881223497
6078,33602878000,-427200167,877787147
6079,33603470000,-430885963,874300179
6080,33604063000,-434518285,870845444
6081,33604656000,-438170118,867280515
6082,33605248000,-441818981,863765037
6083,33605841000,-445427601,860195762
6084,33606434000,-449059330,856597801
6085,33607026000,-452733424,852956461
6086,33607619000,-456363509,849298715
6087,33608212000,-459938119,845609502
6088,33608804000,-463572225,841924387
6089,33609397000,-467135473,838180870
6090,33609990000,-470763554,834418404
6091,33610582000,-474332785,830648490
6092,33611175000,-477900622,826854680
6093,33611767000,-481511419,822972013
6094,33612360000,-485066348,819111704
6095,33612953000,-488636441,815259999
6096,33613545000,-492169858,811301609
6097,33614138000,-495736185,807385879
6098,33614731000,-499253274,803420352
6099,33615323000,-502825721,799445861
6100,33615916000,-506356663,795400023
6101,33616509000,-509834637,791375328
6102,33617101000,-513349034,787318610
6103,33617694000,-516874936,783212329
6104,33618286000,-520385369,779077547
6105,33618879000,-523854727,774956820
6106,33619472000,-527348954,770821702
6107,33620064000,-530827910,766614257
6108,33620657000,-534291170,762407686
6109,33621250000,-537754981,758193385
6110,33621842000,-541207661,753932506
6111,33622435000,-544628773,749639861
6112,33623028000,-548124529,745352195
6113,33623620000,-551526358,741010920
6114,33624213000,-554968981,736646109
6115,33624806000,-558357412,732292715
6116,33625398000,-561777397,727880488
6117,33625991000,-565192928,723469554
6118,33626583000,-568584112,719041014
6119,33627176000,-571968828,714572595
6120,33627769000,-575327315,710105069
6121,33628361000,-578753599,705565616
6122,33628954000,-582081725,701061238
6123,33629547000,-585448429,696495221
6124,33630139000,-588772547,691924115
6125,33630732000,-592114506,687327416
6126,33631325000,-595427494,682714744
6127,33631917000,-598773519,678117243
6128,33632510000,-602083484,673431520
6129,33633102000,-605387999,668750357
6130,33633695000,-608679614,664029807
6131,33634288000,-611966680,659318388
6132,33634880000,-615244051,654590890
6133,33635473000,-618498458,649837830
6134,33636066000,-621782359,645039687
6135,33636658000,-625020143,640250072
6136,33637251000,-628278643,635408066
6137,33637844000,-631528260,630570422
6138,33638436000,-634773687,625671943
6139,33639029000,-637979298,620829931
6140,33639622000,-641196148,615925174
6141,33640214000,-644377559,610991915
6142,33640807000,-647527501,606050582
6143,33641399000,-650757565,601108670
6144,33641992000,-653924468,596126372
6145,33642585000,-657073475,591116804
6146,33643177000,-660256618,586126880
6147,33643770000,-663426418,581071488
6148,33644363000,-666532175,576021698
6149,33644955000,-669665594,570971957
6150,33645548000,-672766304,565890050
6151,33646141000,-675872905,560806821
6152,33646733000,-678991785,555659141
6153,33647326000,-682061764,550542747
6154,33647918000,-685159679,545356892
6155,33648511000,-688228769,540197537
6156,33649104000,-691299505,534995910
6157,33649696000,-694364516,529795375
6158,33650289000,-697373047,524585983
6159,33650882000,-700463604,519330357
6160,33651474000,-703426143,514122018
6161,33652067000,-706468991,508780068
6162,33652660000,-709450197,503518637
6163,33653252000,-712473514,498234097
6164,33653845000,-715459011,492891084
6165,33654438000,-718449488,487569524
6166,33655030000,-721377064,482222246
6167,33655623000,-724315863,476857506
6168,33656215000,-727289249,471512140
6169,33656808000,-730210438,466118564
6170,33657401000,-733138868,460707508
6171,33657993000,-736070575,455277994
6172,33658586000,-738973073,449832179
6173,33659179000,-741828467,444376263
6174,33659771000,-744734795,438926699
6175,33660364000,-747621216,433428256
6176,33660957000,-750482025,427943226
6177,33661549000,-753332051,422416313
6178,33662142000,-756157944,416931925
6179,33662734000,-759016192,411384485
6180,33663327000,-761841095,405814111
6181,33663920000,-764620911,400292394
6182,33664512000,-767444448,394723292
6183,33665105000,-770225688,389140154
6184,33665698000,-773015150,383558239
6185,33666290000,-775798843,377931275
6186,33666883000,-778524117,372321893
6187,33667476000,-781300329,366691477
6188,33668068000,-784024042,361034266
6189,33668661000,-786743422,355406125
6190,33669254000,-789455367,349770981
6191,33669846000,-792177860,344063923
6192,33670439000,-794864800,338376496
6193,33671031000,-797538701,332695684
6194,33671624000,-800208902,326982770
6195,33672217000,-802861264,321282744
6196,33672809000,-805495337,315552681
6197,33673402000,-808117209,309821204
6198,33673995000,-810772283,304079997
6199,33674587000,-813387989,298321178
6200,33675180000,-815985396,292584178
6201,33675773000,-818597002,286778685
6202,33676365000,-821153051,281011140
6203,33676958000,-823718743,275214342
6204,33677550000,-826287555,269428971
6205,33678143000,-828828412,263601896
6206,33678736000,-831365917,257794326
6207,33679328000,-833904560,251972439
6208,33679921000,-836386449,246154227
6209,33680514000,-838900884,240296312
6210,33681106000,-841394714,234458410
6211,33681699000,-843852602,228606052
6212,33682292000,-846312010,222715509
6213,33682884000,-848798002,216854710
6214,33683477000,-851226468,210999813
6215,33684070000,-853666413,205096096
6216,33684662000,-856083241,199183320
6217,33685255000,-858473472,193343436
6218,33685847000,-860873741,187434656
6219,33686440000,-863266768,181493764
6220,33687033000,-865645527,175596160
6221,33687625000,-867957128,169726145
6222,33688218000,-870349587,163776234
6223,33688811000,-872705953,157839298
6224,33689403000,-874986729,151904717
6225,33689996000,-877304715,145981933
6226,33690589000,-879625100,140002320
6227,33691181000,-881906526,134088489
6228,33691774000,-884171007,128126997
6229,33692366000,-886429130,122182097
6230,33692959000,-888699944,116232398
6231,33693552000,-890873589,110272525
6232,33694144000,-893133703,104275458
6233,33694737000,-895330629,98357997
6234,33695330000,-897538861,92377409
6235,33695922000,-899715460,86379910
6236,33696515000,-901917921,80417873
6237,33697108000,-904056117,74461444
6238,33697700000,-906223726,68455125
6239,33698293000,-908351504,62464666
6240,33698886000,-910490638,56482478
6241,33699478000,-912589693,50507272
6242,33700071000,-914705189,44500428
6243,33700663000,-916790368,38523535
6244,33701256000,-918848079,32514807
6245,33701849000,-920879779,26547030
6246,33702441000,-922966819,20532663
6247,33703034000,-924988009,14575124
6248,33703627000,-927008398,8568436
6249,33704219000,-929013610,2563176
6250,33704812000,-931029028,-3421179
6251,33705405000,-933005083,-9441308
6252,33705997000,-935001229,-15440751
6253,33706590000,-936923769,-21397700
6254,33707182000,-938852194,-27418076
6255,33707775000,-940831287,-33400655
6256,33708368000,-942722807,-39359684
6257,33708960000,-944639961,-45377543
6258,33709553000,-946533043,-51339268
6259,33710146000,-948402629,-57325244
6260,33710738000,-950287454,-63354798
6261,33711331000,-952146002,-69312725
6262,33711924000,-953985753,-75296933
6263,33712516000,-955784225,-81274589
6264,33713109000,-957604963,-87267634
6265,33713702000,-959452482,-93214877
6266,33714294000,-961229296,-99176661
6267,33714887000,-962985027,-105170856
6268,33715479000,-964729547,-111141571
6269,33716072000,-966462080,-117072983
6270,33716665000,-968225687,-123038313
6271,33717257000,-969961594,-129003461
6272,33717850000,-971657533,-134962948
6273,33718443000,-973348209,-140879831
6274,33719035000,-975021582,-146835488
6275,33719628000,-976700843,-152763218
6276,33720221000,-978329065,-158691553
6277,33720813000,-979982941,-164653635
6278,33721406000,-981598729,-170546485
6279,33721998000,-983236565,-176463312
6280,33722591000,-984836006,-182394635
6281,33723184000,-986424477,-188284855
6282,33723776000,-987985090,-194176222
6283,33724369000,-989524851,-200099415
6284,33724962000,-991076977,-205958036
6285,33725554000,-992616964,-211846646
6286,33726147000,-994153250,-217715779
6287,33726740000,-995638976,-223599876
6288,33727332000,-997110797,-229417658
6289,33727925000,-998584676,-235296426
6290,33728518000,-1000075533,-241158472
6291,33729110000,-1001503995,-246951044
6292,33729703000,-1002987623,-252837292
6293,33730295000,-1004350760,-258604911
6294,33730888000,-1005769124,-264423654
6295,33731481000,-1007145782,-270252711
6296,33732073000,-1008563130,-276046755
6297,33732666000,-1009907197,-281801508
6298,33733259000,-1011231974,-287597392
6299,33733851000,-1012587536,-293378128
6300,33734444000,-1013941159,-299150984
6301,33735037000,-1015237543,-304914284
6302,33735629000,-1016531898,-310652896
6303,33736222000,-1017802856,-316355700
6304,33736814000,-1019042472,-322102591
6305,33737407000,-1020320000,-327802491
6306,33738000000,-1021557635,-333520490
6307,33738592000,-1022786035,-339221172
6308,33739185000,-1024000319,-344854551
6309,33739778000,-1025186401,-350565571
6310,33740370000,-1026368524,-356223810
6311,33740963000,-1027519971,-361879525
6312,33741556000,-1028673396,-367511276
6313,33742148000,-1029809802,-373152920
6314,33742741000,-1030951691,-378764334
6315,33743334000,-1032064113,-384383044
6316,33743926000,-1033134815,-389950028
6317,33744519000,-1034260642,-395529303
6318,33745111000,-1035292094,-401105601
6319,33745704000,-1036353276,-406641328
6320,33746297000,-1037408565,-412180945
6321,33746889000,-1038372915,-417723027
6322,33747482000,-1039396662,-423204174
6323,33748075000,-1040429007,-428712581
6324,33748667000,-1041379362,-434207431
6325,33749260000,-1042393278,-439750026
6326,33749853000,-1043311958,-445151418
6327,33750445000,-1044237589,-450614534
6328,33751038000,-1045182066,-456032481
6329,33751630000,-1046115855,-461459071
6330,33752223000,-1046966500,-466875086
6331,33752816000,-1047857137,-472242451
6332,33753408000,-1048741821,-477635865
6333,33754001000,-1049566985,-483001472
6334,33754594000,-1050403493,-488353247
6335,33755186000,-1051200894,-493692599
6336,33755779000,-1052038196,-498975477
6337,33756372000,-1052819475,-504294576
6338,33756964000,-1053611553,-509563487
6339,33757557000,-1054390363,-514862790
6340,33758150000,-1055106633,-520091631
6341,33758742000,-1055863656,-525334721
6342,33759335000,-1056566232,-530548659
6343,33759927000,-1057272967,-535741783
6344,33760520000,-1057936439,-540907579
6345,33761113000,-1058633505,-546118901
6346,33761705000,-1059316951,-551272005
6347,33762298000,-1059951559,-556377124
6348,33762891000,-1060576215,-561526320
6349,33763483000,-1061206982,-566628448
6350,33764076000,-1061812410,-571717023
6351,33764669000,-1062382995,-576783704
6352,33765261000,-1062959885,-581856294
6353,33765854000,-1063521206,-586870028
6354,33766446000,-1064067845,-591844875
6355,33767039000,-1064598387,-596861139
6356,33767632000,-1065084386,-601827751
6357,33768224000,-1065618060,-606809142
6358,33768817000,-1066088028,-611736883
6359,33769410000,-1066557049,-616622364
6360,33770002000,-1067000062,-621513697
6361,33770595000,-1067418641,-626409827
6362,33771188000,-1067878318,-631253593
6363,33771780000,-1068267364,-636092676
6364,33772373000,-1068678528,-640900967
6365,33772966000,-1069054261,-645729257
6366,33773558000,-1069416608,-650510182
6367,33774151000,-1069788809,-655258758
6368,33774743000,-1070108538,-659994258
6369,33775336000,-1070421951,-664714815
6370,33775929000,-1070733398,-669422479
6371,33776521000,-1071031383,-674070162
6372,33777114000,-1071287327,-678749019
6373,33777707000,-1071576464,-683392179
6374,33778299000,-1071807066,-687985517
6375,33778892000,-1072033223,-692575503
6376,33779485000,-1072264003,-697179846
6377,33780077000,-1072470612,-701732809
6378,33780670000,-1072631444,-706235540
6379,33781262000,-1072833389,-710734205
6380,33781855000,-1072974989,-715217638
6381,33782448000,-1073122015,-719665705
6382,33783040000,-1073250972,-724116473
6383,33783633000,-1073352054,-728518725
6384,33784226000,-1073439514,-732928197
6385,33784818000,-1073549253,-737279436
6386,33785411000,-1073625250,-741666580
6387,33786004000,-1073659356,-745986740
6388,33786596000,-1073717172,-750287696
6389,33787189000,-1073711153,-754527898
6390,33787782000,-1073729551,-758806616
6391,33788374000,-1073748896,-763012614
6392,33788967000,-1073702296,-767207433
6393,33789559000,-1073678773,-771426806
6394,33790152000,-1073640763,-775587759
6395,33790745000,-1073565847,-779710592
6396,33791337000,-1073468590,-783815579
6397,33791930000,-1073405419,-787939341
6398,33792523000,-1073267753,-791952001
6399,33793115000,-1073184084,-796012176
6400,33793708000,-1073022977,-800001822
6401,33794301000,-1072838271,-803959454
6402,33794893000,-1072692807,-807957791
6403,33795486000,-1072521908,-811905683
6404,33796078000,-1072326161,-815774700
6405,33796671000,-1072106074,-819703518
6406,33797264000,-1071885661,-823528216
6407,33797856000,-1071607502,-827341234
6408,33798449000,-1071325559,-831164085
6409,33799042000,-1071105138,-834978735
6410,33799634000,-1070794198,-838716777
6411,33800227000,-1070504160,-842465200
6412,33800820000,-1070166882,-846167486
6413,33801412000,-1069824416,-849831584
6414,33802005000,-1069512653,-853496037
6415,33802598000,-1069128870,-857108301
6416,33803190000,-1068762081,-860699791
6417,33803783000,-1068376047,-864286304
6418,33804375000,-1067949030,-867813759
6419,33804968000,-1067515421,-871327392
6420,33805561000,-1067075034,-874846735
6421,33806153000,-1066646085,-878288503
6422,33806746000,-1066183650,-881724825
6423,33807339000,-1065698116,-885145013
6424,33807931000,-1065200870,-888529583
6425,33808524000,-1064700278,-891867183
6426,33809117000,-1064168995,-895211156
6427,33809709000,-1063631397,-898486104
6428,33810302000,-1063079140,-901764203
6429,33810894000,-1062515004,-905012555
6430,33811487000,-1061941554,-908236882
6431,33812080000,-1061362325,-911398639
6432,33812672000,-1060716734,-914552219
6433,33813265000,-1060078857,-917671589
6434,33813858000,-1059453076,-920762777
6435,33814450000,-1058823290,-923863078
6436,33815043000,-1058111035,-926878826
6437,33815636000,-1057431813,-929901074
6438,33816228000,-1056709797,-932870803
6439,33816821000,-1056025211,-935812930
6440,33817414000,-1055287849,-938779630
6441,33818006000,-1054594173,-941646221
6442,33818599000,-1053766023,-944513768
6443,33819191000,-1052989746,-947343539
6444,33819784000,-1052249549,-950153698
6445,33820377000,-1051414273,-952944552
6446,33820969000,-1050601413,-955686866
6447,33821562000,-1049744519,-958397686
6448,33822155000,-1048899320,-961090967
6449,33822747000,-1048069334,-963783218
6450,33823340000,-1047202861,-966386228
6451,33823933000,-1046270799,-968961077
6452,33824525000,-1045383476,-971560172
6453,33825118000,-1044472450,-974094610
6454,33825710000,-1043527528,-976594882
6455,33826303000,-1042578468,-979086819
6456,33826896000,-1041598371,-981482386
6457,33827488000,-1040634099,-983932096
6458,33828081000,-1039650691,-986312854
6459,33828674000,-1038618606,-988648181
6460,33829266000,-1037622948,-990988111
6461,33829859000,-1036576089,-993286986
6462,33830452000,-1035541481,-995550792
6463,33831044000,-1034463301,-997753074
6464,33831637000,-1033403227,-999985543
6465,33832230000,-1032307118,-1002168259
6466,33832822000,-1031217002,-1004265141
6467,33833415000,-1030047710,-1006374669
6468,33834007000,-1028959172,-1008438004
6469,33834600000,-1027820757,-1010511129
6470,33835193000,-1026615293,-1012507128
6471,33835785000,-1025442120,-1014519366
6472,33836378000,-1024235614,-1016443373
6473,33836971000,-1023074163,-1018384493
6474,33837563000,-1021841041,-1020216556
6475,33838156000,-1020573244,-1022108886
6476,33838749000,-1019349114,-1023901398
6477,33839341000,-1018086554,-1025716620
6478,33839934000,-1016781042,-1027455374
6479,33840526000,-1015519963,-1029157405
6480,33841119000,-1014222955,-1030888655
6481,33841712000,-1012893763,-1032542298
6482,33842304000,-1011558529,-1034167790
6483,33842897000,-1010209247,-1035778892
6484,33843490000,-1008847858,-1037326977
6485,33844082000,-1007482568,-1038896231
6486,33844675000,-1006084625,-1040347786
6487,33845268000,-1004667916,-1041857024
6488,33845860000,-1003253784,-1043266324
6489,33846453000,-1001856458,-1044700534
6490,33847046000,-1000364124,-1046031995
6491,33847638000,-998953288,-1047412312
6492,33848231000,-997475387,-1048685698
6493,33848823000,-995970111,-1049961539
6494,33849416000,-994469395,-1051195691
6495,33850009000,-992955719,-1052405719
6496,33850601000,-991444828,-1053581768
6497,33851194000,-989885393,-1054729490
6498,33851787000,-988340711,-1055824394
6499,33852379000,-986749838,-1056903768
6500,33852972000,-985178660,-1057954202
6501,33853565000,-983597800,-1058968945
6502,33854157000,-981978565,-1059931229
6503,33854750000,-980370049,-1060868307
6504,33855342000,-978731160,-1061763051
6505,33855935000,-977080810,-1062646422
6506,33856528000,-975399977,-1063521511
6507,33857120000,-973736039,-1064308501
6508,33857713000,-972056622,-1065085866
6509,33858306000,-970327047,-1065822207
6510,33858898000,-968610438,-1066550846
6511,33859491000,-966916186,-1067222300
6512,33860084000,-965149178,-1067901934
6513,33860676000,-963382667,-1068483328
6514,33861269000,-961628492,-1069082750
6515,33861862000,-959806571,-1069574151
6516,33862454000,-958021137,-1070109533
6517,33863047000,-956232057,-1070598715
6518,33863639000,-954389308,-1071034011
6519,33864232000,-952548498,-1071439211
6520,33864825000,-950692328,-1071806446
6521,33865417000,-948829555,-1072161615
6522,33866010000,-946926081,-1072483894
6523,33866603000,-945036185,-1072740630
6524,33867195000,-943183954,-1073030642
6525,33867788000,-941257430,-1073212007
6526,33868381000,-939313187,-1073390937
6527,33868973000,-937379904,-1073524246
6528,33869566000,-935444207,-1073668752
6529,33870158000,-933433812,-1073728666
6530,33870751000,-931471811,-1073739211
6531,33871344000,-929486792,-1073774292
6532,33871936000,-927470582,-1073735603
6533,33872529000,-925461703,-1073678522
6534,33873122000,-923424670,-1073594656
6535,33873714000,-921382501,-1073466671
6536,33874307000,-919293149,-1073304798
6537,33874900000,-917265920,-1073150587
6538,33875492000,-915150897,-1072882824
6539,33876085000,-913078322,-1072654667
6540,33876678000,-910979983,-1072352604
6541,33877270000,-908823212,-1072035074
6542,33877863000,-906681479,-1071671699
6543,33878455000,-904581816,-1071293794
6544,33879048000,-902404502,-1070861231
6545,33879641000,-900196357,-1070410627
6546,33880233000,-898046864,-1069916416
6547,33880826000,-895840409,-1069385322
6548,33881419000,-893644058,-1068825846
6549,33882011000,-891428594,-1068264011
6550,33882604000,-889177180,-1067610328
6551,33883197000,-886930546,-1066960329
6552,33883789000,-884655794,-1066257963
6553,33884382000,-882405229,-1065547229
6554,33884974000,-880092526,-1064768669
6555,33885567000,-877847700,-1063998939
6556,33886160000,-875529216,-1063168864
6557,33886752000,-873188472,-1062314002
6558,33887345000,-870878216,-1061418434
6559,33887938000,-868506554,-1060524622
6560,33888530000,-866150065,-1059544237
6561,33889123000,-863805498,-1058565502
6562,33889716000,-861411332,-1057498254
6563,33890308000,-859019884,-1056456891
6564,33890901000,-856598619,-1055385464
6565,33891494000,-854230768,-1054260094
6566,33892086000,-851790398,-1053111753
6567,33892679000,-849336407,-1051915601
6568,33893271000,-846872345,-1050685019
6569,33893864000,-844428790,-1049471383
6570,33894457000,-841958952,-1048175025
6571,33895049000,-839490594,-1046850086
6572,33895642000,-836957531,-1045499068
6573,33896235000,-834474061,-1044117593
6574,33896827000,-831943380,-1042681343
6575,33897420000,-829426719,-1041251662
6576,33898013000,-826846577,-1039743931
6577,33898605000,-824312207,-1038249640
6578,33899198000,-821741505,-1036699682
6579,33899790000,-819167189,-1035124221
6580,33900383000,-816553558,-1033504365
6581,33900976000,-813943503,-1031881624
6582,33901568000,-811362584,-1030208464
6583,33902161000,-808723550,-1028484053
6584,33902754000,-806121273,-1026785381
6585,33903346000,-803464410,-1024996334
6586,33903939000,-800807807,-1023190974
6587,33904532000,-798112831,-1021336317
6588,33905124000,-795459598,-1019500717
6589,33905717000,-792756605,-1017594906
6590,33906310000,-790086057,-1015648970
6591,33906902000,-787354218,-1013709777
6592,33907495000,-784631664,-1011696200
6593,33908087000,-781879926,-1009673226
6594,33908680000,-779160102,-1007656010
6595,33909273000,-776404024,-1005537608
6596,33909865000,-773639287,-1003439879
6597,33910458000,-770850271,-1001277596
6598,33911051000,-768069189,-999112680
6599,33911643000,-765269285,-996863012
6600,33912236000,-762474955,-994636748
6601,33912829000,-759648875,-992362572
6602,33913421000,-756794521,-990040295
6603,33914014000,-753967364,-987710856
6604,33914606000,-751133152,-985373438
6605,33915199000,-748259424,-982948626
6606,33915792000,-745387383,-980501908
6607,33916384000,-742493633,-978049839
6608,33916977000,-739617049,-975579543
6609,33917570000,-736701813,-973058122
6610,33918162000,-733838582,-970540578
6611,33918755000,-730887701,-967927954
6612,33919348000,-727941835,-965319780
6613,33919940000,-724996716,-962670302
6614,33920533000,-722046098,-959997236
6615,33921126000,-719108373,-957292870
6616,33921718000,-716140551,-954605708
6617,33922311000,-713154900,-951851128
6618,33922903000,-710132689,-949015513
6619,33923496000,-707144495,-946192301
6620,33924089000,-704131746,-943375385
6621,33924681000,-701088251,-940480399
6622,33925274000,-698078679,-937608098
6623,33925867000,-695021046,-934633275
6624,33926459000,-691956266,-931678170
6625,33927052000,-688939056,-928697252
6626,33927645000,-685831079,-925650811
6627,33928237000,-682787238,-922617899
6628,33928830000,-679692154,-919535041
6629,33929422000,-676597761,-916442094
6630,33930015000,-673493471,-913293196
6631,33930608000,-670352224,-910119620
6632,33931200000,-667235043,-906918746
6633,33931793000,-664108268,-903696536
6634,33932386000,-660977594,-900445545
6635,33932978000,-657775487,-897136168
6636,33933571000,-654645633,-893840225
6637,33934164000,-651467473,-890513423
6638,33934756000,-648276350,-887125844
6639,33935349000,-645089839,-883755210
6640,33935942000,-641912729,-880356962
6641,33936534000,-638701923,-876918933
6642,33937127000,-635468664,-873400132
6643,33937719000,-632264020,-869932293
6644,33938312000,-629006567,-866400892
6645,33938905000,-625774857,-862832007
6646,33939497000,-622530752,-859236635
6647,33940090000,-619265741,-855688054
6648,33940683000,-615977848,-852007442
6649,33941275000,-612674355,-848326418
6650,33941868000,-609457385,-844679656
6651,33942461000,-606108009,-840928553
6652,33943053000,-602821702,-837222881
6653,33943646000,-599500422,-833429134
6654,33944238000,-596199113,-829658171
6655,33944831000,-592871453,-825823004
6656,33945424000,-589540926,-821994228
6657,33946016000,-586198499,-818131663
6658,33946609000,-582818545,-814207924
6659,33947202000,-579463231,-810321271
6660,33947794000,-576125068,-806389705
6661,33948387000,-572739533,-802414117
6662,33948980000,-569341445,-798385089
6663,33949572000,-565979358,-794392561
6664,33950165000,-562566356,-790348655
6665,33950758000,-559142798,-786267080
6666,33951350000,-555743899,-782170118
6667,33951943000,-552308201,-778021609
6668,33952535000,-548866680,-773886275
6669,33953128000,-545439856,-769725315
6670,33953721000,-541993638,-765538946
6671,33954313000,-538549107,-761332135
6672,33954906000,-535082351,-757090024
6673,33955499000,-531611828,-752806544
6674,33956091000,-528124048,-748544976
6675,33956684000,-524651386,-744243011
6676,33957277000,-521159031,-739856344
6677,33957869000,-517678131,-735512309
6678,33958462000,-514176791,-731182347
6679,33959054000,-510640663,-726736814
6680,33959647000,-507137345,-722332255
6681,33960240000,-503635105,-717883352
6682,33960832000,-500055282,-713420098
6683,33961425000,-496497713,-708893031
6684,33962018000,-492981749,-704400827
6685,33962610000,-489461859,-699867163
6686,33963203000,-485851298,-695301858
6687,33963796000,-482286494,-690730865
6688,33964388000,-478699615,-686139245
6689,33964981000,-475152757,-681524742
6690,33965574000,-471560250,-676861003
6691,33966166000,-467942811,-672210490
6692,33966759000,-464377448,-667512450
6693,33967351000,-460758483,-662818175
6694,33967944000,-457124446,-658081426
6695,33968537000,-453533595,-653329828
6696,33969129000,-449900744,-648562312
6697,33969722000,-446234488,-643758620
6698,33970315000,-442599259,-638972998
6699,33970907000,-438996463,-634160447
6700,33971500000,-435354780,-629315921
6701,33972093000,-431677931,-624438342
6702,33972685000,-428038642,-619564104
6703,33973278000,-424362212,-614649158
6704,33973870000,-420704474,-609762341
6705,33974463000,-417004648,-604769321
6706,33975056000,-413328593,-599815574
6707,33975648000,-409610088,-594811605
6708,33976241000,-405905599,-589814534
6709,33976834000,-402224358,-584783387
6710,33977426000,-398515207,-579778621
6711,33978019000,-394809370,-574719581
6712,33978612000,-391102331,-569643771
6713,33979204000,-387375566,-564579618
6714,33979797000,-383644907,-559445832
6715,33980390000,-379912583,-554344596
6716,33980982000,-376163003,-549187518
6717,33981575000,-372413479,-544014678
6718,33982167000,-368643318,-538869940
6719,33982760000,-364931722,-533667724
6720,33983353000,-361153913,-528448818
6721,33983945000,-357376002,-523221404
6722,33984538000,-353611172,-517988199
6723,33985131000,-349835424,-512733950
6724,33985723000,-346057529,-507441672
6725,33986316000,-342280774,-502143830
6726,33986909000,-338488473,-496851329
6727,33987501000,-334671352,-491530249
6728,33988094000,-330871144,-486183119
6729,33988686000,-327073309,-480828009
6730,33989279000,-323249574,-475479715
6731,33989872000,-319451789,-470079704
6732,33990464000,-315643209,-464695774
6733,33991057000,-311823296,-459301212
6734,33991650000,-307966968,-453838819
6735,33992242000,-304173615,-448415844
6736,33992835000,-300315396,-442950074
6737,33993428000,-296493957,-437502680
6738,33994020000,-292650963,-432005040
6739,33994613000,-288770827,-426489888
6740,33995206000,-284936972,-420993592
6741,33995798000,-281063099,-415468524
6742,33996391000,-277227663,-409950320
6743,33996983000,-273358061,-404402686
6744,33997576000,-269513511,-398850345
6745,33998169000,-265631671,-393279165
6746,33998761000,-261760710,-387683352
6747,33999354000,-257856867,-382058362
6748,33999947000,-254015049,-376494270
6749,34000539000,-250103128,-370838118
6750,34001132000,-246237060,-365251835
6751,34001725000,-242360977,-359614747
6752,34002317000,-238439514,-353929788
6753,34002910000,-234508138,-348246333
6754,34003502000,-230636673,-342610828
6755,34004095000,-226753638,-336898055
6756,34004688000,-222830698,-331219716
6757,34005280000,-218938595,-325511386
6758,34005873000,-214992208,-319777727
6759,34006466000,-211110576,-314075579
6760,34007058000,-207174419,-308337111
6761,34007651000,-203238211,-302574362
6762,34008244000,-199330646,-296818519
6763,34008836000,-195384744,-291051931
6764,34009429000,-191444304,-285255065
6765,34010022000,-187517911,-279527019
6766,34010614000,-183615634,-273733250
6767,34011207000,-179657323,-267902887
6768,34011799000,-175715084,-262094816
6769,34012392000,-171755829,-256278995
6770,34012985000,-167825225,-250448000
6771,34013577000,-163874721,-244627610
6772,34014170000,-159909866,-238751163
6773,34014763000,-155964687,-232910215
6774,34015355000,-152010036,-227080069
6775,34015948000,-148038798,-221207954
6776,34016541000,-144096567,-215355162
6777,34017133000,-140152580,-209473500
6778,34017726000,-136175859,-203555671
6779,34018318000,-132232600,-197707264
6780,34018911000,-128264886,-191829172
6781,34019504000,-124261554,-185896753
6782,34020096000,-120292751,-179954528
6783,34020689000,-116345062,-174094638
6784,34021282000,-112365957,-168160118
6785,34021874000,-108404513,-162239063
6786,34022467000,-104427160,-156324294
6787,34023060000,-100418991,-150367895
6788,34023652000,-96450532,-144438085
6789,34024245000,-92448453,-138471873
6790,34024838000,-88463863,-132528063
6791,34025430000,-84502119,-126590260
6792,34026023000,-80494860,-120616577
6793,34026615000,-76542643,-114692676
6794,34027208000,-72546629,-108713037
6795,34027801000,-68572502,-102778003
6796,34028393000,-64565131,-96797905
6797,34028986000,-60593752,-90831115
6798,34029579000,-56577761,-84838829
6799,34030171000,-52607724,-78860370
6800,34030764000,-48565373,-72883189
6801,34031357000,-44649419,-66933724
6802,34031949000,-40629730,-60917359
6803,34032542000,-36627993,-54949645
6804,34033134000,-32649757,-48961311
6805,34033727000,-28655676,-42967163
6806,34034320000,-24642517,-36944041
6807,34034912000,-20651963,-30962184
6808,34035505000,-16653667,-24988354
6809,34036098000,-12633559,-18957285
6810,34036690000,-8682222,-12983920
6811,34037283000,-4662862,-6998635
6812,34037876000,-690853,-1005639
6813,34038468000,3346367,5002024
6814,34039061000,7309330,10983241
6815,34039654000,11338770,16999602
6816,34040246000,15341802,22977829
6817,34040839000,19323499,28978312
6818,34041431000,23312383,34966594
6819,34042024000,27285654,40930837
6820,34042617000,31291681,46924318
6821,34043209000,35273450,52908097
6822,34043802000,39276590,58905129
6823,34044395000,43275647,64890833
6824,34044987000,47287899,70891925
6825,34045580000,51270382,76848361
6826,34046173000,55248465,82827087
6827,34046765000,59244792,88818701
6828,34047358000,63226694,94746260
6829,34047950000,67221361,100755427
6830,34048543000,71202538,106724571
6831,34049136000,75216724,112685127
6832,34049728000,79203395,118642008
6833,34050321000,83178903,124592102
6834,34050914000,87161957,130555558
6835,34051506000,91119175,136500869
6836,34052099000,95091903,142433694
6837,34052692000,99097366,148361643
6838,34053284000,103050118,154284005
6839,34053877000,107053284,160265403
6840,34054470000,111032186,166158707
6841,34055062000,114998210,172094829
6842,34055655000,118961480,177986964
6843,34056247000,122933551,183920031
6844,34056840000,126910246,189824412
6845,34057433000,130849073,195738179
6846,34058025000,134833288,201579921
6847,34058618000,138807805,207499958
6848,34059211000,142771226,213376643
6849,34059803000,146710071,219222004
6850,34060396000,150686502,225121226
6851,34060989000,154655071,230967579
6852,34061581000,158596621,236805272
6853,34062174000,162572015,242666170
6854,34062766000,166466733,248489970
6855,34063359000,170461568,254317434
6856,34063952000,174386191,260162731
6857,34064544000,178326426,265948893
6858,34065137000,182275890,271758193
6859,34065730000,186230321,277556739
6860,34066322000,190165905,283361341
6861,34066915000,194056517,289085896
6862,34067508000,198000688,294876285
6863,34068100000,201916955,300623310
6864,34068693000,205858916,306391258
6865,34069286000,209773980,312155488
6866,34069878000,213699821,317862710
6867,34070471000,217595600,323578541
6868,34071063000,221512510,329271157
6869,34071656000,225425959,334995249
6870,34072249000,229333942,340678140
6871,34072841000,233186635,346330582
6872,34073434000,237147896,352039091
6873,34074027000,241015193,357671481
6874,34074619000,244901453,363319530
6875,34075212000,248794969,368974943
6876,34075805000,252686976,374579828
6877,34076397000,256561699,380214707
6878,34076990000,260450755,385818239
6879,34077582000,264330644,391397458
6880,34078175000,268195120,396983682
6881,34078768000,272090420,402552724
6882,34079360000,275926092,408087629
6883,34079953000,279808026,413653487
6884,34080546000,283649549,419152192
6885,34081138000,287513332,424655240
6886,34081731000,291357091,430177551
6887,34082324000,295186756,435667726
6888,34082916000,299057092,441145339
6889,34083509000,302850754,446563115
6890,34084102000,306716249,452033505
6891,34084694000,310519212,457437882
6892,34085287000,314322170,462871589
6893,34085879000,318160158,468254656
6894,34086472000,322028327,473693659
6895,34087065000,325827152,479062125
6896,34087657000,329601600,484376141
6897,34088250000,333404235,489740122
6898,34088843000,337216654,495036998
6899,34089435000,340989542,500363889
6900,34090028000,344782349,505673729
6901,34090621000,348555136,510908035
6902,34091213000,352314790,516193125
6903,34091806000,356084924,521429557
6904,34092398000,359891244,526698947
6905,34092991000,363646407,531900405
6906,34093584000,367395382,537103768
6907,34094176000,371172098,542279672
6908,34094769000,374898021,547449557
6909,34095362000,378644797,552613096
6910,34095954000,382362364,557716552
6911,34096547000,386109485,562857965
6912,34097140000,389839684,567966937
6913,34097732000,393528049,573003561
6914,34098325000,397244615,578056313
6915,34098918000,400974527,583117205
6916,34099510000,404680383,588149252
6917,34100103000,408389346,593164134
6918,34100695000,412081771,598123093
6919,34101288000,415791655,603158075
6920,34101881000,419446379,608058874
6921,34102473000,423103152,612981711
6922,34103066000,426804983,617942585
6923,34103659000,430433500,622791580
6924,34104251000,434101962,627668248
6925,34104844000,437770008,632508680
6926,34105437000,441420213,637353510
6927,34106029000,445034155,642165634
6928,34106622000,448694643,646992163
6929,34107214000,452337346,651747762
6930,34107807000,455928832,656496720
6931,34108400000,459538958,661220898
6932,34108992000,463155936,665968267
6933,34109585000,466774204,670624829
6934,34110178000,470371069,675285846
6935,34110770000,473947548,679977973
6936,34111363000,477518398,684596289
6937,34111956000,481105128,689171925
6938,34112548000,484674603,693790738
6939,34113141000,488236390,698340121
6940,34113734000,491783437,702878703
6941,34114326000,495313749,707385087
6942,34114919000,498890312,711913186
6943,34115511000,502445152,716389246
6944,34116104000,505958285,720842815
6945,34116697000,509484176,725290619
6946,34117289000,512991946,729700051
6947,34117882000,516487551,734084014
6948,34118475000,519981800,738418559
6949,34119067000,523470079,742780130
6950,34119660000,526985767,747089362
6951,34120253000,530423312,751387604
6952,34120845000,533902446,755645619
6953,34121438000,537394464,759908845
6954,34122030000,540850978,764115524
6955,34122623000,544289748,768316599
6956,34123216000,547721773,772489542
6957,34123808000,551127756,776625068
6958,34124401000,554581980,780780328
6959,34124994000,557987115,784873193
6960,34125586000,561425485,788950929
6961,34126179000,564817578,793005361
6962,34126772000,568217860,797045922
6963,34127364000,571602093,801078828
6964,34127957000,574968850,805007294
6965,34128550000,578355280,808975102
6966,34129142000,581696159,812909185
6967,34129735000,585066594,816830497
6968,34130327000,588417743,820688554
6969,34130920000,591763884,824550942
6970,34131513000,595071498,828363357
6971,34132105000,598379934,832166352
6972,34132698000,601696694,835920768
6973,34133291000,605007535,839683779
6974,34133883000,608329977,843433038
6975,34134476000,611608077,847115926
6976,34135069000,614891470,850760098
6977,34135661000,618152220,854434161
6978,34136254000,621437309,858052610
6979,34136846000,624677865,861645900
6980,34137439000,627936885,865215418
6981,34138032000,631145617,868754940
6982,34138624000,634395483,872256653
6983,34139217000,637622748,875739794
6984,34139810000,640794066,879167330
6985,34140402000,644026177,882628698
6986,34140995000,647200307,886021555
6987,34141588000,650400317,889368281
6988,34142180000,653551809,892737993
6989,34142773000,656726088,896031071
6990,34143366000,659885705,899341163
6991,34143958000,663042337,902583486
6992,34144551000,666183704,905812977
6993,34145143000,669328490,909050688
6994,34145736000,672417644,912216596
6995,34146329000,675562431,915353502
6996,34146921000,678633483,918466126
6997,34147514000,681736409,921567375
6998,34148107000,684824627,924644744
6999,34148699000,687894797,927664110
7000,34149292000,690968071,930665862
7001,34149885000,694000142,933648452
7002,34150477000,697062268,936592318
7003,34151070000,700096937,939515154
7004,34151662000,703105726,942369983
7005,34152255000,706125521,945243115
7006,34152848000,709124783,948096993
7007,34153440000,712137227,950888211
7008,34154033000,715097770,953635285
7009,34154626000,718093868,956384053
7010,34155218000,721050288,959097020
7011,34155811000,724023886,961771954
7012,34156404000,726937727,964429466
7013,34156996000,729913782,967074901
7014,34157589000,732821282,969649551
7015,34158182000,735739843,972184074
7016,34158774000,738656018,974783923
7017,34159367000,741552023,977249394
7018,34159959000,744423540,979715397
7019,34160552000,747322093,982169057
7020,34161145000,750186037,984566625
7021,34161737000,753008463,986937452
7022,34162330000,755852938,989259395
7023,34162923000,758690304,991594723
7024,34163515000,761529859,993874621
7025,34164108000,764320715,996109622
7026,34164701000,767159136,998389849
7027,34165293000,769917249,1000519055
7028,34165886000,772705492,1002717615
7029,34166478000,775468085,1004863795
7030,34167071000,778235893,1006927750
7031,34167664000,780959952,1008971075
7032,34168256000,783736741,1011038935
7033,34168849000,786451248,1013023589
7034,34169442000,789136707,1014969047
7035,34170034000,791884589,1016952776
7036,34170627000,794557985,1018831580
7037,34171220000,797232619,1020720287
7038,34171812000,799889785,1022590518
7039,34172405000,802573387,1024364245
7040,34172998000,805216042,1026156536
7041,34173590000,807859475,1027944533
7042,34174183000,810485989,1029606809
7043,34174775000,813093733,1031314593
7044,34175368000,815709384,1032982311
7045,34175961000,818299511,1034587874
7046,34176553000,820865888,1036180824
7047,34177146000,823454695,1037748476
7048,34177739000,825992452,1039264426
7049,34178331000,828572646,1040761204
7050,34178924000,831087905,1042210127
7051,34179517000,833584704,1043654405
7052,34180109000,836135570,1045012176
7053,34180702000,838623783,1046406107
7054,34181294000,841143212,1047746771
7055,34181887000,843581259,1049017175
7056,34182480000,846054822,1050283097
7057,34183072000,848532943,1051516830
7058,34183665000,850949308,1052719156
7059,34184258000,853401666,1053905022
7060,34184850000,855814782,1055014021
7061,34185443000,858230085,1056120358
7062,34186036000,860607710,1057154639
7063,34186628000,863011958,1058210840
7064,34187221000,865365469,1059209190
7065,34187814000,867716691,1060192685
7066,34188406000,870084564,1061114773
7067,34188999000,872408451,1062008519
7068,34189591000,874728601,1062858670
7069,34190184000,877035190,1063710876
7070,34190777000,879352790,1064499305
7071,34191369000,881641141,1065267715
7072,34191962000,883894207,1065994742
7073,34192555000,886185249,1066732668
7074,34193147000,888411912,1067365220
7075,34193740000,890648163,1068016928
7076,34194333000,892880100,1068624181
7077,34194925000,895099442,1069198841
7078,34195518000,897299389,1069731377
7079,34196110000,899493783,1070249333
7080,34196703000,901659725,1070683496
7081,34197296000,903799793,1071142321
7082,34197888000,905984192,1071573284
7083,34198481000,908104667,1071908267
7084,34199074000,910229355,1072261536
7085,34199666000,912350869,1072563366
7086,34200259000,914465689,1072841116
7087,34200852000,916520320,1073065389
7088,34201444000,918623309,1073283313
7089,34202037000,920664340,1073433979
7090,34202630000,922719422,1073570557
7091,34203222000,924772613,1073670219
7092,34203815000,926807994,1073739424
7093,34204407000,928814041,1073778629
7094,34205000000,930822445,1073771711
7095,34205593000,932783368,1073724518
7096,34206185000,934780985,1073686772
7097,34206778000,936728599,1073593521
7098,34207371000,938671929,1073460145
7099,34207963000,940613300,1073262433
7100,34208556000,942514375,1073090499
7101,34209149000,944449015,1072817092
7102,34209741000,946347999,1072591831
7103,34210334000,948208906,1072275665
7104,34210926000,950092023,1071964941
7105,34211519000,951946295,1071578737
7106,34212112000,953790758,1071184703
7107,34212704000,955631936,1070734744
7108,34213297000,957420847,1070276607
7109,34213890000,959228538,1069780244
7110,34214482000,960999935,1069239731
7111,34215075000,962777210,1068668721
7112,34215668000,964546260,1068077648
7113,34216260000,966318824,1067457260
7114,34216853000,968049234,1066790453
7115,34217446000,969752642,1066090613
7116,34218038000,971457497,1065351610
7117,34218631000,973164245,1064586947
7118,34219223000,974848446,1063773627
7119,34219816000,976517683,1062950053
7120,34220409000,978157491,1062091541
7121,34221001000,979822031,1061195613
7122,34221594000,981432853,1060255450
7123,34222187000,983040773,1059299249
7124,34222779000,984653552,1058295636
7125,34223372000,986243159,1057268073
7126,34223965000,987788439,1056169246
7127,34224557000,989364726,1055095117
7128,34225150000,990903162,1053956562
7129,34225742000,992457318,1052823176
7130,34226335000,993965445,1051608813
7131,34226928000,995472759,1050365928
7132,34227520000,996950194,1049115323
7133,34228113000,998422007,1047796061
7134,34228706000,999906203,1046484123
7135,34229298000,1001328430,1045150804
7136,34229891000,1002799588,1043724123
7137,34230484000,1004245152,1042331179
7138,34231076000,1005614885,1040856052
7139,34231669000,1007016788,1039397651
7140,34232262000,1008388995,1037818572
7141,34232854000,1009788545,1036327874
7142,34233447000,1011107402,1034669905
7143,34234039000,1012421269,1033111349
7144,34234632000,1013809918,1031450702
7145,34235225000,1015072149,1029764019
7146,34235817000,1016380455,1028068567
7147,34236410000,1017650829,1026285393
7148,34237003000,1018931210,1024542800
7149,34237595000,1020176170,1022703904
7150,34238188000,1021414055,1020885080
7151,34238781000,1022626624,1018994113
7152,34239373000,1023846442,1017082858
7153,34239966000,1025037763,1015149116
7154,34240558000,1026233309,1013162432
7155,34241151000,1027398974,1011205001
7156,34241744000,1028558051,1009151472
7157,34242336000,1029688777,1007097799
7158,34242929000,1030836399,1005013430
7159,34243522000,1031926212,1002867343
7160,34244114000,1033030198,1000708974
7161,34244707000,1034131949,998526497
7162,34245300000,1035167561,996285869
7163,34245892000,1036230838,994043981
7164,34246485000,1037293834,991757005
7165,34247078000,1038297827,989459737
7166,34247670000,1039330216,987089071
7167,34248263000,1040299038,984717548
7168,34248855000,1041267544,982314783
7169,34249448000,1042282738,979879495
7170,34250041000,1043206441,977434150
7171,34250633000,1044152455,974910896
7172,34251226000,1045052025,972406367
7173,34251819000,1045983477,969863739
7174,34252411000,1046885172,967261946
7175,34253004000,1047767486,964628509
7176,34253597000,1048648640,961997679
7177,34254189000,1049463183,959311671
7178,34254782000,1050318005,956602057
7179,34255374000,1051160812,953861761
7180,34255967000,1051959719,951129212
7181,34256560000,1052740049,948302887
7182,34257152000,1053528017,945480216
7183,34257745000,1054297898,942628347
7184,34258338000,1055024862,939749567
7185,34258930000,1055791025,936805289
7186,34259523000,1056482518,933889563
7187,34260116000,1057205177,930918397
7188,34260708000,1057883593,927899121
7189,34261301000,1058572981,924891809
7190,34261894000,1059221033,921828395
7191,34262486000,1059863927,918715934
7192,34263079000,1060507686,915611867
7193,34263671000,1061140735,912473526
7194,34264264000,1061720760,909270006
7195,34264857000,1062319356,906094122
7196,34265449000,1062893540,902845231
7197,34266042000,1063416395,899596145
7198,34266635000,1063980203,896302399
7199,34267227000,1064517670,892994013
7200,34267820000,1065039362,889614564
7201,34268413000,1065568584,886272702
7202,34269005000,1065988331,882863209
7203,34269598000,1066496656,879436532
7204,34270190000,1066960942,875998068
7205,34270783000,1067386603,872532868
7206,34271376000,1067849066,868983417
7207,34271968000,1068252246,865463804
7208,34272561000,1068624138,861907391
7209,34273154000,1069004300,858318869
7210,34273746000,1069402381,854725934
7211,34274339000,1069749986,851078261
7212,34274932000,1070066728,847407326
7213,34275524000,1070373460,843715840
7214,34276117000,1070685602,839983572
7215,34276710000,1070995436,836230164
7216,34277302000,1071278605,832471137
7217,34277895000,1071546592,828673597
7218,34278487000,1071780406,824822829
7219,34279080000,1072041004,820986482
7220,34279673000,1072232521,817122298
7221,34280265000,1072450148,813209887
7222,34280858000,1072650088,809300085
7223,34281451000,1072809090,805346997
7224,34282043000,1072977298,801372240
7225,34282636000,1073109823,797332609
7226,34283229000,1073220026,793306656
7227,34283821000,1073331519,789250464
7228,34284414000,1073433093,785180959
7229,34285006000,1073531357,781079637
7230,34285599000,1073599852,776965584
7231,34286192000,1073684766,772818413
7232,34286784000,1073683491,768622445
7233,34287377000,1073720620,764449741
7234,34287970000,1073754018,760234274
7235,34288562000,1073713043,755955274
7236,34289155000,1073688462,751683099
7237,34289748000,1073682869,747407951
7238,34290340000,1073611200,743087756
7239,34290933000,1073596411,738742691
7240,34291526000,1073500501,734403121
7241,34292118000,1073381995,730002210
7242,34292711000,1073281314,725578288
7243,34293303000,1073205659,721196563
7244,34293896000,1073019463,716716463
7245,34294489000,1072877748,712265995
7246,34295081000,1072715619,707736814
7247,34295674000,1072516712,703216978
7248,34296267000,1072325609,698684493
7249,34296859000,1072102417,694121152
7250,34297452000,1071898358,689545847
7251,34298045000,1071633692,684924729
7252,34298637000,1071386359,680341602
7253,34299230000,1071124787,675665629
7254,34299822000,1070792932,670975681
7255,34300415000,1070531962,666299522
7256,34301008000,1070220552,661572168
7257,34301600000,1069882936,656877229
7258,34302193000,1069528485,652121081
7259,34302786000,1069189744,647357021
7260,34303378000,1068804593,642546762
7261,34303971000,1068433854,637745404
7262,34304564000,1068003198,632902792
7263,34305156000,1067590592,628019529
7264,34305749000,1067172590,623187741
7265,34306342000,1066714327,618283072
7266,34306934000,1066218433,613347269
7267,34307527000,1065756773,608432347
7268,34308119000,1065268424,603469655
7269,34308712000,1064776817,598522774
7270,34309305000,1064238059,593533335
7271,34309897000,1063721209,588551831
7272,34310490000,1063140211,583492813
7273,34311083000,1062562992,578465189
7274,34311675000,1062013529,573418219
7275,34312268000,1061375356,568342011
7276,34312861000,1060791243,563248901
7277,34313453000,1060151206,558113351
7278,34314046000,1059521151,553014660
7279,34314638000,1058858395,547834015
7280,34315231000,1058183341,542667541
7281,34315824000,1057525521,537471805
7282,34316416000,1056803267,532282283
7283,34317009000,1056070281,527079497
7284,34317602000,1055375785,521868314
7285,34318194000,1054632575,516644877
7286,34318787000,1053843074,511344809
7287,34319380000,1053092498,506053313
7288,34319972000,1052291444,500752298
7289,34320565000,1051471043,495452644
7290,34321158000,1050684326,490125916
7291,34321750000,1049856416,484793667
7292,34322343000,1048994374,479448190
7293,34322935000,1048172643,474067466
7294,34323528000,1047239804,468687428
7295,34324121000,1046377395,463309632
7296,34324713000,1045469966,457868761
7297,34325306000,1044561285,452465510
7298,34325899000,1043621288,446997703
7299,34326491000,1042678809,441540255
7300,34327084000,1041731815,436067871
7301,34327677000,1040740906,430552969
7302,34328269000,1039763248,425051548
7303,34328862000,1038762145,419580735
7304,34329454000,1037739193,414027455
7305,34330047000,1036715781,408499050
7306,34330640000,1035635775,402972644
7307,34331232000,1034588151,397391070
7308,34331825000,1033508780,391820999
7309,34332418000,1032438370,386245013
7310,34333010000,1031327136,380631006
7311,34333603000,1030193745,375020882
7312,34334196000,1029071024,369400621
7313,34334788000,1027926347,363748137
7314,34335381000,1026765822,358123291
7315,34335974000,1025576714,352479671
7316,34336566000,1024376887,346770778
7317,34337159000,1023184819,341104971
7318,34337751000,1022001484,335439053
7319,34338344000,1020746022,329733533
7320,34338937000,1019475437,324028189
7321,34339529000,1018233384,318312216
7322,34340122000,1016937239,312564019
7323,34340715000,1015677219,306831613
7324,34341307000,1014355181,301071738
7325,34341900000,1013028466,295332931
7326,34342493000,1011712043,289562813
7327,34343085000,1010349153,283790657
7328,34343678000,1009009491,278013513
7329,34344270000,1007623739,272193583
7330,34344863000,1006248511,266393049
7331,34345456000,1004840286,260584568
7332,34346048000,1003410702,254759546
7333,34346641000,1001979975,248951969
7334,34347234000,1000545307,243088465
7335,34347826000,999113831,237249961
7336,34348419000,997602845,231408934
7337,34349012000,996119595,225526258
7338,34349604000,994627030,219669390
7339,34350197000,993130975,213813263
7340,34350790000,991573223,207925138
7341,34351382000,990045262,202018217
7342,34351975000,988499080,196171585
7343,34352567000,986935864,190255323
7344,34353160000,985366327,184345789
7345,34353753000,983794662,178427886
7346,34354345000,982142524,172559992
7347,34354938000,980527652,166603695
7348,34355531000,978909896,160682577
7349,34356123000,977280164,154747666
7350,34356716000,975595673,148862519
7351,34357309000,973905827,142882993
7352,34357901000,972215967,136946951
7353,34358494000,970525835,130995201
7354,34359086000,968809246,125030236
7355,34359679000,967098878,119106560
7356,34360272000,965305101,113138832
7357,34360864000,963557609,107164286
7358,34361457000,961808861,101219192
7359,34362050000,960009289,95242319
7360,34362642000,958231888,89288080
7361,34363235000,956393389,83275926
7362,34363828000,954585773,77307457
7363,34364420000,952770920,71318854
7364,34365013000,950911253,65357477
7365,34365606000,949030489,59355742
7366,34366198000,947171632,53389535
7367,34366791000,945291920,47393761
7368,34367383000,943389480,41413484
7369,34367976000,941468038,35401125
7370,34368569000,939516405,29426922
7371,34369161000,937603158,23427972
7372,34369754000,935640914,17430236
7373,34370347000,933675813,11433242
7374,34370939000,931702510,5443550
7375,34371532000,929697602,-539483
7376,34372125000,927678945,-6567081
7377,34372717000,925681750,-12550175
7378,34373310000,923636498,-18525242
7379,34373902000,921585752,-24545937
7380,34374495000,919566565,-30539201
7381,34375088000,917483166,-36497386
7382,34375680000,915411741,-42503938
7383,34376273000,913298800,-48476306
7384,34376866000,911196748,-54462345
7385,34377458000,909071104,-60467937
7386,34378051000,906950488,-66439927
7387,34378644000,904816255,-72431072
7388,34379236000,902647654,-78412110
7389,34379829000,900456786,-84403887
7390,34380422000,898295733,-90361134
7391,34381014000,896073091,-96302772
7392,34381607000,893883356,-102296731
7393,34382199000,891647758,-108284034
7394,34382792000,889440025,-114209318
7395,34383385000,887197622,-120166693
7396,34383977000,884919324,-126150932
7397,34384570000,882649388,-132079668
7398,34385163000,880362685,-138032802
7399,34385755000,878068880,-143990644
7400,34386348000,875775274,-149920107
7401,34386941000,873433626,-155844390
7402,34387533000,871095391,-161808287
7403,34388126000,868783680,-167720086
7404,34388718000,866403145,-173639348
7405,34389311000,864055128,-179525858
7406,34389904000,861695540,-185468779
7407,34390496000,859271970,-191339883
7408,34391089000,856891843,-197277591
7409,34391682000,854463921,-203147741
7410,34392274000,852040703,-209036481
7411,34392867000,849603636,-214896653
7412,34393460000,847165800,-220770070
7413,34394052000,844689077,-226623528
7414,34394645000,842196126,-232509102
7415,34395238000,839740676,-238354645
7416,34395830000,837249234,-244165792
7417,34396423000,834746666,-250027940
7418,34397015000,832236308,-255811079
7419,34397608000,829714033,-261646388
7420,34398201000,827147173,-267466816
7421,34398793000,824589220,-273275787
7422,34399386000,822026143,-279056952
7423,34399979000,819456853,-284851590
7424,34400571000,816857476,-290609694
7425,34401164000,814282349,-296369968
7426,34401757000,811659392,-302142438
7427,34402349000,809015052,-307923794
7428,34402942000,806407758,-313620780
7429,34403534000,803750009,-319337453
7430,34404127000,801097653,-325058117
7431,34404720000,798443502,-330766005
7432,34405312000,795737942,-336462677
7433,34405905000,793062635,-342154657
7434,34406498000,790365926,-347834099
7435,34407090000,787646529,-353502972
7436,34407683000,784920854,-359181084
7437,34408276000,782168783,-364811720
7438,34408868000,779471476,-370459115
7439,34409461000,776700103,-376074233
7440,34410054000,773904888,-381694734
7441,34410646000,771148963,-387277890
7442,34411239000,768397728,-392868042
7443,34411831000,765551880,-398419916
7444,34412424000,762790854,-403955493
7445,34413017000,759970135,-409543316
7446,34413609000,757119568,-415074103
7447,34414202000,754300452,-420591894
7448,34414795000,751448961,-426069600
7449,34415387000,748570496,-431571955
7450,34415980000,745715281,-437105113
7451,34416573000,742848597,-442528001
7452,34417165000,739931717,-448012373
7453,34417758000,737051790,-453430255
7454,34418350000,734157329,-458847620
7455,34418943000,731194649,-464279074
7456,34419536000,728257948,-469662700
7457,34420128000,725325662,-475082611
7458,34420721000,722391763,-480429881
7459,34421314000,719414413,-485797073
7460,34421906000,716458358,-491120093
7461,34422499000,713466394,-496423988
7462,34423092000,710452549,-501738477
7463,34423684000,707511962,-507031061
7464,34424277000,704460062,-512326885
7465,34424870000,701454837,-517573728
7466,34425462000,698409210,-522813283
7467,34426055000,695368680,-528055342
7468,34426647000,692321127,-533222996
7469,34427240000,689290075,-538427574
7470,34427833000,686207156,-543627025
7471,34428425000,683133024,-548797211
7472,34429018000,680044340,-553917280
7473,34429611000,676918798,-559076402
7474,34430203000,673815582,-564156472
7475,34430796000,670706208,-569298098
7476,34431389000,667575431,-574358790
7477,34431981000,664441766,-579370590
7478,34432574000,661309769,-584442920
7479,34433166000,658144941,-589464250
7480,34433759000,655004561,-594456465
7481,34434352000,651836747,-599419619
7482,34434944000,648650224,-604416757
7483,34435537000,645444051,-609360517
7484,34436130000,642238878,-614257629
7485,34436722000,639048309,-619181989
7486,34437315000,635814723,-624084519
7487,34437908000,632623385,-628940777
7488,34438500000,629381081,-633778767
7489,34439093000,626143037,-638626048
7490,34439686000,622893822,-643418835
7491,34440278000,619613158,-648208653
7492,34440871000,616350671,-652991688
7493,34441463000,613073063,-657717862
7494,34442056000,609776168,-662432925
7495,34442649000,606474106,-667176009
7496,34443241000,603207554,-671825171
7497,34443834000,599882027,-676512921
7498,34444427000,596587450,-681162640
7499,34445019000,593214137,-685793768
7500,34445612000,589881343,-690388774
7501,34446205000,586540936,-694974935
7502,34446797000,583205846,-699513747
7503,34447390000,579837341,-704045918
7504,34447982000,576488616,-708602559
7505,34448575000,573092658,-713069736
7506,34449168000,569720867,-717507929
7507,34449760000,566332597,-721982465
7508,34450353000,562925191,-726419361
7509,34450946000,559519800,-730813049
7510,34451538000,556124228,-735183791
7511,34452131000,552695285,-739568136
7512,34452724000,549253475,-743917544
7513,34453316000,545813856,-748227075
7514,34453909000,542389371,-752475163
7515,34454502000,538932361,-756767071
7516,34455094000,535451718,-761009520
7517,34455687000,532013852,-765185841
7518,34456279000,528513124,-769433592
7519,34456872000,525030855,-773585093
7520,34457465000,521561182,-777728538
7521,34458057000,518040136,-781835602
7522,34458650000,514557467,-785949315
7523,34459243000,511018151,-790004414
7524,34459835000,507537675,-794073701
7525,34460428000,504015246,-798083424
7526,34461021000,500446577,-802064746
7527,34461613000,496924059,-806036601
7528,34462206000,493389256,-809999849
7529,34462798000,489841648,-813887520
7530,34463391000,486253166,-817851877
7531,34463984000,482734826,-821665138
7532,34464576000,479114552,-825511817
7533,34465169000,475535345,-829374715
7534,34465762000,471961253,-833156487
7535,34466354000,468363394,-836903013
7536,34466947000,464761452,-840676467
7537,34467540000,461134654,-844384549
7538,34468132000,457531032,-848072125
7539,34468725000,453951087,-851738984
7540,34469318000,450293672,-855374036
7541,34469910000,446688581,-858960026
7542,34470503000,443039918,-862577205
7543,34471095000,439387871,-866129717
7544,34471688000,435767661,-869641729
7545,34472281000,432070039,-873148886
7546,34472873000,428423900,-876650576
7547,34473466000,424734163,-880095065
7548,34474059000,421104929,-883520696
7549,34474651000,417409742,-886913896
7550,34475244000,413751274,-890254111
7551,34475837000,410020175,-893612455
7552,34476429000,406300134,-896919184
7553,34477022000,402616097,-900172962
7554,34477614000,398952230,-903425736
7555,34478207000,395233209,-906671068
7556,34478800000,391492759,-909864686
7557,34479392000,387769301,-913035628
7558,34479985000,384034665,-916176280
7559,34480578000,380323832,-919290422
7560,34481170000,376598439,-922377345
7561,34481763000,372816660,-925435987
7562,34482356000,369058156,-928448247
7563,34482948000,365297239,-931439092
7564,34483541000,361557499,-934378780
7565,34484134000,357804112,-937359752
7566,34484726000,354018270,-940276590
7567,34485319000,350254013,-943137206
7568,34485911000,346477144,-945996967
7569,34486504000,342704666,-948800764
7570,34487097000,338897794,-951613337
7571,34487689000,335095075,-954364968
7572,34488282000,331270654,-957121945
7573,34488875000,327472769,-959803040
7574,34489467000,323707050,-962479529
7575,34490060000,319881850,-965134605
7576,34490653000,316061983,-967741401
7577,34491245000,312261865,-970314149
7578,34491838000,308412143,-972881068
7579,34492430000,304608258,-975391979
7580,34493023000,300758210,-977894968
7581,34493616000,296920017,-980338745
7582,34494208000,293098976,-982769569
7583,34494801000,289201251,-985170038
7584,34495394000,285352321,-987520368
7585,34495986000,281511688,-989884212
7586,34496579000,277634088,-992201020
7587,34497172000,273788941,-994488726
7588,34497764000,269923402,-996700813
7589,34498357000,266053263,-998923853
7590,34498950000,262164917,-1001108297
7591,34499542000,258323827,-1003251744
7592,34500135000,254422875,-1005394896
7593,34500727000,250533381,-1007440118
7594,34501320000,246651918,-1009563676
7595,34501913000,242791371,-1011597078
7596,34502505000,238882383,-1013564950
7597,34503098000,234947079,-1015514978
7598,34503691000,231087518,-1017454770
7599,34504283000,227200003,-1019322596
7600,34504876000,223250924,-1021218389
7601,34505469000,219331529,-1023043518
7602,34506061000,215444024,-1024839520
7603,34506654000,211511713,-1026646495
7604,34507246000,207584158,-1028364558
7605,34507839000,203675600,-1030080546
7606,34508432000,199757258,-1031762186
7607,34509024000,195810120,-1033406324
7608,34509617000,191897661,-1035020390
7609,34510210000,187957030,-1036597051
7610,34510802000,184009736,-1038144305
7611,34511395000,180091195,-1039629900
7612,34511988000,176129246,-1041161246
7613,34512580000,172173402,-1042596962
7614,34513173000,168254848,-1044020857
7615,34513766000,164286379,-1045384743
7616,34514358000,160383346,-1046718843
7617,34514951000,156399971,-1048055264
7618,34515543000,152463055,-1049380456
7619,34516136000,148493983,-1050592281
7620,34516729000,144541831,-1051835931
7621,34517321000,140566515,-1053024601
7622,34517914000,136599952,-1054181571
7623,34518507000,132636193,-1055306372
7624,34519099000,128682266,-1056394353
7625,34519692000,124727038,-1057464007
7626,34520285000,120763086,-1058481865
7627,34520877000,116769238,-1059466904
7628,34521470000,112796382,-1060406403
7629,34522062000,108838110,-1061325512
7630,34522655000,104871321,-1062249021
7631,34523248000,100868881,-1063131107
7632,34523840000,96882977,-1063929283
7633,34524433000,92910990,-1064701789
7634,34525026000,88933816,-1065500703
7635,34525618000,84923300,-1066222237
7636,34526211000,80986385,-1066889955
7637,34526804000,76970028,-1067576536
7638,34527396000,72982849,-1068199156
7639,34527989000,69020027,-1068798250
7640,34528582000,65019178,-1069325661
7641,34529174000,61022694,-1069875341
7642,34529767000,57035358,-1070359852
7643,34530359000,53033655,-1070841106
7644,34530952000,49023740,-1071264449
7645,34531545000,45039967,-1071640202
7646,34532137000,41079702,-1072020604
7647,34532730000,37060276,-1072326979
7648,34533323000,33056050,-1072638885
7649,34533915000,29071630,-1072913488
7650,34534508000,25069248,-1073131195
7651,34535101000,21088339,-1073299599
7652,34535693000,17108019,-1073455970
7653,34536286000,13092148,-1073614853
7654,34536878000,9109607,-1073686151
7655,34537471000,5132513,-1073727194
7656,34538064000,1104554,-1073797840
7657,34538656000,-2879789,-1073772217
7658,34539249000,-6868289,-1073724761
7659,34539842000,-10874027,-1073646796
7660,34540434000,-14886431,-1073519521
7661,34541027000,-18873387,-1073403818
7662,34541620000,-22856337,-1073235149
7663,34542212000,-26861940,-1073006280
7664,34542805000,-30839909,-1072795064
7665,34543398000,-34821895,-1072500792
7666,34543990000,-38835789,-1072189666
7667,34544583000,-42816170,-1071841541
7668,34545175000,-46871379,-1071496815
7669,34545768000,-50805723,-1071065242
7670,34546361000,-54820520,-1070634385
7671,34546953000,-58787943,-1070155424
7672,34547546000,-62800675,-1069659623
7673,34548139000,-66779411,-1069086190
7674,34548731000,-70754405,-1068529826
7675,34549324000,-74773150,-1067904087
7676,34549917000,-78726033,-1067257763
7677,34550509000,-82735258,-1066598359
7678,34551102000,-86696806,-1065902386
7679,34551694000,-90708098,-1065116135
7680,34552287000,-94663751,-1064394498
7681,34552880000,-98638523,-1063568619
7682,34553472000,-102643462,-1062722987
7683,34554065000,-106593089,-1061830669
7684,34554658000,-110562449,-1060962979
7685,34555250000,-114543740,-1059996407
7686,34555843000,-118545297,-1059046863
7687,34556436000,-122505124,-1058031138
7688,34557028000,-126472337,-1056964884
7689,34557621000,-130451411,-1055920419
7690,34558214000,-134399226,-1054789491
7691,34558806000,-138355325,-1053663679
7692,34559399000,-142334177,-1052480703
7693,34559991000,-146270777,-1051272228
7694,34560584000,-150255725,-1050054652
7695,34561177000,-154211309,-1048774013
7696,34561769000,-158168978,-1047489811
7697,34562362000,-162111089,-1046146024
7698,34562955000,-166026211,-1044771022
7699,34563547000,-169991411,-1043359000
7700,34564140000,-173938068,-1041943910
7701,34564733000,-177896397,-1040474368
7702,34565325000,-181817479,-1038972159
7703,34565918000,-185797979,-1037443010
7704,34566510000,-189712207,-1035872372
7705,34567103000,-193652815,-1034294533
7706,34567696000,-197558849,-1032690570
7707,34568288000,-201498291,-1031010328
7708,34568881000,-205382918,-1029317634
7709,34569474000,-209313650,-1027652339
7710,34570066000,-213276150,-1025867109
7711,34570659000,-217173409,-1024047949
7712,34571252000,-221117885,-1022223299
7713,34571844000,-225002593,-1020371394
7714,34572437000,-228912660,-1018521059
7715,34573030000,-232768313,-1016583850
7716,34573622000,-236712295,-1014650036
7717,34574215000,-240602350,-1012661540
7718,34574807000,-244487137,-1010639154
7719,34575400000,-248349456,-1008650115
7720,34575993000,-252267935,-1006543694
7721,34576585000,-256150067,-1004458418
7722,34577178000,-260027517,-1002310431
7723,34577771000,-263933005,-1000137683
7724,34578363000,-267755355,-997948960
7725,34578956000,-271652493,-995709291
7726,34579549000,-275492208,-993453060
7727,34580141000,-279367620,-991162694
7728,34580734000,-283212908,-988857522
7729,34581326000,-287111232,-986494354
7730,34581919000,-290915597,-984110188
7731,34582512000,-294776669,-981673073
7732,34583104000,-298602988,-979231621
7733,34583697000,-302451480,-976771613
7734,34584290000,-306305774,-974262237
7735,34584882000,-310104134,-971748228
7736,34585475000,-313934913,-969165413
7737,34586068000,-317775906,-966571105
7738,34586660000,-321586534,-963931105
7739,34587253000,-325367514,-961296975
7740,34587846000,-329160430,-958611198
7741,34588438000,-333003638,-955904659
7742,34589031000,-336771765,-953153778
7743,34589623000,-340565105,-950341318
7744,34590216000,-344372990,-947538762
7745,34590809000,-348161871,-944732266
7746,34591401000,-351913595,-941861626
7747,34591994000,-355704167,-938975636
7748,34592587000,-359459297,-936033731
7749,34593179000,-363209322,-933112138
7750,34593772000,-366977695,-930143468
7751,34594365000,-370733996,-927100693
7752,34594957000,-374483278,-924079396
7753,34595550000,-378233387,-921022198
7754,34596142000,-381962495,-917929278
7755,34596735000,-385677443,-914794046
7756,34597328000,-389439465,-911658987
7757,34597920000,-393141439,-908425131
7758,34598513000,-396882234,-905214136
7759,34599106000,-400568823,-901990293
7760,34599698000,-404274405,-898732829
7761,34600291000,-407970066,-895433760
7762,34600884000,-411679176,-892099009
7763,34601476000,-415357179,-888743347
7764,34602069000,-419044268,-885386641
7765,34602662000,-422713971,-882025049
7766,34603254000,-426395358,-878580975
7767,34603847000,-430055408,-875087885
7768,34604439000,-433712185,-871626911
7769,34605032000,-437359152,-868086876
7770,34605625000,-440990827,-864556540
7771,34606217000,-444655937,-860978627
7772,34606810000,-448280929,-857395893
7773,34607403000,-451930948,-853750955
7774,34607995000,-455548245,-850106092
7775,34608588000,-459156536,-846436635
7776,34609181000,-462781031,-842751302
7777,34609773000,-466350283,-839014256
7778,34610366000,-469942964,-835255675
7779,34610958000,-473523176,-831465318
7780,34611551000,-477139024,-827679366
7781,34612144000,-480702963,-823843162
7782,34612736000,-484285811,-819990661
7783,34613329000,-487855026,-816101066
7784,34613922000,-491400640,-812207871
7785,34614514000,-494925522,-808258779
7786,34615107000,-498512133,-804312891
7787,34615700000,-502018568,-800311551
7788,34616292000,-505546218,-796312944
7789,34616885000,-509077815,-792284715
7790,34617478000,-512569264,-788229078
7791,34618070000,-516095534,-784115349
7792,34618663000,-519606742,-780015844
7793,34619255000,-523086778,-775905255
7794,34619848000,-526552413,-771728850
7795,34620441000,-530086845,-767537466
7796,34621033000,-533525072,-763350120
7797,34621626000,-537005021,-759132022
7798,34622219000,-540472625,-754844565
7799,34622811000,-543919928,-750605168
7800,34623404000,-547350191,-746292734
7801,34623997000,-550768746,-741956194
7802,34624589000,-554235084,-737595058
7803,34625182000,-557601062,-733273435
7804,34625774000,-561049267,-728874227
7805,34626367000,-564448784,-724453207
7806,34626960000,-567821347,-720020856
7807,34627552000,-571205996,-715582327
7808,34628145000,-574621801,-711046070
7809,34628738000,-577985649,-706581697
7810,34629330000,-581349267,-702037679
7811,34629923000,-584698141,-697493590
7812,34630516000,-588077711,-692937388
7813,34631108000,-591354416,-688365191
7814,34631701000,-594702156,-683738336
7815,34632294000,-598018039,-679119459
7816,34632886000,-601347873,-674464155
7817,34633479000,-604639987,-669755610
7818,34634071000,-607948824,-665078415
7819,34634664000,-611248917,-660364555
7820,34635257000,-614525302,-655609880
7821,34635849000,-617794812,-650880351
7822,34636442000,-621078198,-646081559
7823,34637035000,-624308059,-641323687
7824,34637627000,-627570082,-636476888
7825,34638220000,-630789663,-631651918
7826,34638813000,-634011090,-626790833
7827,34639405000,-637246680,-621899925
7828,34639998000,-640467176,-617022926
7829,34640590000,-643657027,-612102173
7830,34641183000,-646847315,-607151251
7831,34641776000,-650037147,-602214464
7832,34642368000,-653234326,-597240339
7833,34642961000,-656394215,-592225448
7834,34643554000,-659560947,-587197660
7835,34644146000,-662692801,-582221498
7836,34644739000,-665821342,-577150116
7837,34645332000,-669001604,-572078819
7838,34645924000,-672068085,-567026948
7839,34646517000,-675244012,-561884227
7840,34647110000,-678313294,-556775332
7841,34647702000,-681382510,-551681175
7842,34648295000,-684490008,-546494482
7843,34648887000,-687586343,-541339056
7844,34649480000,-690644184,-536171601
7845,34650073000,-693654169,-530946954
7846,34650665000,-696712230,-525708944
7847,34651258000,-699800027,-520512815
7848,34651851000,-702801965,-515271494
7849,34652443000,-705809288,-509959129
7850,34653036000,-708793135,-504676740
7851,34653629000,-711810653,-499408775
7852,34654221000,-714783507,-494103786
7853,34654814000,-717780787,-488727919
7854,34655406000,-720724492,-483404325
7855,34655999000,-723681100,-478075146
7856,34656592000,-726647952,-472659859
7857,34657184000,-729587479,-467280375
7858,34657777000,-732483866,-461898922
7859,34658370000,-735417419,-456452172
7860,34658962000,-738345779,-451009937
7861,34659555000,-741241198,-445572673
7862,34660148000,-744118421,-440110485
7863,34660740000,-747002737,-434622316
7864,34661333000,-749831557,-429155376
7865,34661926000,-752693734,-423626508
7866,34662518000,-755531239,-418118104
7867,34663111000,-758419742,-412603361
7868,34663703000,-761208470,-407064514
7869,34664296000,-764053705,-401516413
7870,34664889000,-766823857,-395950816
7871,34665481000,-769607156,-390369554
7872,34666074000,-772387696,-384762279
7873,34666667000,-775153085,-379179246
7874,34667259000,-777962653,-373533222
7875,34667852000,-780667049,-367954802
7876,34668445000,-783406160,-362314353
7877,34669037000,-786150026,-356642280
7878,34669630000,-788875581,-350969965
7879,34670222000,-791592951,-345335544
7880,34670815000,-794237791,-339642157
7881,34671408000,-796945699,-333951902
7882,34672000000,-799632453,-328245427
7883,34672593000,-802282376,-322527839
7884,34673186000,-804938528,-316813724
7885,34673778000,-807567635,-311090638
7886,34674371000,-810184681,-305325026
7887,34674964000,-812803955,-299606284
7888,34675556000,-815419857,-293821111
7889,34676149000,-818022857,-288051125
7890,34676742000,-820609077,-282294858
7891,34677334000,-823149102,-276497044
7892,34677927000,-825703843,-270704639
7893,34678519000,-828271404,-264869120
7894,34679112000,-830814393,-259047081
7895,34679705000,-833319092,-253255342
7896,34680297000,-835846333,-247427363
7897,34680890000,-838352982,-241547805
7898,34681483000,-840829554,-235720398
7899,34682075000,-843339219,-229887811
7900,34682668000,-845783561,-224024405
7901,34683261000,-848226401,-218166220
7902,34683853000,-850695436,-212294264
7903,34684446000,-853095970,-206410661
7904,34685038000,-855549398,-200510111
7905,34685631000,-857944729,-194636624
7906,34686224000,-860327705,-188735213
7907,34686816000,-862765069,-182771392
7908,34687409000,-865120638,-176936830
7909,34688002000,-867459316,-170984975
7910,34688594000,-869817737,-165089805
7911,34689187000,-872161647,-159140289
7912,34689780000,-874479248,-153217133
7913,34690372000,-876799442,-147302942
7914,34690965000,-879098270,-141370402
7915,34691558000,-881385427,-135395464
7916,34692150000,-883653411,-129444591
7917,34692743000,-885933963,-123492193
7918,34693335000,-888186751,-117550710
7919,34693928000,-890401812,-111595497
7920,34694521000,-892640933,-105643481
7921,34695113000,-894858261,-99646534
7922,34695706000,-897059133,-93686594
7923,34696299000,-899267893,-87714713
7924,34696891000,-901435788,-81719084
7925,34697484000,-903593901,-75768480
7926,34698077000,-905716232,-69780065
7927,34698669000,-907876477,-63801313
7928,34699262000,-910038535,-57800008
7929,34699854000,-912148333,-51834321
7930,34700447000,-914223366,-45823526
7931,34701040000,-916305176,-39852777
7932,34701632000,-918407303,-33814061
7933,34702225000,-920469003,-27846345
7934,34702818000,-922521034,-21846353
7935,34703410000,-924551736,-15854515
7936,34704003000,-926582544,-9886308
7937,34704596000,-928584631,-3879973
7938,34705188000,-930602659,2117009
7939,34705781000,-932571594,8109335
7940,34706374000,-934577864,14128164
7941,34706966000,-936512997,20100879
7942,34707559000,-938435424,26085734
7943,34708151000,-940367213,32097208
7944,34708744000,-942320795,38047900
7945,34709337000,-944224865,44070023
7946,34709929000,-946134498,50043889
7947,34710522000,-947999651,56039547
7948,34711115000,-949880987,62031423
7949,34711707000,-951766009,68028184
7950,34712300000,-953565265,73977774
7951,34712893000,-955409382,79950281
7952,34713485000,-957227531,85957866
7953,34714078000,-959033412,91874393
7954,34714670000,-960808170,97885952
7955,34715263000,-962606531,103856685
7956,34715856000,-964358707,109814654
7957,34716448000,-966105417,115766089
7958,34717041000,-967851198,121753372
7959,34717634000,-969564478,127710301
7960,34718226000,-971274301,133640015
7961,34718819000,-972981546,139582972
7962,34719412000,-974655428,145513339
7963,34720004000,-976327159,151432893
7964,34720597000,-977990001,157410975
7965,34721190000,-979620887,163297262
7966,34721782000,-981247901,169258928
7967,34722375000,-982880441,175131089
7968,34722967000,-984464497,181089108
7969,34723560000,-986063417,187001344
7970,34724153000,-987626000,192895137
7971,34724745000,-989191597,198751618
7972,34725338000,-990737550,204673185
7973,34725931000,-992294131,210545558
7974,34726523000,-993790030,216403403
7975,34727116000,-995310062,222312127
7976,34727709000,-996802936,228136931
7977,34728301000,-998288663,234009980
7978,34728894000,-999758589,239878031
7979,34729486000,-1001182272,245698807
7980,34730079000,-1002625950,251518465
7981,34730672000,-1004060475,257347489
7982,34731264000,-1005455074,263156805
7983,34731857000,-1006850992,268971494
7984,34732450000,-1008243360,274773946
7985,34733042000,-1009620428,280563502
7986,34733635000,-1010975297,286319009
7987,34734228000,-1012301687,292125288
7988,34734820000,-1013623607,297842011
7989,34735413000,-1014945247,303641298
7990,34736006000,-1016234928,309389583
7991,34736598000,-1017543669,315118109
7992,34737191000,-1018779777,320825772
7993,34737783000,-1020050405,326548410
7994,34738376000,-1021267616,332282004
7995,34738969000,-1022484695,337965048
7996,34739561000,-1023711461,343633125
7997,34740154000,-1024917860,349334248
7998,34740747000,-1026112380,354967875
7999,34741339000,-1027282156,360640185
8000,34741932000,-1028440710,366273147
8001,34742525000,-1029552462,371893898
8002,34743117000,-1030681305,377510574
8003,34743710000,-1031810505,383107231
8004,34744302000,-1032905417,388716937
8005,34744895000,-1033994519,394314326
8006,34745488000,-1035066166,399892370
8007,34746080000,-1036145159,405427399
8008,34746673000,-1037160001,410998360
8009,34747266000,-1038183196,416512155
8010,34747858000,-1039193029,422011601
8011,34748451000,-1040188254,427513669
8012,34749044000,-1041184521,433042955
8013,34749636000,-1042187759,438524859
8014,34750229000,-1043096816,443972982
8015,34750822000,-1044046492,449400128
8016,34751414000,-1044990751,454858152
8017,34752007000,-1045899691,460294370
8018,34752599000,-1046805253,465670642
8019,34753192000,-1047676153,471090491
8020,34753785000,-1048525804,476467960
8021,34754377000,-1049397553,481803830
8022,34754970000,-1050225279,487192061
8023,34755563000,-1051063656,492493716
8024,34756155000,-1051839016,497807298
8025,34756748000,-1052672893,503142801
8026,34757341000,-1053453932,508396260
8027,34757933000,-1054221109,513700890
8028,34758526000,-1054955983,518927639
8029,34759118000,-1055693010,524187031
8030,34759711000,-1056405373,529404709
8031,34760304000,-1057125153,534621680
8032,34760896000,-1057837231,539791293
8033,34761489000,-1058484112,544977788
8034,34762082000,-1059144287,550125296
8035,34762674000,-1059846324,555287881
8036,34763267000,-1060439392,560385207
8037,34763860000,-1061044029,565504552
8038,34764452000,-1061658488,570577973
8039,34765045000,-1062239635,575615328
8040,34765638000,-1062823933,580693737
8041,34766230000,-1063377394,585729748
8042,34766823000,-1063950019,590752996
8043,34767415000,-1064471380,595758984
8044,34768008000,-1064986653,600760514
8045,34768601000,-1065480546,605685389
8046,34769193000,-1065969328,610613111
8047,34769786000,-1066429529,615558215
8048,34770379000,-1066923484,620444805
8049,34770971000,-1067319606,625318898
8050,34771564000,-1067803488,630205615
8051,34772157000,-1068217873,635050300
8052,34772749000,-1068567703,639863402
8053,34773342000,-1068971444,644691752
8054,34773934000,-1069332612,649443445
8055,34774527000,-1069726026,654223157
8056,34775120000,-1070032801,658933645
8057,34775712000,-1070333820,663683091
8058,34776305000,-1070695638,668363736
8059,34776898000,-1070962796,673067681
8060,34777490000,-1071238762,677755508
8061,34778083000,-1071511956,682350035
8062,34778676000,-1071765068,686968660
8063,34779268000,-1072008525,691592456
8064,34779861000,-1072221948,696167839
8065,34780454000,-1072411039,700713072
8066,34781046000,-1072601884,705238245
8067,34781639000,-1072780440,709765534
8068,34782231000,-1072942960,714207947
8069,34782824000,-1073088521,718701933
8070,34783417000,-1073233869,723159654
8071,34784009000,-1073354729,727581855
8072,34784602000,-1073424524,731979976
8073,34785195000,-1073536505,736345899
8074,34785787000,-1073619896,740703115
8075,34786380000,-1073667435,745034290
8076,34786973000,-1073675944,749329323
8077,34787565000,-1073704340,753587637
8078,34788158000,-1073742456,757882277
8079,34788750000,-1073728866,762083367
8080,34789343000,-1073741733,766318438
8081,34789936000,-1073684197,770496354
8082,34790528000,-1073636372,774676135
8083,34791121000,-1073602240,778828860
8084,34791714000,-1073506429,782892355
8085,34792306000,-1073417569,786984948
8086,34792899000,-1073310939,791051408
8087,34793492000,-1073191623,795096662
8088,34794084000,-1073043131,799150818
8089,34794677000,-1072911536,803105944
8090,34795270000,-1072738059,807084994
8091,34795862000,-1072560689,811029106
8092,34796455000,-1072353993,814963469
8093,34797047000,-1072143761,818793808
8094,34797640000,-1071927605,822702978
8095,34798233000,-1071671359,826538655
8096,34798825000,-1071417783,830363667
8097,34799418000,-1071125370,834096526
8098,34800011000,-1070861562,837860354
8099,34800603000,-1070588591,841645256
8100,34801196000,-1070239691,845335614
8101,34801789000,-1069909765,849011226
8102,34802381000,-1069573115,852685248
8103,34802974000,-1069218562,856317217
8104,34803566000,-1068817885,859926876
8105,34804159000,-1068432855,863511032
8106,34804752000,-1068049173,867054076
8107,34805344000,-1067636990,870574188
8108,34805937000,-1067193822,874080716
8109,34806530000,-1066751557,877517766
8110,34807122000,-1066272505,880972184
8111,34807715000,-1065777526,884381963
8112,34808308000,-1065295621,887745300
8113,34808900000,-1064826570,891151433
8114,34809493000,-1064268642,894450172
8115,34810086000,-1063759694,897764016
8116,34810678000,-1063180541,901006500
8117,34811271000,-1062623950,904258424
8118,34811863000,-1062082972,907518083
8119,34812456000,-1061455662,910696580
8120,34813049000,-1060876369,913853862
8121,34813641000,-1060250876,916978607
8122,34814234000,-1059587367,920062034
8123,34814827000,-1058918645,923168218
8124,34815419000,-1058287491,926227424
8125,34816012000,-1057579801,929214303
8126,34816605000,-1056866129,932202492
8127,34817197000,-1056174369,935196270
8128,34817790000,-1055444018,938095551
8129,34818382000,-1054712743,941016401
8130,34818975000,-1053955405,943904860
8131,34819568000,-1053196077,946745595
8132,34820160000,-1052394577,949538418
8133,34820753000,-1051598299,952318339
8134,34821346000,-1050765973,955085506
8135,34821938000,-1049931686,957819638
8136,34822531000,-1049095561,960488855
8137,34823124000,-1048233825,963134370
8138,34823716000,-1047378648,965809214
8139,34824309000,-1046484216,968421080
8140,34824902000,-1045568580,970975735
8141,34825494000,-1044652791,973569581
8142,34826087000,-1043728755,976021266
8143,34826679000,-1042786674,978539589
8144,34827272000,-1041815965,980995544
8145,34827865000,-1040862921,983383376
8146,34828457000,-1039854054,985808537
8147,34829050000,-1038863929,988141857
8148,34829643000,-1037866021,990487032
8149,34830235000,-1036824184,992793567
8150,34830828000,-1035758027,995014477
8151,34831421000,-1034726818,997292826
8152,34832013000,-1033613564,999467751
8153,34832606000,-1032565496,1001675183
8154,34833198000,-1031430795,1003830800
8155,34833791000,-1030324198,1005922618
8156,34834384000,-1029193485,1007989008
8157,34834976000,-1028074383,1010058338
8158,34835569000,-1026871272,1012076920
8159,34836162000,-1025712640,1014053886
8160,34836754000,-1024524430,1016024289
8161,34837347000,-1023323243,1017940780
8162,34837940000,-1022111044,1019849461
8163,34838532000,-1020837662,1021709692
8164,34839125000,-1019602797,1023484318
8165,34839718000,-1018368625,1025308013
8166,34840310000,-1017122150,1027109918
8167,34840903000,-1015814043,1028827623
8168,34841495000,-1014509548,1030521836
8169,34842088000,-1013168603,1032185521
8170,34842681000,-1011883394,1033822142
8171,34843273000,-1010511330,1035415765
8172,34843866000,-1009157847,1037007902
8173,34844459000,-1007789046,1038539305
8174,34845051000,-1006396293,1040047676
8175,34845644000,-1004983870,1041534399
8176,34846237000,-1003580285,1042981085
8177,34846829000,-1002149913,1044360410
8178,34847422000,-1000723286,1045764008
8179,34848014000,-999246999,1047089023
8180,34848607000,-997783520,1048421358
8181,34849200000,-996285694,1049679497
8182,34849792000,-994794626,1050912790
8183,34850385000,-993304258,1052135237
8184,34850978000,-991753910,1053301746
8185,34851570000,-990253832,1054487330
8186,34852163000,-988692763,1055621409
8187,34852756000,-987109924,1056667202
8188,34853348000,-985543489,1057710664
8189,34853941000,-983945964,1058740991
8190,34854534000,-982324105,1059721350
8191,34855126000,-980717982,1060659124
