out_idx,time_ns,dac_left,dac_right
0,30000812000,-1040027797,-985368797
1,30001405000,-1039059010,-987827343
2,30001997000,-1038027608,-990110584
3,30002590000,-1036984672,-992418291
4,30003182000,-1035930225,-994699740
5,30003775000,-1034894861,-996975594
6,30004368000,-1033818198,-999137400
7,30004960000,-1032721502,-1001310506
8,30005553000,-1031612883,-1003479143
9,30006146000,-1030507412,-1005574849
10,30006738000,-1029375828,-1007671896
11,30007331000,-1028259854,-1009752261
12,30007924000,-1027050355,-1011755925
13,30008516000,-1025916705,-1013768947
14,30009109000,-1024716154,-1015732001
15,30009702000,-1023530625,-1017657679
16,30010294000,-1022320958,-1019551076
17,30010887000,-1021065032,-1021417358
18,30011479000,-1019822232,-1023240644
19,30012072000,-1018548954,-1025048859
20,30012665000,-1017320448,-1026829580
21,30013257000,-1016001515,-1028548408
22,30013850000,-1014715532,-1030249777
23,30014443000,-1013403929,-1031938279
24,30015035000,-1012068059,-1033552891
25,30015628000,-1010709632,-1035168831
26,30016221000,-1009371029,-1036745023
27,30016813000,-1007989041,-1038302481
28,30017406000,-1006591413,-1039809542
29,30017998000,-1005228712,-1041294942
30,30018591000,-1003813009,-1042744304
31,30019184000,-1002374479,-1044127617
32,30019776000,-1000942076,-1045499930
33,30020369000,-999519223,-1046881235
34,30020962000,-998023813,-1048200341
35,30021554000,-996537461,-1049493029
36,30022147000,-995018619,-1050719133
37,30022740000,-993531436,-1051963055
38,30023332000,-992041760,-1053126643
39,30023925000,-990443256,-1054292348
40,30024518000,-988960247,-1055397205
41,30025110000,-987368251,-1056515529
42,30025703000,-985814602,-1057583579
43,30026295000,-984208955,-1058581412
44,30026888000,-982589841,-1059544547
45,30027481000,-980974967,-1060517041
46,30028073000,-979333259,-1061452657
47,30028666000,-977671654,-1062308436
48,30029259000,-976033430,-1063208249
49,30029851000,-974383817,-1064013032
50,30030444000,-972677864,-1064802471
51,30031037000,-970958198,-1065527316
52,30031629000,-969250393,-1066297819
53,30032222000,-967509081,-1066993345
54,30032814000,-965795062,-1067653884
55,30033407000,-964030085,-1068231301
56,30034000000,-962288800,-1068861160
57,30034592000,-960503228,-1069404409
58,30035185000,-958708024,-1069944926
59,30035778000,-956898046,-1070402954
60,30036370000,-955074572,-1070876353
61,30036963000,-953243862,-1071305560
62,30037556000,-951415281,-1071702326
63,30038148000,-949512209,-1072036212
64,30038741000,-947660817,-1072360659
65,30039334000,-945749221,-1072636101
66,30039926000,-943872126,-1072890721
67,30040519000,-941972109,-1073140989
68,30041111000,-940033610,-1073334497
69,30041704000,-938119632,-1073493164
70,30042297000,-936130277,-1073594783
71,30042889000,-934198462,-1073690676
72,30043482000,-932238912,-1073762910
73,30044075000,-930225011,-1073772347
74,30044667000,-928201891,-1073754672
75,30045260000,-926231775,-1073716056
76,30045853000,-924185403,-1073634936
77,30046445000,-922145328,-1073540295
78,30047038000,-920083188,-1073381594
79,30047630000,-918021941,-1073200055
80,30048223000,-915924634,-1072987703
81,30048816000,-913843197,-1072734790
82,30049408000,-911744066,-1072459689
83,30050001000,-909615048,-1072130413
84,30050594000,-907510896,-1071812136
85,30051186000,-905342325,-1071419963
86,30051779000,-903168061,-1070997726
87,30052372000,-901010338,-1070560737
88,30052964000,-898839821,-1070093820
89,30053557000,-896660213,-1069579585
90,30054150000,-894442911,-1069028923
91,30054742000,-892236643,-1068434429
92,30055335000,-890007143,-1067864193
93,30055927000,-887737924,-1067181077
94,30056520000,-885496963,-1066510956
95,30057113000,-883230068,-1065806403
96,30057705000,-880961179,-1065050537
97,30058298000,-878672729,-1064272896
98,30058891000,-876371757,-1063456893
99,30059483000,-874057112,-1062624673
100,30060076000,-871719968,-1061745311
101,30060669000,-869360540,-1060816666
102,30061261000,-867034660,-1059871563
103,30061854000,-864667960,-1058928863
104,30062446000,-862289960,-1057882383
105,30063039000,-859921245,-1056843062
106,30063632000,-857506908,-1055755163
107,30064224000,-855094310,-1054666620
108,30064817000,-852634777,-1053505537
109,30065410000,-850248736,-1052357287
110,30066002000,-847799133,-1051135289
111,30066595000,-845337596,-1049902229
112,30067188000,-842881336,-1048638291
113,30067780000,-840367651,-1047324955
114,30068373000,-837891107,-1045979705
115,30068966000,-835372390,-1044604656
116,30069558000,-832871028,-1043213420
117,30070151000,-830349493,-1041785664
118,30070743000,-827800226,-1040267515
119,30071336000,-825247468,-1038796904
120,30071929000,-822694406,-1037262693
121,30072521000,-820121216,-1035718634
122,30073114000,-817529478,-1034120950
123,30073707000,-814931016,-1032479244
124,30074299000,-812305876,-1030797605
125,30074892000,-809697568,-1029118713
126,30075485000,-807070765,-1027401136
127,30076077000,-804437358,-1025656491
128,30076670000,-801776177,-1023842994
129,30077262000,-799100402,-1021996399
130,30077855000,-796444686,-1020164574
131,30078448000,-793737476,-1018286038
132,30079040000,-791059024,-1016364379
133,30079633000,-788345415,-1014397265
134,30080226000,-785645857,-1012412229
135,30080818000,-782853875,-1010400384
136,30081411000,-780119465,-1008358539
137,30082004000,-777411346,-1006293898
138,30082596000,-774643212,-1004181468
139,30083189000,-771867261,-1002051968
140,30083782000,-769098084,-999889982
141,30084374000,-766281581,-997658612
142,30084967000,-763478869,-995440158
143,30085559000,-760666398,-993155132
144,30086152000,-757856433,-990839998
145,30086745000,-755009740,-988561051
146,30087337000,-752153571,-986177756
147,30087930000,-749302025,-983819997
148,30088523000,-746456729,-981401054
149,30089115000,-743541299,-978940426
150,30089708000,-740655680,-976455495
151,30090301000,-737769073,-973942849
152,30090893000,-734861662,-971404778
153,30091486000,-731955182,-968816727
154,30092078000,-728999552,-966255410
155,30092671000,-726067977,-963606621
156,30093264000,-723129104,-960967347
157,30093856000,-720173844,-958281375
158,30094449000,-717198027,-955547165
159,30095042000,-714224322,-952811834
160,30095634000,-711233841,-950002834
161,30096227000,-708230574,-947224922
162,30096820000,-705227512,-944358122
163,30097412000,-702194521,-941526283
164,30098005000,-699178891,-938622784
165,30098598000,-696131619,-935710862
166,30099190000,-693073965,-932719922
167,30099783000,-690021388,-929745210
168,30100375000,-686939591,-926731150
169,30100968000,-683904500,-923699714
170,30101561000,-680784289,-920616579
171,30102153000,-677675211,-917488256
172,30102746000,-674575808,-914381083
173,30103339000,-671475222,-911229329
174,30103931000,-668387706,-908059900
175,30104524000,-665225205,-904823530
176,30105117000,-662087104,-901586956
177,30105709000,-658904871,-898293798
178,30106302000,-655751106,-895007724
179,30106894000,-652597139,-891685375
180,30107487000,-649422919,-888362038
181,30108080000,-646221220,-884939196
182,30108672000,-643035875,-881539462
183,30109265000,-639839305,-878129667
184,30109858000,-636623148,-874648616
185,30110450000,-633395911,-871127751
186,30111043000,-630188749,-867639883
187,30111636000,-626917962,-864079161
188,30112228000,-623663060,-860530457
189,30112821000,-620402339,-856917876
190,30113414000,-617115108,-853287986
191,30114006000,-613884828,-849608181
192,30114599000,-610588323,-845983860
193,30115191000,-607340786,-842273840
194,30115784000,-604008978,-838535152
195,30116377000,-600694160,-834759257
196,30116969000,-597413414,-831022924
197,30117562000,-594063596,-827185951
198,30118155000,-590729078,-823356083
199,30118747000,-587370466,-819485481
200,30119340000,-583992880,-815551378
201,30119933000,-580669575,-811698849
202,30120525000,-577322734,-807758263
203,30121118000,-573905784,-803754105
204,30121710000,-570546670,-799782892
205,30122303000,-567164911,-795790331
206,30122896000,-563725387,-791740938
207,30123488000,-560351335,-787690307
208,30124081000,-556930495,-783597491
209,30124674000,-553526368,-779470511
210,30125266000,-550115562,-775366942
211,30125859000,-546645414,-771191486
212,30126452000,-543217989,-766986485
213,30127044000,-539736618,-762784061
214,30127637000,-536318102,-758565160
215,30128230000,-532816403,-754280254
216,30128822000,-529360529,-750035822
217,30129415000,-525891030,-745724494
218,30130007000,-522378630,-741402267
219,30130600000,-518888224,-737028932
220,30131193000,-515408505,-732665835
221,30131785000,-511870651,-728295128
222,30132378000,-508374862,-723903154
223,30132971000,-504825077,-719432978
224,30133563000,-501346177,-714971276
225,30134156000,-497795778,-710474229
226,30134749000,-494216887,-705994780
227,30135341000,-490655422,-701462306
228,30135934000,-487114482,-696886231
229,30136526000,-483589918,-692351232
230,30137119000,-479971859,-687759369
231,30137712000,-476388453,-683124337
232,30138304000,-472805386,-678474957
233,30138897000,-469230157,-673820353
234,30139490000,-465634018,-669126378
235,30140082000,-462017783,-664458866
236,30140675000,-458436174,-659734270
237,30141268000,-454837917,-654999741
238,30141860000,-451156946,-650229379
239,30142453000,-447545665,-645441867
240,30143046000,-443905229,-640663358
241,30143638000,-440238161,-635821877
242,30144231000,-436619932,-631003011
243,30144823000,-432943100,-626122023
244,30145416000,-429309247,-621240940
245,30146009000,-425640048,-616380922
246,30146601000,-421954482,-611417844
247,30147194000,-418274034,-606497901
248,30147787000,-414607571,-601532495
249,30148379000,-410923737,-596587743
250,30148972000,-407205617,-591566271
251,30149565000,-403504221,-586538584
252,30150157000,-399818239,-581512681
253,30150750000,-396095058,-576452287
254,30151342000,-392384013,-571403307
255,30151935000,-388659366,-566316552
256,30152528000,-384916993,-561224467
257,30153120000,-381181081,-556112406
258,30153713000,-377464304,-550967698
259,30154306000,-373705637,-545779432
260,30154898000,-369980994,-540663915
261,30155491000,-366175726,-535459369
262,30156084000,-362453696,-530250597
263,30156676000,-358715585,-525037013
264,30157269000,-354940327,-519785944
265,30157862000,-351122788,-514525339
266,30158454000,-347338287,-509251367
267,30159047000,-343558087,-503962744
268,30159639000,-339781901,-498676765
269,30160232000,-335976229,-493350799
270,30160825000,-332213148,-488036866
271,30161417000,-328381784,-482659379
272,30162010000,-324575691,-477303374
273,30162603000,-320775440,-471959840
274,30163195000,-316965860,-466573120
275,30163788000,-313149971,-461146350
276,30164381000,-309315623,-455730320
277,30164973000,-305464891,-450270243
278,30165566000,-301635309,-444848209
279,30166158000,-297832460,-439384688
280,30166751000,-293965936,-433897865
281,30167344000,-290142483,-428425919
282,30167936000,-286273778,-422892532
283,30168529000,-282421770,-417386706
284,30169122000,-278568961,-411849461
285,30169714000,-274704894,-406298252
286,30170307000,-270815174,-400737864
287,30170900000,-266963506,-395166957
288,30171492000,-263061458,-389582450
289,30172085000,-259191726,-384004274
290,30172678000,-255336617,-378410293
291,30173270000,-251465157,-372786748
292,30173863000,-247537525,-367133040
293,30174455000,-243684478,-361545227
294,30175048000,-239760792,-355873820
295,30175641000,-235873402,-350209467
296,30176233000,-231982144,-344496437
297,30176826000,-228082461,-338807919
298,30177419000,-224155543,-333144110
299,30178011000,-220242736,-327428872
300,30178604000,-216349656,-321743440
301,30179197000,-212439369,-315999907
302,30179789000,-208491260,-310255484
303,30180382000,-204601317,-304548691
304,30180974000,-200665586,-298784446
305,30181567000,-196737096,-292997449
306,30182160000,-192807940,-287247556
307,30182752000,-188858465,-281451228
308,30183345000,-184909914,-275685512
309,30183938000,-180997106,-269884976
310,30184530000,-177056403,-264047866
311,30185123000,-173128104,-258238788
312,30185716000,-169195512,-252447866
313,30186308000,-165221925,-246598189
314,30186901000,-161252999,-240755417
315,30187494000,-157327330,-234924581
316,30188086000,-153376024,-229077790
317,30188679000,-149395436,-223197041
318,30189271000,-145433968,-217336316
319,30189864000,-141490156,-211456601
320,30190457000,-137522244,-205574022
321,30191049000,-133558964,-199699917
322,30191642000,-129573896,-193771538
323,30192235000,-125616234,-187908279
324,30192827000,-121634414,-181965828
325,30193420000,-117681970,-176061293
326,30194013000,-113671949,-170140692
327,30194605000,-109745619,-164202879
328,30195198000,-105753449,-158325839
329,30195790000,-101778783,-152371415
330,30196383000,-97803491,-146421475
331,30196976000,-93800028,-140459142
332,30197568000,-89838965,-134551546
333,30198161000,-85842730,-128622209
334,30198754000,-81872813,-122649142
335,30199346000,-77867677,-116682357
336,30199939000,-73901410,-110721097
337,30200532000,-69899251,-104754725
338,30201124000,-65897811,-98786334
339,30201717000,-61951616,-92835697
340,30202310000,-57962055,-86845320
341,30202902000,-53953540,-80909300
342,30203495000,-49931560,-74897158
343,30204087000,-45940438,-68900588
344,30204680000,-41991901,-62927910
345,30205273000,-37943751,-56930163
346,30205865000,-33987758,-50974421
347,30206458000,-30001041,-44971513
348,30207051000,-25999330,-38969893
349,30207643000,-22038766,-33032185
350,30208236000,-17988787,-27011321
351,30208829000,-13976248,-20995007
352,30209421000,-10007868,-15030639
353,30210014000,-5978450,-8986194
354,30210606000,-2006775,-3043844
355,30211199000,1988352,2993296
356,30211792000,6001982,8995636
357,30212384000,10000403,14974859
358,30212977000,13969888,20959528
359,30213570000,17982231,26940158
360,30214162000,21975387,32972991
361,30214755000,25957559,38935328
362,30215348000,29943835,44930621
363,30215940000,33989246,50961384
364,30216533000,37977679,56931682
365,30217126000,41941350,62915636
366,30217718000,45953618,68876585
367,30218311000,49921398,74858197
368,30218903000,53932618,80847009
369,30219496000,57898469,86794210
370,30220089000,61911167,92807622
371,30220681000,65888667,98761914
372,30221274000,69867104,104714667
373,30221867000,73868959,110721834
374,30222459000,77854340,116655568
375,30223052000,81842556,122634547
376,30223645000,85827844,128565000
377,30224237000,89803311,134541086
378,30224830000,93769908,140473645
379,30225422000,97736709,146397060
380,30226015000,101780979,152331447
381,30226608000,105745199,158258138
382,30227200000,109707178,164209551
383,30227793000,113674577,170120588
384,30228386000,117666992,176044883
385,30228978000,121627616,181948334
386,30229571000,125608285,187897789
387,30230164000,129562002,193767690
388,30230756000,133538779,199637753
389,30231349000,137482895,205546551
390,30231942000,141423998,211389197
391,30232534000,145411949,217278873
392,30233127000,149378312,223170888
393,30233719000,153328264,228997952
394,30234312000,157277847,234863977
395,30234905000,161240797,240719115
396,30235497000,165202954,246573575
397,30236090000,169137756,252386761
398,30236683000,173095135,258219928
399,30237275000,177023572,264025373
400,30237868000,180958596,269828916
401,30238461000,184877699,275611354
402,30239053000,188839513,281419586
403,30239646000,192759596,287185475
404,30240238000,196708144,292994141
405,30240831000,200627829,298758219
406,30241424000,204543711,304521928
407,30242016000,208487690,310265831
408,30242609000,212391663,315974948
409,30243202000,216356431,321731683
410,30243794000,220246181,327408628
411,30244387000,224128547,333118916
412,30244980000,228069248,338823392
413,30245572000,231945425,344489433
414,30246165000,235855723,350148811
415,30246758000,239748792,355843728
416,30247350000,243614679,361478413
417,30247943000,247544477,367134850
418,30248535000,251413562,372740773
419,30249128000,255340077,378397142
420,30249721000,259191019,383964800
421,30250313000,263069848,389553416
422,30250906000,266961863,395161181
423,30251499000,270801457,400708500
424,30252091000,274660245,406286129
425,30252684000,278530613,411831233
426,30253277000,282389255,417313380
427,30253869000,286238379,422837380
428,30254462000,290086988,428353998
429,30255054000,293944935,433836194
430,30255647000,297795513,439355388
431,30256240000,301621106,444780744
432,30256832000,305448173,450244341
433,30257425000,309291361,455666724
434,30258018000,313121930,461100936
435,30258610000,316909030,466511209
436,30259203000,320745389,471894705
437,30259796000,324553890,477276172
438,30260388000,328384893,482666928
439,30260981000,332188172,488007273
440,30261574000,335962275,493324270
441,30262166000,339766895,498646742
442,30262759000,343572303,503949895
443,30263351000,347337272,509216791
444,30263944000,351116179,514502404
445,30264537000,354899628,519761295
446,30265129000,358635605,524968541
447,30265722000,362445753,530201214
448,30266315000,366185484,535414086
449,30266907000,369937322,540615495
450,30267500000,373669650,545768233
451,30268093000,377425818,550928324
452,30268685000,381189672,556076022
453,30269278000,384896469,561180848
454,30269870000,388628218,566293409
455,30270463000,392358164,571394701
456,30271056000,396076031,576446000
457,30271648000,399815637,581509233
458,30272241000,403511485,586538270
459,30272834000,407189481,591515620
460,30273426000,410895183,596542828
461,30274019000,414602854,601494233
462,30274612000,418254183,606422255
463,30275204000,421944435,611420776
464,30275797000,425609777,616330425
465,30276390000,429276429,621222999
466,30276982000,432923979,626095721
467,30277575000,436601856,630953246
468,30278167000,440247653,635782526
469,30278760000,443857390,640625661
470,30279353000,447508258,645422727
471,30279945000,451179084,650215991
472,30280538000,454781779,654979003
473,30281131000,458403572,659710848
474,30281723000,462020673,664444161
475,30282316000,465589603,669129389
476,30282909000,469214125,673811130
477,30283501000,472816689,678490956
478,30284094000,476391307,683120899
479,30284686000,479953558,687721251
480,30285279000,483537917,692327454
481,30285872000,487087580,696872690
482,30286464000,490661506,701434483
483,30287057000,494225227,705995482
484,30287650000,497775467,710494562
485,30288242000,501297296,714943885
486,30288835000,504825128,719395688
487,30289428000,508341948,723847952
488,30290020000,511896248,728280956
489,30290613000,515377900,732666344
490,30291206000,518897240,737062672
491,30291798000,522369707,741374877
492,30292391000,525833451,745704470
493,30292983000,529327239,749992126
494,30293576000,532825263,754291868
495,30294169000,536315336,758553762
496,30294761000,539746131,762786286
497,30295354000,543191793,766966563
498,30295947000,546628416,771174799
499,30296539000,550074122,775312262
500,30297132000,553516479,779468875
501,30297725000,556897523,783563147
502,30298317000,560309754,787652950
503,30298910000,563730881,791700115
504,30299502000,567116034,795731346
505,30300095000,570522409,799763858
506,30300688000,573927009,803762744
507,30301280000,577280792,807692147
508,30301873000,580647467,811657225
509,30302466000,584005433,815570262
510,30303058000,587350483,819435082
511,30303651000,590674801,823303816
512,30304244000,594040053,827162422
513,30304836000,597368857,831006715
514,30305429000,600691078,834742670
515,30306022000,603976278,838489001
516,30306614000,607278106,842254336
517,30307207000,610580643,845949133
518,30307799000,613838326,849624779
519,30308392000,617136837,853263204
520,30308985000,620400600,856904130
521,30309577000,623653219,860487897
522,30310170000,626931586,864069184
523,30310763000,630140167,867613333
524,30311355000,633370769,871110252
525,30311948000,636577984,874610783
526,30312541000,639797046,878075767
527,30313133000,643010504,881534755
528,30313726000,646213681,884964496
529,30314318000,649419085,888319543
530,30314911000,652562065,891645359
531,30315504000,655754756,895040262
532,30316096000,658900565,898321878
533,30316689000,662088718,901564918
534,30317282000,665234369,904820904
535,30317874000,668325493,908038350
536,30318467000,671469974,911234586
537,30319060000,674559432,914380991
538,30319652000,677679417,917492409
539,30320245000,680766331,920591667
540,30320838000,683870071,923682637
541,30321430000,686943855,926692758
542,30322023000,689990023,929705550
543,30322615000,693048541,932695262
544,30323208000,696121327,935668881
545,30323801000,699135065,938584752
546,30324393000,702181706,941480401
547,30324986000,705161205,944338936
548,30325579000,708211593,947201970
549,30326171000,711215615,950014767
550,30326764000,714194412,952776067
551,30327357000,717159757,955560903
552,30327949000,720107775,958266048
553,30328542000,723091269,960973445
554,30329134000,726040190,963568487
555,30329727000,729004032,966240246
556,30330320000,731928230,968848883
557,30330912000,734850897,971438082
558,30331505000,737740131,973940211
559,30332098000,740633665,976457693
560,30332690000,743506556,978916025
561,30333283000,746425162,981383255
562,30333876000,749318912,983831563
563,30334468000,752140013,986173661
564,30335061000,754966952,988553139
565,30335654000,757850245,990863079
566,30336246000,760628891,993173535
567,30336839000,763474621,995396142
568,30337431000,766246158,997644087
569,30338024000,769061907,999861371
570,30338617000,771868206,1002055829
571,30339209000,774624217,1004159970
572,30339802000,777415543,1006285564
573,30340395000,780141122,1008341649
574,30340987000,782873830,1010389199
575,30341580000,785629189,1012422530
576,30342173000,788314014,1014392836
577,30342765000,791017841,1016347015
578,30343358000,793717398,1018267339
579,30343950000,796409308,1020123912
580,30344543000,799086320,1021999010
581,30345136000,801726778,1023804438
582,30345728000,804412784,1025623423
583,30346321000,807062306,1027377352
584,30346914000,809693476,1029092654
585,30347506000,812300845,1030801949
586,30348099000,814905165,1032473071
587,30348692000,817486328,1034082926
588,30349284000,820083486,1035672644
589,30349877000,822668033,1037258260
590,30350470000,825227170,1038795943
591,30351062000,827795124,1040314009
592,30351655000,830336123,1041767462
593,30352247000,832840001,1043192001
594,30352840000,835373146,1044616231
595,30353433000,837858677,1045977139
596,30354025000,840383588,1047309045
597,30354618000,842842659,1048614997
598,30355211000,845335249,1049882378
599,30355803000,847758601,1051123601
600,30356396000,850239308,1052350252
601,30356989000,852659221,1053531754
602,30357581000,855064524,1054655577
603,30358174000,857510961,1055771377
604,30358766000,859878987,1056836397
605,30359359000,862297418,1057856519
606,30359952000,864650085,1058890834
607,30360544000,867046437,1059876972
608,30361137000,869374999,1060825074
609,30361730000,871709017,1061739885
610,30362322000,874060131,1062602603
611,30362915000,876381768,1063499645
612,30363508000,878661273,1064247918
613,30364100000,880952413,1065053590
614,30364693000,883258791,1065771093
615,30365286000,885507560,1066514539
616,30365878000,887749721,1067174978
617,30366471000,889977726,1067832410
618,30367063000,892215396,1068438941
619,30367656000,894425064,1069032858
620,30368249000,896655681,1069558911
621,30368841000,898829071,1070071349
622,30369434000,901000169,1070570947
623,30370027000,903180391,1071028676
624,30370619000,905355024,1071420157
625,30371212000,907495360,1071809906
626,30371805000,909600562,1072155537
627,30372397000,911723555,1072475892
628,30372990000,913835183,1072755523
629,30373582000,915928985,1073001347
630,30374175000,917990404,1073188093
631,30374768000,920089129,1073409210
632,30375360000,922139896,1073534152
633,30375953000,924146714,1073618206
634,30376546000,926198347,1073725214
635,30377138000,928218487,1073753078
636,30377731000,930220448,1073783223
637,30378324000,932208642,1073742637
638,30378916000,934181483,1073674932
639,30379509000,936135893,1073605664
640,30380102000,938124100,1073481810
641,30380694000,940049055,1073319945
642,30381287000,941961390,1073151032
643,30381879000,943867506,1072915111
644,30382472000,945755088,1072646097
645,30383065000,947649826,1072366920
646,30383657000,949515527,1072036173
647,30384250000,951405025,1071708219
648,30384843000,953247076,1071302697
649,30385435000,955070786,1070883194
650,30386028000,956860950,1070412742
651,30386621000,958693820,1069960637
652,30387213000,960500299,1069401522
653,30387806000,962271836,1068836460
654,30388398000,964008948,1068235065
655,30388991000,965796186,1067656086
656,30389584000,967520337,1066960663
657,30390176000,969238167,1066279028
658,30390769000,970954580,1065566559
659,30391362000,972666368,1064793060
660,30391954000,974323557,1063987538
661,30392547000,976029723,1063188100
662,30393140000,977696012,1062345463
663,30393732000,979319122,1061460552
664,30394325000,980957705,1060541562
665,30394918000,982573402,1059574332
666,30395510000,984177389,1058613601
667,30396103000,985783118,1057537793
668,30396695000,987341977,1056503890
669,30397288000,988926760,1055431773
670,30397881000,990436449,1054282720
671,30398473000,992013777,1053155742
672,30399066000,993520392,1051960177
673,30399659000,995024679,1050748241
674,30400251000,996533501,1049501424
675,30400844000,998021409,1048187817
676,30401437000,999486890,1046889809
677,30402029000,1000938212,1045531734
678,30402622000,1002346993,1044151019
679,30403214000,1003798365,1042735524
680,30403807000,1005220172,1041311264
681,30404400000,1006607054,1039834199
682,30404992000,1007991488,1038321084
683,30405585000,1009409214,1036767093
684,30406178000,1010715249,1035185560
685,30406770000,1012067175,1033594229
686,30407363000,1013414532,1031957999
687,30407956000,1014724003,1030288672
688,30408548000,1015998243,1028535132
689,30409141000,1017291140,1026819595
690,30409734000,1018558048,1025075007
691,30410326000,1019836029,1023277066
692,30410919000,1021039976,1021366637
693,30411511000,1022282784,1019551456
694,30412104000,1023535887,1017662336
695,30412697000,1024695674,1015736038
696,30413289000,1025886671,1013751861
697,30413882000,1027074200,1011778588
698,30414475000,1028221777,1009742298
699,30415067000,1029386804,1007710340
700,30415660000,1030494098,1005610867
701,30416253000,1031618216,1003507224
702,30416845000,1032734868,1001356858
703,30417438000,1033797393,999158874
704,30418030000,1034877560,996983069
705,30418623000,1035902505,994727606
706,30419216000,1036963742,992443561
707,30419808000,1037990876,990125224
708,30420401000,1039035977,987789727
709,30420994000,1040031294,985441275
710,30421586000,1041012941,983046292
711,30422179000,1041950421,980580611
712,30422772000,1042942353,978155863
713,30423364000,1043895508,975676450
714,30423957000,1044831856,973148750
715,30424550000,1045762566,970607853
716,30425142000,1046623704,968015158
717,30425735000,1047530201,965437150
718,30426327000,1048422440,962763731
719,30426920000,1049229623,960116046
720,30427513000,1050101121,957382922
721,30428105000,1050895935,954656486
722,30428698000,1051728995,951910577
723,30429291000,1052533343,949142550
724,30429883000,1053305748,946312013
725,30430476000,1054095879,943452406
726,30431069000,1054826823,940550044
727,30431661000,1055546697,937661618
728,30432254000,1056315837,934746802
729,30432846000,1057034704,931802448
730,30433439000,1057693982,928790629
731,30434032000,1058382829,925748863
732,30434624000,1059043600,922692516
733,30435217000,1059682351,919600093
734,30435810000,1060345932,916522312
735,30436402000,1060963158,913386883
736,30436995000,1061581892,910193822
737,30437588000,1062166187,907034540
738,30438180000,1062765010,903794749
739,30438773000,1063288778,900557201
740,30439366000,1063835596,897272140
741,30439958000,1064380419,893950630
742,30440551000,1064918289,890619130
743,30441143000,1065415056,887274149
744,30441736000,1065901746,883855284
745,30442329000,1066396501,880457377
746,30442921000,1066829154,876999708
747,30443514000,1067302433,873534601
748,30444107000,1067702335,870022567
749,30444699000,1068136501,866493376
750,30445292000,1068525859,862944622
751,30445885000,1068926529,859355608
752,30446477000,1069283812,855743023
753,30447070000,1069658783,852144135
754,30447662000,1069968099,848477372
755,30448255000,1070280890,844762127
756,30448848000,1070660650,841068156
757,30449440000,1070928315,837328332
758,30450033000,1071212915,833529512
759,30450626000,1071482674,829764777
760,30451218000,1071749238,825941763
761,30451811000,1071960984,822086799
762,30452404000,1072178884,818232284
763,30452996000,1072390272,814318136
764,30453589000,1072580168,810395718
765,30454182000,1072782198,806457500
766,30454774000,1072924196,802502931
767,30455367000,1073090184,798495878
768,30455959000,1073207202,794498590
769,30456552000,1073335475,790435903
770,30457145000,1073439255,786365653
771,30457737000,1073522812,782252746
772,30458330000,1073572315,778144785
773,30458923000,1073674241,774026799
774,30459515000,1073688668,769821323
775,30460108000,1073725045,765659168
776,30460701000,1073759221,761434389
777,30461293000,1073794244,757220668
778,30461886000,1073739528,752921151
779,30462478000,1073699666,748653576
780,30463071000,1073650723,744339853
781,30463664000,1073619430,740037781
782,30464256000,1073534181,735642402
783,30464849000,1073451887,731256488
784,30465442000,1073362820,726881931
785,30466034000,1073189426,722423205
786,30466627000,1073098356,717964801
787,30467220000,1072939969,713532340
788,30467812000,1072778117,709030486
789,30468405000,1072609340,704541145
790,30468998000,1072401817,699969695
791,30469590000,1072199508,695404016
792,30470183000,1071959669,690873995
793,30470775000,1071731621,686249963
794,30471368000,1071486485,681616388
795,30471961000,1071210894,677013999
796,30472553000,1070947105,672342029
797,30473146000,1070629337,667637547
798,30473739000,1070351969,662927600
799,30474331000,1069990334,658197807
800,30474924000,1069665728,653487439
801,30475517000,1069297926,648691422
802,30476109000,1068949289,643917430
803,30476702000,1068555148,639130506
804,30477294000,1068145372,634289819
805,30477887000,1067706539,629417796
806,30478480000,1067290326,624547783
807,30479072000,1066836737,619665080
808,30479665000,1066384489,614779370
809,30480258000,1065894191,609812153
810,30480850000,1065421538,604900793
811,30481443000,1064908935,599944783
812,30482036000,1064398628,594952627
813,30482628000,1063851830,589963077
814,30483221000,1063295921,584943050
815,30483814000,1062741585,579889733
816,30484406000,1062175364,574852413
817,30484999000,1061588372,569757389
818,30485591000,1060971380,564673353
819,30486184000,1060356824,559588012
820,30486777000,1059728642,554436742
821,30487369000,1059068325,549309322
822,30487962000,1058400983,544133962
823,30488555000,1057725886,538980515
824,30489147000,1057017934,533772279
825,30489740000,1056311907,528566578
826,30490333000,1055604792,523345175
827,30490925000,1054883891,518099433
828,30491518000,1054070665,512804872
829,30492110000,1053340301,507569714
830,30492703000,1052550960,502268535
831,30493296000,1051735102,496952637
832,30493888000,1050946451,491644441
833,30494481000,1050101250,486323105
834,30495074000,1049256828,480938394
835,30495666000,1048417989,475597518
836,30496259000,1047558881,470190089
837,30496852000,1046657369,464801177
838,30497444000,1045739816,459364161
839,30498037000,1044859233,453976710
840,30498630000,1043929923,448548208
841,30499222000,1042961909,443052129
842,30499815000,1042015019,437594096
843,30500407000,1041020616,432124168
844,30501000000,1040064606,426646778
845,30501593000,1039035464,421109751
846,30502185000,1038034859,415583977
847,30502778000,1037035500,410105597
848,30503371000,1035969260,404521147
849,30503963000,1034893471,398959959
850,30504556000,1033821529,393387295
851,30505149000,1032746817,387817122
852,30505741000,1031663931,382249558
853,30506334000,1030523237,376596606
854,30506926000,1029402901,370971524
855,30507519000,1028276911,365374510
856,30508112000,1027094844,359692256
857,30508704000,1025921840,354055002
858,30509297000,1024733020,348415684
859,30509890000,1023542713,342699707
860,30510482000,1022326257,337034932
861,30511075000,1021100254,331318782
862,30511668000,1019869574,325633463
863,30512260000,1018582938,319889366
864,30512853000,1017334430,314190653
865,30513446000,1016039169,308459500
866,30514038000,1014734111,302662080
867,30514631000,1013442704,296935183
868,30515223000,1012076389,291137764
869,30515816000,1010764356,285399570
870,30516409000,1009416755,279594126
871,30517001000,1008064104,273776870
872,30517594000,1006604839,268010465
873,30518187000,1005239469,262190314
874,30518779000,1003839686,256396143
875,30519372000,1002422850,250574248
876,30519965000,1000950302,244696977
877,30520557000,999512281,238872961
878,30521150000,998072357,233021582
879,30521742000,996552516,227161194
880,30522335000,995093327,221312411
881,30522928000,993558476,215426408
882,30523520000,992036823,209569892
883,30524113000,990472538,203685554
884,30524706000,988961160,197810129
885,30525298000,987417916,191877975
886,30525891000,985807548,186003391
887,30526484000,984254552,180101711
888,30527076000,982610705,174195629
889,30527669000,981004677,168249769
890,30528262000,979372093,162356841
891,30528854000,977752262,156412289
892,30529447000,976036260,150478208
893,30530039000,974389567,144540319
894,30530632000,972705145,138589641
895,30531225000,971028545,132651782
896,30531817000,969311652,126670733
897,30532410000,967569413,120738556
898,30533003000,965818137,114765751
899,30533595000,964032497,108803339
900,30534188000,962318834,102854139
901,30534781000,960532605,96854514
902,30535373000,958737462,90902391
903,30535966000,956934464,84902991
904,30536558000,955123132,78948508
905,30537151000,953254832,72949850
906,30537744000,951432376,67001068
907,30538336000,949545500,60995456
908,30538929000,947681823,55014301
909,30539522000,945829881,49026637
910,30540114000,943920887,43030932
911,30540707000,941991155,37059504
912,30541300000,940071222,31048494
913,30541892000,938159732,25053345
914,30542485000,936180401,19062257
915,30543078000,934213475,13087043
916,30543670000,932243945,7089845
917,30544263000,930238588,1059619
918,30544855000,928256046,-4919194
919,30545448000,926213015,-10914644
920,30546041000,924239709,-16871189
921,30546633000,922186852,-22895936
922,30547226000,920127662,-28904953
923,30547819000,918064872,-34865629
924,30548411000,915981162,-40875829
925,30549004000,913891254,-46845620
926,30549597000,911750891,-52886294
927,30550189000,909647836,-58843425
928,30550782000,907507921,-64829710
929,30551374000,905413250,-70807902
930,30551967000,903229613,-76769566
931,30552560000,901034998,-82774540
932,30553152000,898857445,-88750963
933,30553745000,896669043,-94731958
934,30554338000,894498936,-100692249
935,30554930000,892279944,-106655238
936,30555523000,890056887,-112631597
937,30556116000,887791106,-118581567
938,30556708000,885542341,-124543950
939,30557301000,883293144,-130522488
940,30557894000,881011324,-136441621
941,30558486000,878725536,-142385459
942,30559079000,876427389,-148309507
943,30559671000,874096307,-154250025
944,30560264000,871767110,-160214686
945,30560857000,869398556,-166106156
946,30561449000,867085687,-172032802
947,30562042000,864702110,-177985131
948,30562635000,862335213,-183867011
949,30563227000,859959150,-189752996
950,30563820000,857526427,-195656500
951,30564413000,855139562,-201584155
952,30565005000,852717198,-207439306
953,30565598000,850288744,-213293119
954,30566190000,847828276,-219157220
955,30566783000,845391854,-225042216
956,30567376000,842916887,-230908785
957,30567968000,840417373,-236754551
958,30568561000,837937972,-242618314
959,30569154000,835423578,-248440678
960,30569746000,832918344,-254270002
961,30570339000,830390698,-260114837
962,30570932000,827821295,-265909526
963,30571524000,825286592,-271702903
964,30572117000,822742836,-277503780
965,30572710000,820131546,-283287276
966,30573302000,817544801,-289076936
967,30573895000,814970681,-294808267
968,30574487000,812361348,-300604830
969,30575080000,809737748,-306335695
970,30575673000,807117922,-312103854
971,30576265000,804471665,-317803200
972,30576858000,801829336,-323558766
973,30577451000,799145532,-329265680
974,30578043000,796462225,-334939083
975,30578636000,793794680,-340665261
976,30579229000,791096870,-346304024
977,30579821000,788383125,-351979355
978,30580414000,785678529,-357656642
979,30581006000,782955643,-363298554
980,30581599000,780209016,-368957832
981,30582192000,777442477,-374564247
982,30582784000,774705834,-380139633
983,30583377000,771901761,-385798242
984,30583970000,769115957,-391352085
985,30584562000,766331714,-396946506
986,30585155000,763501456,-402519267
987,30585748000,760720963,-408066276
988,30586340000,757881817,-413607256
989,30586933000,755061973,-419143608
990,30587526000,752223074,-424630307
991,30588118000,749353794,-430151943
992,30588711000,746478833,-435616318
993,30589303000,743610374,-441071583
994,30589896000,740698831,-446546592
995,30590489000,737826944,-452008461
996,30591081000,734899977,-457438038
997,30591674000,732015777,-462823536
998,30592267000,729044426,-468238169
999,30592859000,726135796,-473653029
1000,30593452000,723195034,-478966397
1001,30594045000,720225592,-484333011
1002,30594637000,717245640,-489724658
1003,30595230000,714249768,-495039431
1004,30595822000,711269354,-500327581
1005,30596415000,708279371,-505606499
1006,30597008000,705266853,-510904850
1007,30597600000,702250970,-516191154
1008,30598193000,699228603,-521415555
1009,30598786000,696166886,-526674923
1010,30599378000,693139861,-531888748
1011,30599971000,690074689,-537098800
1012,30600564000,687007573,-542277153
1013,30601156000,683955471,-547435375
1014,30601749000,680863920,-552597129
1015,30602342000,677741810,-557715379
1016,30602934000,674629410,-562844532
1017,30603527000,671540891,-567913102
1018,30604119000,668419686,-573008444
1019,30604712000,665244321,-578062711
1020,30605305000,662158542,-583092346
1021,30605897000,658979644,-588136969
1022,30606490000,655819355,-593142594
1023,30607083000,652635503,-598150461
1024,30607675000,649499045,-603100292
1025,30608268000,646288380,-608059865
1026,30608861000,643094610,-612966721
1027,30609453000,639890622,-617904029
1028,30610046000,636709242,-622771613
1029,30610638000,633454038,-627677713
1030,30611231000,630221112,-632514545
1031,30611824000,626990783,-637338631
1032,30612416000,623719743,-642176871
1033,30613009000,620485972,-646931561
1034,30613602000,617199348,-651746215
1035,30614194000,613943047,-656488136
1036,30614787000,610625586,-661224586
1037,30615380000,607344351,-665969310
1038,30615972000,604080374,-670651177
1039,30616565000,600754519,-675279793
1040,30617158000,597436562,-679921357
1041,30617750000,594102092,-684581122
1042,30618343000,590797029,-689179536
1043,30618935000,587431070,-693791743
1044,30619528000,584106482,-698359127
1045,30620121000,580727337,-702886687
1046,30620713000,577367952,-707393372
1047,30621306000,573994419,-711882261
1048,30621899000,570591856,-716406486
1049,30622491000,567226603,-720841842
1050,30623084000,563793677,-725295250
1051,30623677000,560381295,-729695050
1052,30624269000,556981626,-734095821
1053,30624862000,553571638,-738422974
1054,30625454000,550156950,-742791915
1055,30626047000,546737296,-747071516
1056,30626640000,543268271,-751397954
1057,30627232000,539801256,-755653717
1058,30627825000,536347970,-759900494
1059,30628418000,532889733,-764113279
1060,30629010000,529417481,-768329340
1061,30629603000,525944890,-772517877
1062,30630196000,522444562,-776674632
1063,30630788000,518979145,-780785582
1064,30631381000,515449456,-784896214
1065,30631974000,511966839,-788937953
1066,30632566000,508434262,-793011475
1067,30633159000,504903315,-797065900
1068,30633751000,501380860,-801067278
1069,30634344000,497825886,-805046210
1070,30634937000,494263565,-808992858
1071,30635529000,490753507,-812892870
1072,30636122000,487152908,-816839811
1073,30636715000,483640894,-820679199
1074,30637307000,480044728,-824591800
1075,30637900000,476476811,-828389210
1076,30638493000,472918717,-832193055
1077,30639085000,469283367,-835959679
1078,30639678000,465678915,-839714447
1079,30640270000,462070107,-843440817
1080,30640863000,458457694,-847132451
1081,30641456000,454882364,-850799687
1082,30642048000,451248487,-854445750
1083,30642641000,447619742,-858042166
1084,30643234000,443935989,-861650285
1085,30643826000,440337671,-865224786
1086,30644419000,436645785,-868788037
1087,30645012000,433024756,-872301761
1088,30645604000,429356440,-875742172
1089,30646197000,425715528,-879217878
1090,30646790000,422012401,-882653743
1091,30647382000,418339667,-886032086
1092,30647975000,414670646,-889410380
1093,30648567000,410954396,-892738114
1094,30649160000,407281624,-896079814
1095,30649753000,403574755,-899340600
1096,30650345000,399832246,-902639115
1097,30650938000,396144820,-905850736
1098,30651531000,392431892,-909059138
1099,30652123000,388706171,-912180426
1100,30652716000,384988951,-915389375
1101,30653309000,381259696,-918508450
1102,30653901000,377528949,-921589093
1103,30654494000,373756788,-924622180
1104,30655086000,370020670,-927710991
1105,30655679000,366300184,-930709527
1106,30656272000,362506136,-933681690
1107,30656864000,358722346,-936590016
1108,30657457000,355003078,-939516928
1109,30658050000,351217918,-942424512
1110,30658642000,347427606,-945282357
1111,30659235000,343643764,-948092634
1112,30659828000,339862613,-950891268
1113,30660420000,336037759,-953676923
1114,30661013000,332251488,-956404288
1115,30661606000,328441453,-959121020
1116,30662198000,324672836,-961796670
1117,30662791000,320828059,-964455998
1118,30663383000,316999260,-967072831
1119,30663976000,313204865,-969662313
1120,30664569000,309397950,-972238668
1121,30665161000,305525758,-974745573
1122,30665754000,301708706,-977258664
1123,30666347000,297850752,-979729807
1124,30666939000,294044715,-982137328
1125,30667532000,290182603,-984589729
1126,30668125000,286346437,-986955604
1127,30668717000,282472208,-989312693
1128,30669310000,278630864,-991611393
1129,30669902000,274764376,-993885805
1130,30670495000,270896363,-996136422
1131,30671088000,267024295,-998345739
1132,30671680000,263172381,-1000542213
1133,30672273000,259277304,-1002733133
1134,30672866000,255386770,-1004844642
1135,30673458000,251521133,-1006933134
1136,30674051000,247607646,-1009038486
1137,30674644000,243707433,-1011045280
1138,30675236000,239839059,-1013053057
1139,30675829000,235928276,-1015040756
1140,30676422000,232054751,-1016968516
1141,30677014000,228104730,-1018848665
1142,30677607000,224226051,-1020758144
1143,30678199000,220341766,-1022578521
1144,30678792000,216427310,-1024427610
1145,30679385000,212487426,-1026190333
1146,30679977000,208567338,-1027920865
1147,30680570000,204628314,-1029651526
1148,30681163000,200715413,-1031344783
1149,30681755000,196764110,-1032993668
1150,30682348000,192876637,-1034592049
1151,30682941000,188960499,-1036190771
1152,30683533000,185010584,-1037759299
1153,30684126000,181056566,-1039255551
1154,30684718000,177128990,-1040772760
1155,30685311000,173175511,-1042240862
1156,30685904000,169227230,-1043638591
1157,30686496000,165280125,-1045050299
1158,30687089000,161321551,-1046406414
1159,30687682000,157413816,-1047741154
1160,30688274000,153450950,-1049060269
1161,30688867000,149482448,-1050296875
1162,30689460000,145508910,-1051529407
1163,30690052000,141545874,-1052743128
1164,30690645000,137577476,-1053905362
1165,30691238000,133620003,-1055023935
1166,30691830000,129659967,-1056111437
1167,30692423000,125699854,-1057184992
1168,30693015000,121725864,-1058237249
1169,30693608000,117732787,-1059221015
1170,30694201000,113777073,-1060185144
1171,30694793000,109810068,-1061106481
1172,30695386000,105806784,-1062027859
1173,30695979000,101859735,-1062887185
1174,30696571000,97860661,-1063716353
1175,30697164000,93885858,-1064512547
1176,30697757000,89897781,-1065311340
1177,30698349000,85939629,-1065996425
1178,30698942000,81961877,-1066746954
1179,30699534000,77947721,-1067373110
1180,30700127000,73978286,-1068055607
1181,30700720000,70001264,-1068625813
1182,30701312000,65965489,-1069212116
1183,30701905000,62015080,-1069720852
1184,30702498000,57973975,-1070253076
1185,30703090000,54001544,-1070679441
1186,30703683000,50028120,-1071103129
1187,30704276000,46015565,-1071549184
1188,30704868000,42024043,-1071910600
1189,30705461000,38040844,-1072248122
1190,30706054000,34056018,-1072572994
1191,30706646000,30083485,-1072840467
1192,30707239000,26043652,-1073051388
1193,30707831000,22067619,-1073242803
1194,30708424000,18036366,-1073436744
1195,30709017000,14077578,-1073554762
1196,30709609000,10087280,-1073674051
1197,30710202000,6082658,-1073745755
1198,30710795000,2076412,-1073758638
1199,30711387000,-1918196,-1073780943
1200,30711980000,-5907021,-1073744295
1201,30712573000,-9911535,-1073684898
1202,30713165000,-13915201,-1073580033
1203,30713758000,-17905756,-1073452901
1204,30714350000,-21912278,-1073265884
1205,30714943000,-25895400,-1073083799
1206,30715536000,-29901172,-1072826618
1207,30716128000,-33858774,-1072554404
1208,30716721000,-37858988,-1072254720
1209,30717314000,-41879186,-1071925547
1210,30717906000,-45897013,-1071572326
1211,30718499000,-49871301,-1071155803
1212,30719092000,-53859572,-1070706110
1213,30719684000,-57836693,-1070269743
1214,30720277000,-61825112,-1069766966
1215,30720870000,-65831105,-1069236880
1216,30721462000,-69805896,-1068685444
1217,30722055000,-73798084,-1068044485
1218,30722647000,-77796749,-1067415656
1219,30723240000,-81739325,-1066769896
1220,30723833000,-85739427,-1066052592
1221,30724425000,-89749299,-1065352215
1222,30725018000,-93737466,-1064558281
1223,30725611000,-97732135,-1063754348
1224,30726203000,-101686697,-1062894342
1225,30726796000,-105676470,-1062081162
1226,30727389000,-109618662,-1061151720
1227,30727981000,-113639101,-1060238986
1228,30728574000,-117578140,-1059257430
1229,30729166000,-121525993,-1058288600
1230,30729759000,-125534910,-1057215011
1231,30730352000,-129506072,-1056155884
1232,30730944000,-133493931,-1055077121
1233,30731537000,-137427486,-1053925996
1234,30732130000,-141382287,-1052785148
1235,30732722000,-145351275,-1051591238
1236,30733315000,-149314183,-1050328739
1237,30733908000,-153266737,-1049057154
1238,30734500000,-157232187,-1047831711
1239,30735093000,-161201214,-1046482272
1240,30735686000,-165135706,-1045142979
1241,30736278000,-169072680,-1043709869
1242,30736871000,-173027091,-1042295952
1243,30737463000,-176965223,-1040823129
1244,30738056000,-180935788,-1039324880
1245,30738649000,-184833902,-1037806016
1246,30739241000,-188788957,-1036248553
1247,30739834000,-192708214,-1034672347
1248,30740427000,-196649971,-1033033627
1249,30741019000,-200592570,-1031389185
1250,30741612000,-204488436,-1029691640
1251,30742205000,-208408483,-1027992216
1252,30742797000,-212337782,-1026228643
1253,30743390000,-216259681,-1024479460
1254,30743982000,-220160835,-1022679467
1255,30744575000,-224050189,-1020838235
1256,30745168000,-228003210,-1018942452
1257,30745760000,-231867293,-1017051882
1258,30746353000,-235776612,-1015102892
1259,30746946000,-239695440,-1013158720
1260,30747538000,-243597700,-1011152729
1261,30748131000,-247482070,-1009077393
1262,30748724000,-251333896,-1007033798
1263,30749316000,-255257727,-1004960433
1264,30749909000,-259138817,-1002814667
1265,30750502000,-263004876,-1000623860
1266,30751094000,-266851347,-998451895
1267,30751687000,-270737288,-996213761
1268,30752279000,-274646768,-993968884
1269,30752872000,-278435807,-991696100
1270,30753465000,-282310608,-989378964
1271,30754057000,-286187478,-987054953
1272,30754650000,-290013934,-984675133
1273,30755243000,-293884422,-982259035
1274,30755835000,-297708942,-979822910
1275,30756428000,-301562352,-977368001
1276,30757021000,-305404035,-974863145
1277,30757613000,-309220449,-972327383
1278,30758206000,-313022165,-969796559
1279,30758798000,-316862975,-967188019
1280,30759391000,-320673904,-964555371
1281,30759984000,-324490237,-961906117
1282,30760576000,-328303503,-959246284
1283,30761169000,-332104243,-956529787
1284,30761762000,-335896178,-953759646
1285,30762354000,-339707062,-951000969
1286,30762947000,-343493210,-948228755
1287,30763540000,-347255620,-945374514
1288,30764132000,-351049069,-942499111
1289,30764725000,-354871699,-939667691
1290,30765318000,-358617982,-936724913
1291,30765910000,-362353835,-933791740
1292,30766503000,-366146510,-930778145
1293,30767095000,-369866820,-927824936
1294,30767688000,-373630316,-924761175
1295,30768281000,-377348688,-921737135
1296,30768873000,-381074355,-918627494
1297,30769466000,-384859614,-915506557
1298,30770059000,-388555504,-912353419
1299,30770651000,-392324678,-909184132
1300,30771244000,-396014170,-905952742
1301,30771837000,-399703460,-902756612
1302,30772429000,-403444248,-899504929
1303,30773022000,-407123152,-896202060
1304,30773614000,-410814442,-892893154
1305,30774207000,-414497975,-889520957
1306,30774800000,-418190264,-886150304
1307,30775392000,-421864680,-882800799
1308,30775985000,-425520106,-879374457
1309,30776578000,-429229851,-875897571
1310,30777170000,-432878355,-872416541
1311,30777763000,-436537033,-868907222
1312,30778356000,-440188656,-865348950
1313,30778948000,-443814995,-861822733
1314,30779541000,-447438052,-858234523
1315,30780134000,-451086628,-854598591
1316,30780726000,-454708877,-850963810
1317,30781319000,-458333682,-847282645
1318,30781911000,-461925774,-843591680
1319,30782504000,-465562979,-839858251
1320,30783097000,-469141257,-836111228
1321,30783689000,-472735174,-832339388
1322,30784282000,-476319771,-828549501
1323,30784875000,-479897086,-824693871
1324,30785467000,-483465353,-820847663
1325,30786060000,-487059636,-816978656
1326,30786653000,-490570610,-813087396
1327,30787245000,-494163503,-809146870
1328,30787838000,-497687659,-805217931
1329,30788430000,-501212732,-801196645
1330,30789023000,-504748439,-797215512
1331,30789616000,-508289757,-793173159
1332,30790208000,-511824027,-789109999
1333,30790801000,-515314555,-785049654
1334,30791394000,-518816346,-780965826
1335,30791986000,-522310180,-776822956
1336,30792579000,-525802703,-772670998
1337,30793172000,-529305252,-768501246
1338,30793764000,-532758767,-764287480
1339,30794357000,-536221087,-760073969
1340,30794950000,-539689817,-755819400
1341,30795542000,-543167626,-751535614
1342,30796135000,-546566995,-747275459
1343,30796727000,-550011245,-742953352
1344,30797320000,-553427459,-738591922
1345,30797913000,-556865677,-734239367
1346,30798505000,-560259820,-729865253
1347,30799098000,-563695928,-725439706
1348,30799691000,-567085657,-721018755
1349,30800283000,-570430343,-716576782
1350,30800876000,-573845914,-712115808
1351,30801469000,-577229616,-707589499
1352,30802061000,-580594489,-703065271
1353,30802654000,-583943851,-698554091
1354,30803246000,-587303723,-693956183
1355,30803839000,-590663323,-689359425
1356,30804432000,-593987932,-684793287
1357,30805024000,-597294405,-680125639
1358,30805617000,-600615947,-675491038
1359,30806210000,-603904941,-670850295
1360,30806802000,-607229829,-666123437
1361,30807395000,-610504618,-661441134
1362,30807988000,-613796540,-656664975
1363,30808580000,-617078476,-651905078
1364,30809173000,-620364043,-647127254
1365,30809766000,-623586217,-642341170
1366,30810358000,-626849011,-637546331
1367,30810951000,-630099814,-632729838
1368,30811543000,-633319132,-627847668
1369,30812136000,-636540313,-622987008
1370,30812729000,-639753329,-618073793
1371,30813321000,-642963350,-613184363
1372,30813914000,-646147551,-608273029
1373,30814507000,-649348177,-603291003
1374,30815099000,-652522460,-598342347
1375,30815692000,-655718536,-593365242
1376,30816285000,-658860855,-588353012
1377,30816877000,-662002583,-583298530
1378,30817470000,-665156597,-578269351
1379,30818062000,-668283403,-573202455
1380,30818655000,-671413686,-568141965
1381,30819248000,-674504806,-563009053
1382,30819840000,-677603650,-557963308
1383,30820433000,-680733972,-552792251
1384,30821026000,-683806321,-547646133
1385,30821618000,-686895379,-542516589
1386,30822211000,-689963224,-537315587
1387,30822804000,-692988230,-532119229
1388,30823396000,-696092211,-526864158
1389,30823989000,-699114583,-521647708
1390,30824582000,-702160030,-516391347
1391,30825174000,-705140087,-511134916
1392,30825767000,-708134055,-505872460
1393,30826359000,-711167927,-500548048
1394,30826952000,-714148264,-495258734
1395,30827545000,-717124878,-489923145
1396,30828137000,-720114607,-484564688
1397,30828730000,-723057413,-479214358
1398,30829323000,-726008378,-473825932
1399,30829915000,-728957903,-468472598
1400,30830508000,-731875816,-463061816
1401,30831101000,-734793786,-457622566
1402,30831693000,-737725789,-452224122
1403,30832286000,-740606030,-446766770
1404,30832878000,-743462241,-441324044
1405,30833471000,-746356479,-435867312
1406,30834064000,-749236347,-430358858
1407,30834656000,-752083597,-424851178
1408,30835249000,-754944660,-419345286
1409,30835842000,-757772691,-413826863
1410,30836434000,-760606152,-408257914
1411,30837027000,-763400528,-402703587
1412,30837620000,-766244548,-397160323
1413,30838212000,-769027110,-391600585
1414,30838805000,-771817835,-386027567
1415,30839398000,-774566776,-380396079
1416,30839990000,-777339626,-374794252
1417,30840583000,-780065374,-369180735
1418,30841175000,-782832456,-363547079
1419,30841768000,-785554160,-357861533
1420,30842361000,-788266931,-352227214
1421,30842953000,-791004996,-346548965
1422,30843546000,-793707798,-340843472
1423,30844139000,-796361555,-335174189
1424,30844731000,-799057079,-329472414
1425,30845324000,-801689928,-323771345
1426,30845917000,-804360610,-318066032
1427,30846509000,-806984651,-312327504
1428,30847102000,-809624295,-306577714
1429,30847694000,-812270215,-300838716
1430,30848287000,-814863283,-295065931
1431,30848880000,-817464670,-289325410
1432,30849472000,-820005315,-283511346
1433,30850065000,-822614081,-277724402
1434,30850658000,-825173188,-271934696
1435,30851250000,-827737328,-266131051
1436,30851843000,-830272421,-260350823
1437,30852436000,-832787053,-254469844
1438,30853028000,-835284512,-248674327
1439,30853621000,-837836478,-242811537
1440,30854214000,-840296439,-236995882
1441,30854806000,-842795811,-231132847
1442,30855399000,-845290417,-225266507
1443,30855991000,-847735423,-219439102
1444,30856584000,-850212321,-213552991
1445,30857177000,-852617089,-207651212
1446,30857769000,-855008030,-201817905
1447,30858362000,-857461904,-195903281
1448,30858955000,-859845146,-190006931
1449,30859547000,-862227768,-184085193
1450,30860140000,-864607362,-178161058
1451,30860733000,-866994732,-172268613
1452,30861325000,-869328184,-166348402
1453,30861918000,-871666858,-160429277
1454,30862510000,-874001867,-154500350
1455,30863103000,-876348015,-148565372
1456,30863696000,-878605727,-142634016
1457,30864288000,-880899117,-136675118
1458,30864881000,-883175885,-130698769
1459,30865474000,-885455566,-124781150
1460,30866066000,-887705995,-118851631
1461,30866659000,-889940306,-112895173
1462,30867252000,-892177495,-106909331
1463,30867844000,-894409956,-100918394
1464,30868437000,-896602608,-94985326
1465,30869030000,-898772022,-88986478
1466,30869622000,-900970247,-83039440
1467,30870215000,-903124342,-77051969
1468,30870807000,-905306010,-71045129
1469,30871400000,-907446791,-65071197
1470,30871993000,-909584499,-59071743
1471,30872585000,-911693542,-53065932
1472,30873178000,-913813862,-47119420
1473,30873771000,-915897957,-41108520
1474,30874363000,-917965978,-35115859
1475,30874956000,-920037085,-29101964
1476,30875549000,-922112336,-23108773
1477,30876141000,-924131446,-17145736
1478,30876734000,-926168579,-11132559
1479,30877326000,-928155388,-5154719
1480,30877919000,-930173199,822738
1481,30878512000,-932172182,6825511
1482,30879104000,-934146858,12855348
1483,30879697000,-936098463,18845020
1484,30880290000,-938047061,24812000
1485,30880882000,-940025742,30833768
1486,30881475000,-941932968,36788506
1487,30882068000,-943881788,42808728
1488,30882660000,-945737573,48814621
1489,30883253000,-947610509,54758990
1490,30883846000,-949503444,60748778
1491,30884438000,-951366744,66756920
1492,30885031000,-953216345,72713080
1493,30885623000,-955044929,78732981
1494,30886216000,-956875929,84664231
1495,30886809000,-958665351,90631870
1496,30887401000,-960446941,96649396
1497,30887994000,-962224928,102620044
1498,30888587000,-964006562,108595651
1499,30889179000,-965739414,114512639
1500,30889772000,-967505154,120487079
1501,30890365000,-969216307,126450459
1502,30890957000,-970916047,132399785
1503,30891550000,-972617847,138332584
1504,30892142000,-974329426,144275990
1505,30892735000,-975993599,150239284
1506,30893328000,-977647368,156147518
1507,30893920000,-979302025,162110372
1508,30894513000,-980949684,168034444
1509,30895106000,-982565416,173936208
1510,30895698000,-984174850,179878740
1511,30896291000,-985756801,185772930
1512,30896884000,-987328668,191684476
1513,30897476000,-988869896,197557659
1514,30898069000,-990435382,203450694
1515,30898662000,-991980495,209340963
1516,30899254000,-993527406,215222441
1517,30899847000,-995023196,221102383
1518,30900439000,-996506328,226962925
1519,30901032000,-997994744,232784752
1520,30901625000,-999437231,238637980
1521,30902217000,-1000940563,244519393
1522,30902810000,-1002333444,250303318
1523,30903403000,-1003785691,256164881
1524,30903995000,-1005184621,261954556
1525,30904588000,-1006590822,267758215
1526,30905181000,-1007968800,273555461
1527,30905773000,-1009356193,279346236
1528,30906366000,-1010718241,285143478
1529,30906958000,-1012059228,290913833
1530,30907551000,-1013350417,296710964
1531,30908144000,-1014679061,302463252
1532,30908736000,-1016000370,308171613
1533,30909329000,-1017279679,313927897
1534,30909922000,-1018518509,319659626
1535,30910514000,-1019808320,325371980
1536,30911107000,-1021043565,331099832
1537,30911700000,-1022267368,336772738
1538,30912292000,-1023493172,342469115
1539,30912885000,-1024682776,348137026
1540,30913478000,-1025872057,353810172
1541,30914070000,-1027042997,359486619
1542,30914663000,-1028225857,365131294
1543,30915255000,-1029358690,370746852
1544,30915848000,-1030481065,376360925
1545,30916441000,-1031579219,381974865
1546,30917033000,-1032692036,387596062
1547,30917626000,-1033798561,393174291
1548,30918219000,-1034863151,398719091
1549,30918811000,-1035914721,404299745
1550,30919404000,-1036954256,409838136
1551,30919997000,-1037988808,415380543
1552,30920589000,-1039011010,420901113
1553,30921182000,-1040008272,426394236
1554,30921774000,-1041011305,431907521
1555,30922367000,-1041984680,437373377
1556,30922960000,-1042938028,442866105
1557,30923552000,-1043872187,448262491
1558,30924145000,-1044790294,453724853
1559,30924738000,-1045705483,459164304
1560,30925330000,-1046608613,464580255
1561,30925923000,-1047504232,470005762
1562,30926516000,-1048375446,475374440
1563,30927108000,-1049223857,480714802
1564,30927701000,-1050037893,486090339
1565,30928294000,-1050902044,491444873
1566,30928886000,-1051726617,496729655
1567,30929479000,-1052506785,502028290
1568,30930071000,-1053297413,507353633
1569,30930664000,-1054073942,512649985
1570,30931257000,-1054800551,517891465
1571,30931849000,-1055560496,523106830
1572,30932442000,-1056266354,528340734
1573,30933035000,-1056983825,533568487
1574,30933627000,-1057718499,538746577
1575,30934220000,-1058365399,543939030
1576,30934813000,-1059037216,549093996
1577,30935405000,-1059704923,554247127
1578,30935998000,-1060320116,559355084
1579,30936590000,-1060960852,564458378
1580,30937183000,-1061568671,569559861
1581,30937776000,-1062168595,574617759
1582,30938368000,-1062745768,579676439
1583,30938961000,-1063286892,584731017
1584,30939554000,-1063838433,589752874
1585,30940146000,-1064354311,594746987
1586,30940739000,-1064883661,599749623
1587,30941332000,-1065409170,604686521
1588,30941924000,-1065884955,609620498
1589,30942517000,-1066379715,614570491
1590,30943110000,-1066820590,619487766
1591,30943702000,-1067245278,624333891
1592,30944295000,-1067724682,629230999
1593,30944887000,-1068123869,634094555
1594,30945480000,-1068547379,638918117
1595,30946073000,-1068937621,643751830
1596,30946665000,-1069298920,648508997
1597,30947258000,-1069665832,653270279
1598,30947851000,-1070010191,658026175
1599,30948443000,-1070319844,662761240
1600,30949036000,-1070612413,667422234
1601,30949629000,-1070918359,672134324
1602,30950221000,-1071205441,676807065
1603,30950814000,-1071442860,681456238
1604,30951406000,-1071709213,686051274
1605,30951999000,-1071957738,690679102
1606,30952592000,-1072193142,695234446
1607,30953184000,-1072375394,699789004
1608,30953777000,-1072608094,704360962
1609,30954370000,-1072743405,708851644
1610,30954962000,-1072930785,713346435
1611,30955555000,-1073072876,717846677
1612,30956148000,-1073206451,722254995
1613,30956740000,-1073337041,726680010
1614,30957333000,-1073405369,731063259
1615,30957926000,-1073528949,735483068
1616,30958518000,-1073594130,739817122
1617,30959111000,-1073664341,744164957
1618,30959703000,-1073696942,748460266
1619,30960296000,-1073721253,752764085
1620,30960889000,-1073739427,757000709
1621,30961481000,-1073746026,761273243
1622,30962074000,-1073747415,765477655
1623,30962667000,-1073717670,769698646
1624,30963259000,-1073645808,773851564
1625,30963852000,-1073610314,777977721
1626,30964445000,-1073526506,782107353
1627,30965037000,-1073443448,786196045
1628,30965630000,-1073323178,790298846
1629,30966222000,-1073237588,794308351
1630,30966815000,-1073100834,798358648
1631,30967408000,-1072952998,802336886
1632,30968000000,-1072766164,806303549
1633,30968593000,-1072596904,810245123
1634,30969186000,-1072393081,814175857
1635,30969778000,-1072192113,818088496
1636,30970371000,-1072008081,821956218
1637,30970964000,-1071736758,825777375
1638,30971556000,-1071503735,829581328
1639,30972149000,-1071228343,833390171
1640,30972742000,-1070951312,837156087
1641,30973334000,-1070626202,840902637
1642,30973927000,-1070314192,844627109
1643,30974519000,-1069999011,848295317
1644,30975112000,-1069668625,851995291
1645,30975705000,-1069323742,855598496
1646,30976297000,-1068924841,859235763
1647,30976890000,-1068560974,862764761
1648,30977483000,-1068141662,866340150
1649,30978075000,-1067732294,869890841
1650,30978668000,-1067299714,873370811
1651,30979261000,-1066844153,876870812
1652,30979853000,-1066388445,880309496
1653,30980446000,-1065913855,883726479
1654,30981038000,-1065439368,887120708
1655,30981631000,-1064908777,890477767
1656,30982224000,-1064402035,893801328
1657,30982816000,-1063896221,897107825
1658,30983409000,-1063328189,900400968
1659,30984002000,-1062779040,903687234
1660,30984594000,-1062176333,906907791
1661,30985187000,-1061596729,910100979
1662,30985780000,-1060982976,913235036
1663,30986372000,-1060356464,916404183
1664,30986965000,-1059712795,919491746
1665,30987558000,-1059068784,922592146
1666,30988150000,-1058434050,925648126
1667,30988743000,-1057701229,928649823
1668,30989335000,-1057051597,931646945
1669,30989928000,-1056330891,934646161
1670,30990521000,-1055592327,937573166
1671,30991113000,-1054877262,940461527
1672,30991706000,-1054112609,943349439
1673,30992299000,-1053348011,946168005
1674,30992891000,-1052565590,949031836
1675,30993484000,-1051767937,951791840
1676,30994077000,-1050955569,954549958
1677,30994669000,-1050126429,957278350
1678,30995262000,-1049291651,959999800
1679,30995854000,-1048445810,962679632
1680,30996447000,-1047567245,965295520
1681,30997040000,-1046657768,967911993
1682,30997632000,-1045793253,970506989
1683,30998225000,-1044861736,973043604
1684,30998818000,-1043914863,975583740
1685,30999410000,-1042988610,978032978
1686,31000003000,-1042035488,980507564
1687,31000596000,-1041047203,982910694
1688,31001188000,-1040094063,985357882
1689,31001781000,-1039052284,987695879
1690,31002374000,-1038041830,990029127
1691,31002966000,-1037049716,992354234
1692,31003559000,-1035967828,994613029
1693,31004151000,-1034909515,996847882
1694,31004744000,-1033835734,999054178
1695,31005337000,-1032752419,1001264059
1696,31005929000,-1031668561,1003413248
1697,31006522000,-1030527052,1005532330
1698,31007115000,-1029407415,1007607620
1699,31007707000,-1028273931,1009702723
1700,31008300000,-1027124201,1011689379
1701,31008893000,-1025963846,1013682404
1702,31009485000,-1024766299,1015653978
1703,31010078000,-1023559365,1017584254
1704,31010670000,-1022316233,1019456773
1705,31011263000,-1021113455,1021349496
1706,31011856000,-1019874532,1023169058
1707,31012448000,-1018612564,1024975355
1708,31013041000,-1017353319,1026746283
1709,31013634000,-1016061807,1028480111
1710,31014226000,-1014760304,1030178699
1711,31014819000,-1013427640,1031867785
1712,31015412000,-1012117939,1033506258
1713,31016004000,-1010773332,1035144810
1714,31016597000,-1009407055,1036714165
1715,31017190000,-1008055209,1038265095
1716,31017782000,-1006684337,1039755137
1717,31018375000,-1005272134,1041238343
1718,31018967000,-1003854177,1042713277
1719,31019560000,-1002440263,1044107604
1720,31020153000,-1000991270,1045476971
1721,31020745000,-999545612,1046832043
1722,31021338000,-998068614,1048162902
1723,31021931000,-996563692,1049451162
1724,31022523000,-995119171,1050697169
1725,31023116000,-993580647,1051890471
1726,31023709000,-992062266,1053104383
1727,31024301000,-990552378,1054250628
1728,31024894000,-988981274,1055393495
1729,31025486000,-987412664,1056461409
1730,31026079000,-985837867,1057512775
1731,31026672000,-984272186,1058565584
1732,31027264000,-982653329,1059522704
1733,31027857000,-981044059,1060481583
1734,31028450000,-979398754,1061406974
1735,31029042000,-977762968,1062321355
1736,31029635000,-976068444,1063142170
1737,31030228000,-974411305,1064009073
1738,31030820000,-972725474,1064791970
1739,31031413000,-971023159,1065539935
1740,31032006000,-969328334,1066231383
1741,31032598000,-967607308,1066952276
1742,31033191000,-965857894,1067595047
1743,31033783000,-964082595,1068242040
1744,31034376000,-962326578,1068804865
1745,31034969000,-960584468,1069403793
1746,31035561000,-958755569,1069901789
1747,31036154000,-956973521,1070387985
1748,31036747000,-955120013,1070849339
1749,31037339000,-953326051,1071298407
1750,31037932000,-951474440,1071666039
1751,31038525000,-949619904,1072011987
1752,31039117000,-947705146,1072352243
1753,31039710000,-945843772,1072603680
1754,31040302000,-943949823,1072906964
1755,31040895000,-942034417,1073105931
1756,31041488000,-940097529,1073316016
1757,31042080000,-938168296,1073477164
1758,31042673000,-936239188,1073594742
1759,31043266000,-934247159,1073650740
1760,31043858000,-932294415,1073732390
1761,31044451000,-930295422,1073773473
1762,31045044000,-928286403,1073752963
1763,31045636000,-926255640,1073720840
1764,31046229000,-924248345,1073651943
1765,31046822000,-922220882,1073523906
1766,31047414000,-920131629,1073350778
1767,31048007000,-918084000,1073188296
1768,31048599000,-916004849,1072991291
1769,31049192000,-913935206,1072740617
1770,31049785000,-911812191,1072475548
1771,31050377000,-909709665,1072158552
1772,31050970000,-907547656,1071818777
1773,31051563000,-905428727,1071438582
1774,31052155000,-903268926,1071024738
1775,31052748000,-901124803,1070595089
1776,31053341000,-898949391,1070121018
1777,31053933000,-896727536,1069610947
1778,31054526000,-894534817,1069049451
1779,31055118000,-892319428,1068471174
1780,31055711000,-890108923,1067888311
1781,31056304000,-887836295,1067216746
1782,31056896000,-885577843,1066512600
1783,31057489000,-883316081,1065834977
1784,31058082000,-881031286,1065067881
1785,31058674000,-878709773,1064275251
1786,31059267000,-876466356,1063515009
1787,31059860000,-874115327,1062637670
1788,31060452000,-871791991,1061777898
1789,31061045000,-869467998,1060850248
1790,31061638000,-867132770,1059936393
1791,31062230000,-864742395,1058921248
1792,31062823000,-862379979,1057912989
1793,31063415000,-860011750,1056865451
1794,31064008000,-857582288,1055788399
1795,31064601000,-855184184,1054717170
1796,31065193000,-852742622,1053564072
1797,31065786000,-850309703,1052383345
1798,31066379000,-847870661,1051155689
1799,31066971000,-845404380,1049948036
1800,31067564000,-842958281,1048631992
1801,31068157000,-840480156,1047386066
1802,31068749000,-837968501,1046023370
1803,31069342000,-835470339,1044660625
1804,31069934000,-832962846,1043256520
1805,31070527000,-830404144,1041801395
1806,31071120000,-827869235,1040343442
1807,31071712000,-825306081,1038822400
1808,31072305000,-822747799,1037322106
1809,31072898000,-820198267,1035749619
1810,31073490000,-817624980,1034157094
1811,31074083000,-814988404,1032511965
1812,31074676000,-812395981,1030885152
1813,31075268000,-809762127,1029188179
1814,31075861000,-807177151,1027470054
1815,31076454000,-804495811,1025672839
1816,31077046000,-801864383,1023887063
1817,31077639000,-799185295,1022084063
1818,31078231000,-796509982,1020213874
1819,31078824000,-793863594,1018331820
1820,31079417000,-791124591,1016423629
1821,31080009000,-788447595,1014474775
1822,31080602000,-785730155,1012516608
1823,31081195000,-782984988,1010482526
1824,31081787000,-780254248,1008416039
1825,31082380000,-777466776,1006350247
1826,31082973000,-774716800,1004228096
1827,31083565000,-771967157,1002106371
1828,31084158000,-769161504,999961375
1829,31084750000,-766402387,997750562
1830,31085343000,-763556573,995500817
1831,31085936000,-760785123,993246390
1832,31086528000,-757938534,990946670
1833,31087121000,-755112454,988649560
1834,31087714000,-752236590,986269555
1835,31088306000,-749418193,983900693
1836,31088899000,-746552446,981485119
1837,31089492000,-743642495,979048558
1838,31090084000,-740778759,976561369
1839,31090677000,-737878853,974016464
1840,31091270000,-734978237,971499303
1841,31091862000,-732046837,968916899
1842,31092455000,-729095925,966329359
1843,31093047000,-726167031,963703640
1844,31093640000,-723236634,961056399
1845,31094233000,-720256017,958386392
1846,31094825000,-717271999,955629610
1847,31095418000,-714328415,952902930
1848,31096011000,-711319932,950095548
1849,31096603000,-708311942,947321580
1850,31097196000,-705314960,944482157
1851,31097789000,-702326481,941603403
1852,31098381000,-699277648,938741138
1853,31098974000,-696218195,935755782
1854,31099566000,-693176578,932840229
1855,31100159000,-690130413,929834585
1856,31100752000,-687080117,926842761
1857,31101344000,-683975723,923782772
1858,31101937000,-680893929,920700145
1859,31102530000,-677804578,917600591
1860,31103122000,-674713086,914510901
1861,31103715000,-671550117,911296005
1862,31104308000,-668463238,908152130
1863,31104900000,-665350834,904953536
1864,31105493000,-662164980,901689247
1865,31106086000,-659032125,898415592
1866,31106678000,-655840503,895116451
1867,31107271000,-652741051,891836282
1868,31107863000,-649516444,888476180
1869,31108456000,-646356235,885076258
1870,31109049000,-643182026,881677277
1871,31109641000,-639957530,878244710
1872,31110234000,-636740546,874785263
1873,31110827000,-633511464,871306058
1874,31111419000,-630281723,867746571
1875,31112012000,-627032520,864227882
1876,31112605000,-623783516,860677083
1877,31113197000,-620548360,857069184
1878,31113790000,-617267558,853399491
1879,31114382000,-613999610,849772419
1880,31114975000,-610723142,846104893
1881,31115568000,-607402519,842381462
1882,31116160000,-604140659,838670622
1883,31116753000,-600809892,834897728
1884,31117346000,-597497347,831122822
1885,31117938000,-594171708,827341146
1886,31118531000,-590840246,823488399
1887,31119124000,-587494629,819619360
1888,31119716000,-584132094,815733245
1889,31120309000,-580769763,811804500
1890,31120902000,-577392922,807882137
1891,31121494000,-574043300,803931989
1892,31122087000,-570663773,799937276
1893,31122679000,-567287091,795899023
1894,31123272000,-563862894,791856333
1895,31123865000,-560438928,787794584
1896,31124457000,-557057987,783745274
1897,31125050000,-553657978,779634344
1898,31125643000,-550225834,775505304
1899,31126235000,-546759267,771321077
1900,31126828000,-543337614,767140263
1901,31127421000,-539870201,762935924
1902,31128013000,-536429028,758721951
1903,31128606000,-532964741,754451556
1904,31129198000,-529513645,750172588
1905,31129791000,-525990886,745894953
1906,31130384000,-522505446,741529186
1907,31130976000,-519019486,737207487
1908,31131569000,-515556266,732843910
1909,31132162000,-512007449,728439375
1910,31132754000,-508480132,724017740
1911,31133347000,-504952142,719576491
1912,31133940000,-501433465,715120106
1913,31134532000,-497898372,710632873
1914,31135125000,-494345673,706136183
1915,31135718000,-490815349,701634910
1916,31136310000,-487223040,697061699
1917,31136903000,-483684662,692496502
1918,31137495000,-480134947,687891433
1919,31138088000,-476525599,683277224
1920,31138681000,-472968162,678658070
1921,31139273000,-469354419,674005087
1922,31139866000,-465762182,669308618
1923,31140459000,-462149146,664641120
1924,31141051000,-458559767,659896370
1925,31141644000,-454894843,655136576
1926,31142237000,-451313109,650408896
1927,31142829000,-447665819,645614956
1928,31143422000,-444045447,640832496
1929,31144014000,-440388981,635988435
1930,31144607000,-436745543,631167375
1931,31145200000,-433079530,626276836
1932,31145792000,-429425899,621419573
1933,31146385000,-425755958,616533303
1934,31146978000,-422088876,611571768
1935,31147570000,-418401350,606652293
1936,31148163000,-414725677,601698841
1937,31148756000,-411021939,596707181
1938,31149348000,-407298679,591698807
1939,31149941000,-403616804,586719132
1940,31150534000,-399920542,581707278
1941,31151126000,-396225726,576649915
1942,31151719000,-392500974,571564535
1943,31152311000,-388797570,566497895
1944,31152904000,-385045174,561379031
1945,31153497000,-381331573,556249437
1946,31154089000,-377608901,551138221
1947,31154682000,-373857866,545975677
1948,31155275000,-370069747,540818345
1949,31155867000,-366300509,535622990
1950,31156460000,-362556296,530406142
1951,31157053000,-358817470,525184691
1952,31157645000,-355040894,519985002
1953,31158238000,-351281279,514726670
1954,31158830000,-347483703,509439226
1955,31159423000,-343719550,504144977
1956,31160016000,-339950346,498874894
1957,31160608000,-336113887,493516914
1958,31161201000,-332340241,488218912
1959,31161794000,-328519047,482880254
1960,31162386000,-324699509,477474371
1961,31162979000,-320914570,472149020
1962,31163572000,-317092461,466735046
1963,31164164000,-313262835,461325400
1964,31164757000,-309411658,455886802
1965,31165350000,-305614547,450476466
1966,31165942000,-301753337,444989479
1967,31166535000,-297951345,439566067
1968,31167127000,-294094249,434093913
1969,31167720000,-290239505,428562593
1970,31168313000,-286399938,423085573
1971,31168905000,-282540098,417565283
1972,31169498000,-278703202,412012450
1973,31170091000,-274803213,406472121
1974,31170683000,-270976950,400948327
1975,31171276000,-267102329,395388778
1976,31171869000,-263189964,389766261
1977,31172461000,-259339163,384183204
1978,31173054000,-255455380,378605877
1979,31173646000,-251580761,372968559
1980,31174239000,-247677247,367309519
1981,31174832000,-243816211,361736204
1982,31175424000,-239927101,356070332
1983,31176017000,-235999709,350417535
1984,31176610000,-232122676,344697229
1985,31177202000,-228257132,339047324
1986,31177795000,-224295878,333357399
1987,31178388000,-220358736,327653505
1988,31178980000,-216486417,321929551
1989,31179573000,-212565979,316201989
1990,31180166000,-208644290,310490948
1991,31180758000,-204720913,304728096
1992,31181351000,-200818228,298982919
1993,31181943000,-196863107,293202922
1994,31182536000,-192921362,287425613
1995,31183129000,-188986551,281655966
1996,31183721000,-185087003,275877052
1997,31184314000,-181156736,270086875
1998,31184907000,-177164586,264262749
1999,31185499000,-173230989,258432278
2000,31186092000,-169307020,252643330
2001,31186685000,-165352932,246773829
2002,31187277000,-161389902,240962210
2003,31187870000,-157448028,235098434
2004,31188462000,-153488719,229264180
2005,31189055000,-149536189,223420258
2006,31189648000,-145573851,217514758
2007,31190240000,-141607653,211668700
2008,31190833000,-137652994,205770935
2009,31191426000,-133693426,199898521
2010,31192018000,-129719957,193992358
2011,31192611000,-125764313,188107258
2012,31193204000,-121798668,182188169
2013,31193796000,-117817345,176282354
2014,31194389000,-113851753,170358063
2015,31194982000,-109880729,164454057
2016,31195574000,-105867091,158506146
2017,31196167000,-101905424,152602959
2018,31196759000,-97926589,146638664
2019,31197352000,-93948845,140696696
2020,31197945000,-89965226,134762740
2021,31198537000,-85969598,128830125
2022,31199130000,-81994053,122847601
2023,31199723000,-78045137,116913131
2024,31200315000,-74030475,110913848
2025,31200908000,-70021307,104961455
2026,31201501000,-66004534,98985587
2027,31202093000,-62085221,93015081
2028,31202686000,-58048180,87046681
2029,31203278000,-54099894,81082164
2030,31203871000,-50115448,75117541
2031,31204464000,-46118474,69132662
2032,31205056000,-42127027,63140989
2033,31205649000,-38120222,57186368
2034,31206242000,-34129165,51186579
2035,31206834000,-30131236,45188663
2036,31207427000,-26128512,39188059
2037,31208020000,-22118862,33191536
2038,31208612000,-18127742,27237956
2039,31209205000,-14147081,21203359
2040,31209798000,-10149624,15227367
2041,31210390000,-6155544,9259341
2042,31210983000,-2168897,3229342
2043,31211575000,1846567,-2769977
2044,31212168000,5834735,-8754021
2045,31212761000,9840500,-14772653
2046,31213353000,13833271,-20750997
2047,31213946000,17835736,-26778512
2048,31214539000,21874647,-32777697
2049,31215131000,25838937,-38741910
2050,31215724000,29803761,-44722145
2051,31216317000,33804559,-50714748
2052,31216909000,37806610,-56707132
2053,31217502000,41801398,-62668231
2054,31218094000,45806372,-68684531
2055,31218687000,49801912,-74656953
2056,31219280000,53781078,-80677454
2057,31219872000,57755796,-86625394
2058,31220465000,61743460,-92574057
2059,31221058000,65757339,-98534770
2060,31221650000,69730294,-104517282
2061,31222243000,73700687,-110476453
2062,31222836000,77704003,-116454805
2063,31223428000,81724180,-122399932
2064,31224021000,85705019,-128366078
2065,31224614000,89669876,-134323382
2066,31225206000,93631830,-140248826
2067,31225799000,97654455,-146206496
2068,31226391000,101637132,-152125716
2069,31226984000,105583842,-158066748
2070,31227577000,109570727,-164013302
2071,31228169000,113532538,-169948250
2072,31228762000,117516839,-175828875
2073,31229355000,121481387,-181749978
2074,31229947000,125465853,-187652211
2075,31230540000,129437084,-193554934
2076,31231133000,133392429,-199436950
2077,31231725000,137363294,-205344585
2078,31232318000,141326961,-211220926
2079,31232910000,145268924,-217080457
2080,31233503000,149232356,-222959943
2081,31234096000,153230352,-228817909
2082,31234688000,157166273,-234704709
2083,31235281000,161111241,-240525659
2084,31235874000,165058554,-246379285
2085,31236466000,169018197,-252213923
2086,31237059000,172988863,-258028866
2087,31237652000,176857813,-263840861
2088,31238244000,180824058,-269631108
2089,31238837000,184782334,-275447586
2090,31239430000,188708360,-281240046
2091,31240022000,192657825,-287019985
2092,31240615000,196579625,-292771299
2093,31241207000,200495790,-298534211
2094,31241800000,204411805,-304303144
2095,31242393000,208344801,-310053184
2096,31242985000,212256846,-315776766
2097,31243578000,216179900,-321505956
2098,31244171000,220105744,-327227919
2099,31244763000,223996585,-332927599
2100,31245356000,227908482,-338617508
2101,31245949000,231803338,-344270986
2102,31246541000,235737755,-349971453
2103,31247134000,239642131,-355652968
2104,31247726000,243508026,-361274145
2105,31248319000,247413658,-366940769
2106,31248912000,251280494,-372525921
2107,31249504000,255194873,-378198427
2108,31250097000,259062846,-383794350
2109,31250690000,262886746,-389350278
2110,31251282000,266800139,-394938792
2111,31251875000,270685584,-400524458
2112,31252468000,274576201,-406095574
2113,31253060000,278413094,-411641991
2114,31253653000,282251286,-417137170
2115,31254246000,286110648,-422670640
2116,31254838000,289974446,-428178294
2117,31255431000,293837929,-433665888
2118,31256023000,297631350,-439138189
2119,31256616000,301505902,-444607455
2120,31257209000,305332129,-450080554
2121,31257801000,309149499,-455484606
2122,31258394000,312995683,-460949824
2123,31258987000,316816529,-466331631
2124,31259579000,320629345,-471729826
2125,31260172000,324430916,-477139848
2126,31260765000,328236479,-482447229
2127,31261357000,332016096,-487806132
2128,31261950000,335814379,-493113271
2129,31262542000,339642435,-498459437
2130,31263135000,343429240,-503764905
2131,31263728000,347196172,-509039422
2132,31264320000,350991299,-514313155
2133,31264913000,354763770,-519592602
2134,31265506000,358534172,-524840428
2135,31266098000,362285715,-530030600
2136,31266691000,366065341,-535231686
2137,31267284000,369803904,-540453241
2138,31267876000,373546787,-545622058
2139,31268469000,377304838,-550764497
2140,31269062000,381060406,-555879524
2141,31269654000,384778023,-561005457
2142,31270247000,388498242,-566133503
2143,31270839000,392224592,-571190925
2144,31271432000,395945985,-576263783
2145,31272025000,399665563,-581313799
2146,31272617000,403347962,-586340047
2147,31273210000,407064420,-591376781
2148,31273803000,410768545,-596358985
2149,31274395000,414433950,-601322375
2150,31274988000,418128332,-606295702
2151,31275581000,421818490,-611216714
2152,31276173000,425481148,-616150948
2153,31276766000,429138923,-621027354
2154,31277358000,432799199,-625920831
2155,31277951000,436471614,-630776444
2156,31278544000,440129445,-635641351
2157,31279136000,443761972,-640463723
2158,31279729000,447382957,-645264186
2159,31280322000,451017437,-650036583
2160,31280914000,454644321,-654802899
2161,31281507000,458268082,-659548047
2162,31282100000,461862191,-664235761
2163,31282692000,465490523,-668966686
2164,31283285000,469096395,-673652599
2165,31283878000,472678117,-678323449
2166,31284470000,476260840,-682962303
2167,31285063000,479825835,-687568783
2168,31285655000,483413079,-692136277
2169,31286248000,487016756,-696757674
2170,31286841000,490546793,-701267871
2171,31287433000,494086227,-705807559
2172,31288026000,497653152,-710317770
2173,31288619000,501157367,-714798040
2174,31289211000,504714773,-719245780
2175,31289804000,508224982,-723698063
2176,31290397000,511730018,-728128493
2177,31290989000,515260415,-732533886
2178,31291582000,518788213,-736885791
2179,31292174000,522259522,-741219925
2180,31292767000,525737652,-745540672
2181,31293360000,529219054,-749851528
2182,31293952000,532690781,-754123963
2183,31294545000,536154686,-758386022
2184,31295138000,539626347,-762640978
2185,31295730000,543066097,-766847197
2186,31296323000,546513662,-770992849
2187,31296916000,549951155,-775165346
2188,31297508000,553375373,-779330257
2189,31298101000,556817640,-783423145
2190,31298694000,560224336,-787520994
2191,31299286000,563625109,-791540621
2192,31299879000,567007166,-795617878
2193,31300471000,570400089,-799633072
2194,31301064000,573754976,-803597396
2195,31301657000,577192540,-807608986
2196,31302249000,580546152,-811533096
2197,31302842000,583867727,-815433059
2198,31303435000,587231333,-819339794
2199,31304027000,590580008,-823177365
2200,31304620000,593929669,-827041802
2201,31305213000,597239270,-830833467
2202,31305805000,600558453,-834625444
2203,31306398000,603841439,-838347520
2204,31306990000,607155730,-842099416
2205,31307583000,610446282,-845809618
2206,31308176000,613720653,-849456371
2207,31308768000,617037033,-853150908
2208,31309361000,620262987,-856725449
2209,31309954000,623552471,-860404087
2210,31310546000,626768818,-863951041
2211,31311139000,630014601,-867492730
2212,31311732000,633278466,-871004104
2213,31312324000,636481439,-874492296
2214,31312917000,639705181,-877966858
2215,31313510000,642911398,-881426454
2216,31314102000,646095378,-884801588
2217,31314695000,649336801,-888226341
2218,31315287000,652488717,-891579001
2219,31315880000,655653377,-894858790
2220,31316473000,658810316,-898194268
2221,31317065000,661970963,-901441417
2222,31317658000,665081633,-904699898
2223,31318251000,668215045,-907918006
2224,31318843000,671338082,-911112712
2225,31319436000,674460060,-914260828
2226,31320029000,677567419,-917389001
2227,31320621000,680662339,-920464379
2228,31321214000,683758723,-923539739
2229,31321806000,686810788,-926601617
2230,31322399000,689894593,-929629355
2231,31322992000,692957474,-932608533
2232,31323584000,696015068,-935582542
2233,31324177000,699035774,-938483382
2234,31324770000,702084217,-941397349
2235,31325362000,705099702,-944268917
2236,31325955000,708111596,-947101461
2237,31326548000,711112095,-949931790
2238,31327140000,714085260,-952702538
2239,31327733000,717090554,-955457137
2240,31328326000,720040680,-958185367
2241,31328918000,723007561,-960850968
2242,31329511000,725955057,-963512522
2243,31330103000,728893533,-966159034
2244,31330696000,731835857,-968766412
2245,31331289000,734729002,-971283808
2246,31331881000,737650435,-973854551
2247,31332474000,740543773,-976376649
2248,31333067000,743454208,-978852467
2249,31333659000,746305537,-981308725
2250,31334252000,749184542,-983722342
2251,31334845000,752061080,-986107631
2252,31335437000,754888875,-988458832
2253,31336030000,757721175,-990785746
2254,31336622000,760547747,-993060759
2255,31337215000,763385628,-995356354
2256,31337808000,766183066,-997586696
2257,31338400000,768978495,-999771717
2258,31338993000,771753367,-1001965210
2259,31339586000,774529596,-1004064733
2260,31340178000,777312200,-1006214346
2261,31340771000,780039816,-1008297064
2262,31341364000,782779132,-1010352799
2263,31341956000,785517979,-1012321754
2264,31342549000,788234347,-1014310233
2265,31343142000,790948444,-1016287301
2266,31343734000,793631506,-1018171382
2267,31344327000,796310945,-1020067848
2268,31344919000,799013218,-1021950117
2269,31345512000,801646069,-1023745070
2270,31346105000,804323563,-1025533362
2271,31346697000,806952498,-1027332696
2272,31347290000,809601392,-1029051309
2273,31347883000,812191485,-1030756836
2274,31348475000,814816179,-1032404190
2275,31349068000,817443098,-1034064015
2276,31349661000,820013468,-1035662147
2277,31350253000,822574358,-1037195440
2278,31350846000,825129382,-1038747362
2279,31351438000,827703082,-1040247424
2280,31352031000,830226545,-1041711181
2281,31352624000,832765697,-1043124124
2282,31353216000,835295642,-1044547767
2283,31353809000,837808971,-1045946734
2284,31354402000,840244948,-1047236107
2285,31354994000,842736261,-1048541056
2286,31355587000,845233293,-1049856116
2287,31356180000,847675156,-1051117213
2288,31356772000,850125195,-1052314209
2289,31357365000,852579451,-1053470527
2290,31357958000,855000120,-1054624903
2291,31358550000,857399099,-1055740015
2292,31359143000,859805957,-1056833470
2293,31359735000,862203672,-1057870879
2294,31360328000,864599426,-1058871920
2295,31360921000,866948494,-1059851457
2296,31361513000,869296659,-1060798345
2297,31362106000,871610134,-1061687540
2298,31362699000,873955163,-1062579298
2299,31363291000,876256973,-1063408469
2300,31363884000,878568078,-1064224368
2301,31364477000,880894015,-1065011195
2302,31365069000,883145818,-1065773071
2303,31365662000,885383032,-1066446382
2304,31366254000,887674643,-1067184289
2305,31366847000,889905125,-1067801623
2306,31367440000,892131588,-1068413018
2307,31368032000,894342968,-1068991857
2308,31368625000,896583787,-1069572886
2309,31369218000,898768203,-1070079571
2310,31369810000,900927118,-1070548155
2311,31370403000,903094299,-1071024474
2312,31370996000,905242502,-1071420595
2313,31371588000,907401993,-1071795552
2314,31372181000,909556135,-1072120355
2315,31372774000,911650649,-1072455993
2316,31373366000,913768395,-1072734632
2317,31373959000,915844666,-1072968775
2318,31374551000,917941463,-1073201564
2319,31375144000,919997149,-1073384734
2320,31375737000,922037136,-1073501489
2321,31376329000,924094606,-1073631255
2322,31376922000,926156401,-1073750166
2323,31377515000,928147881,-1073759011
2324,31378107000,930156896,-1073790892
2325,31378700000,932154447,-1073730206
2326,31379293000,934097554,-1073711809
2327,31379885000,936092112,-1073572184
2328,31380478000,938015335,-1073492425
2329,31381070000,939962450,-1073345662
2330,31381663000,941895364,-1073134906
2331,31382256000,943834741,-1072933091
2332,31382848000,945718616,-1072676992
2333,31383441000,947595200,-1072374478
2334,31384034000,949464849,-1072049405
2335,31384626000,951345158,-1071713595
2336,31385219000,953175146,-1071321208
2337,31385812000,954994254,-1070887413
2338,31386404000,956820958,-1070438843
2339,31386997000,958622433,-1069915123
2340,31387590000,960414381,-1069412882
2341,31388182000,962190261,-1068872562
2342,31388775000,963991246,-1068283677
2343,31389367000,965709885,-1067644132
2344,31389960000,967481399,-1067008622
2345,31390553000,969167690,-1066316709
2346,31391145000,970896110,-1065604065
2347,31391738000,972605546,-1064849099
2348,31392331000,974303702,-1064047725
2349,31392923000,975977418,-1063228478
2350,31393516000,977610127,-1062363271
2351,31394109000,979278679,-1061500802
2352,31394701000,980900192,-1060550378
2353,31395294000,982520390,-1059593499
2354,31395886000,984150720,-1058626706
2355,31396479000,985716916,-1057613818
2356,31397072000,987315811,-1056535636
2357,31397664000,988876819,-1055466815
2358,31398257000,990429983,-1054369209
2359,31398850000,991940641,-1053170281
2360,31399442000,993495679,-1052028456
2361,31400035000,994965331,-1050775716
2362,31400628000,996469329,-1049527478
2363,31401220000,997974725,-1048249211
2364,31401813000,999425171,-1046943050
2365,31402406000,1000917987,-1045565961
2366,31402998000,1002327770,-1044202556
2367,31403591000,1003777739,-1042789669
2368,31404183000,1005140316,-1041341263
2369,31404776000,1006550854,-1039871680
2370,31405369000,1007980131,-1038363875
2371,31405961000,1009324906,-1036803801
2372,31406554000,1010689221,-1035225966
2373,31407147000,1012015321,-1033637019
2374,31407739000,1013364242,-1031994833
2375,31408332000,1014648354,-1030320978
2376,31408925000,1015960498,-1028631356
2377,31409517000,1017239568,-1026875781
2378,31410110000,1018519100,-1025109674
2379,31410702000,1019776257,-1023314481
2380,31411295000,1021031986,-1021480631
2381,31411888000,1022254279,-1019588442
2382,31412480000,1023450321,-1017733863
2383,31413073000,1024655270,-1015801808
2384,31413666000,1025882872,-1013864188
2385,31414258000,1027030493,-1011859549
2386,31414851000,1028202387,-1009848717
2387,31415444000,1029351270,-1007777814
2388,31416036000,1030461114,-1005679018
2389,31416629000,1031585019,-1003570923
2390,31417222000,1032675657,-1001418324
2391,31417814000,1033775003,-999248391
2392,31418407000,1034844772,-997043310
2393,31418999000,1035906201,-994795471
2394,31419592000,1036935589,-992529752
2395,31420185000,1037972341,-990206160
2396,31420777000,1038969373,-987867610
2397,31421370000,1040013121,-985531552
2398,31421963000,1040972302,-983073716
2399,31422555000,1041966189,-980730289
2400,31423148000,1042903012,-978225808
2401,31423741000,1043870560,-975759764
2402,31424333000,1044814278,-973240916
2403,31424926000,1045709517,-970678240
2404,31425518000,1046588199,-968089269
2405,31426111000,1047467357,-965506625
2406,31426704000,1048358901,-962859472
2407,31427296000,1049215816,-960192574
2408,31427889000,1050067761,-957506865
2409,31428482000,1050904333,-954773250
2410,31429074000,1051697678,-951968398
2411,31429667000,1052484158,-949224110
2412,31430260000,1053312597,-946404340
2413,31430852000,1054072818,-943559538
2414,31431445000,1054795508,-940661019
2415,31432038000,1055528876,-937778341
2416,31432630000,1056269529,-934829923
2417,31433223000,1056962113,-931875220
2418,31433815000,1057679491,-928899156
2419,31434408000,1058342815,-925855301
2420,31435001000,1059003128,-922768770
2421,31435593000,1059683284,-919727751
2422,31436186000,1060314037,-916600235
2423,31436779000,1060954319,-913479966
2424,31437371000,1061529485,-910314493
2425,31437964000,1062129212,-907128485
2426,31438557000,1062711107,-903916849
2427,31439149000,1063289935,-900626389
2428,31439742000,1063846288,-897368495
2429,31440334000,1064366391,-894044625
2430,31440927000,1064868432,-890718354
2431,31441520000,1065377962,-887373617
2432,31442112000,1065887047,-883988185
2433,31442705000,1066348372,-880549566
2434,31443298000,1066818533,-877098860
2435,31443890000,1067267810,-873646318
2436,31444483000,1067725753,-870136651
2437,31445076000,1068112710,-866617592
2438,31445668000,1068486224,-863052345
2439,31446261000,1068893371,-859445397
2440,31446854000,1069290098,-855898050
2441,31447446000,1069639358,-852257539
2442,31448039000,1069994191,-848596934
2443,31448631000,1070317872,-844879632
2444,31449224000,1070620216,-841191668
2445,31449817000,1070913690,-837447649
2446,31450409000,1071215793,-833702918
2447,31451002000,1071468672,-829908555
2448,31451595000,1071714059,-826063749
2449,31452187000,1071958531,-822244595
2450,31452780000,1072159629,-818380493
2451,31453373000,1072409189,-814485630
2452,31453965000,1072560610,-810535552
2453,31454558000,1072755883,-806599237
2454,31455150000,1072954661,-802647452
2455,31455743000,1073083054,-798636612
2456,31456336000,1073209852,-794606398
2457,31456928000,1073324094,-790577482
2458,31457521000,1073438893,-786509721
2459,31458114000,1073531959,-782441626
2460,31458706000,1073598168,-778283584
2461,31459299000,1073664307,-774145518
2462,31459892000,1073746068,-770021194
2463,31460484000,1073728625,-765787897
2464,31461077000,1073753768,-761621030
2465,31461670000,1073740011,-757345540
2466,31462262000,1073722611,-753078696
2467,31462855000,1073718816,-748794206
2468,31463447000,1073669948,-744489440
2469,31464040000,1073615371,-740174673
2470,31464633000,1073528602,-735787773
2471,31465225000,1073414448,-731412857
2472,31465818000,1073362725,-727051486
2473,31466411000,1073221843,-722571547
2474,31467003000,1073100034,-718154243
2475,31467596000,1072952889,-713677119
2476,31468189000,1072764850,-709186142
2477,31468781000,1072623020,-704694865
2478,31469374000,1072430031,-700123849
2479,31469966000,1072180271,-695606245
2480,31470559000,1071982683,-690992615
2481,31471152000,1071748974,-686435861
2482,31471744000,1071508148,-681800892
2483,31472337000,1071212088,-677149209
2484,31472930000,1070927315,-672486534
2485,31473522000,1070661648,-667810081
2486,31474115000,1070326296,-663090593
2487,31474708000,1070000154,-658396029
2488,31475300000,1069681008,-653630269
2489,31475893000,1069305501,-648855049
2490,31476486000,1068937239,-644077032
2491,31477078000,1068541032,-639260262
2492,31477671000,1068128028,-634424508
2493,31478263000,1067757303,-629596228
2494,31478856000,1067297138,-624733571
2495,31479449000,1066855121,-619837559
2496,31480041000,1066392042,-614913082
2497,31480634000,1065942382,-610035195
2498,31481227000,1065442959,-605055531
2499,31481819000,1064928713,-600134348
2500,31482412000,1064417677,-595135664
2501,31483005000,1063890615,-590119808
2502,31483597000,1063355938,-585130929
2503,31484190000,1062777901,-580067241
2504,31484782000,1062204617,-575018204
2505,31485375000,1061616164,-569962607
2506,31485968000,1060994722,-564878791
2507,31486560000,1060389677,-559742694
2508,31487153000,1059723239,-554606440
2509,31487746000,1059089046,-549468423
2510,31488338000,1058440642,-544308941
2511,31488931000,1057750008,-539143458
2512,31489524000,1057038519,-533962074
2513,31490116000,1056345142,-528778743
2514,31490709000,1055600277,-523526127
2515,31491302000,1054875885,-518252805
2516,31491894000,1054142605,-512983684
2517,31492487000,1053355244,-507764588
2518,31493079000,1052596335,-502414820
2519,31493672000,1051782284,-497129538
2520,31494265000,1051001646,-491845979
2521,31494857000,1050123969,-486469554
2522,31495450000,1049263536,-481132522
2523,31496043000,1048458032,-475762662
2524,31496635000,1047563479,-470368495
2525,31497228000,1046686980,-464991502
2526,31497821000,1045768910,-459553323
2527,31498413000,1044865474,-454149069
2528,31499006000,1043955268,-448728462
2529,31499598000,1043000998,-443248939
2530,31500191000,1042037000,-437776936
2531,31500784000,1041063368,-432297376
2532,31501376000,1040075818,-426815597
2533,31501969000,1039073722,-421303716
2534,31502562000,1038064795,-415764263
2535,31503154000,1037021759,-410267482
2536,31503747000,1035987647,-404719074
2537,31504340000,1034974675,-399173386
2538,31504932000,1033858148,-393566847
2539,31505525000,1032779025,-387996412
2540,31506118000,1031675336,-382396113
2541,31506710000,1030581287,-376783062
2542,31507303000,1029439338,-371162398
2543,31507895000,1028267741,-365489791
2544,31508488000,1027139117,-359869660
2545,31509081000,1025948799,-354236330
2546,31509673000,1024787565,-348579012
2547,31510266000,1023583713,-342911614
2548,31510859000,1022369810,-337217137
2549,31511451000,1021134910,-331506780
2550,31512044000,1019878551,-325777814
2551,31512637000,1018633674,-320050595
2552,31513229000,1017347311,-314367204
2553,31513822000,1016072561,-308603576
2554,31514414000,1014782713,-302846583
2555,31515007000,1013465962,-297124129
2556,31515600000,1012169858,-291349400
2557,31516192000,1010801189,-285581002
2558,31516785000,1009458757,-279792616
2559,31517378000,1008085351,-274018558
2560,31517970000,1006711510,-268242898
2561,31518563000,1005276296,-262373808
2562,31519156000,1003901548,-256583354
2563,31519748000,1002449408,-250735761
2564,31520341000,1001013817,-244946993
2565,31520934000,999591868,-239096848
2566,31521526000,998097364,-233228213
2567,31522119000,996605114,-227368514
2568,31522711000,995132474,-221513671
2569,31523304000,993600208,-215630346
2570,31523897000,992072977,-209769399
2571,31524489000,990559304,-203901234
2572,31525082000,989001838,-198003317
2573,31525675000,987433254,-192099196
2574,31526267000,985859260,-186186220
2575,31526860000,984285671,-180292139
2576,31527453000,982669934,-174370770
2577,31528045000,981039087,-168436636
2578,31528638000,979401363,-162555426
2579,31529230000,977778307,-156606610
2580,31529823000,976136617,-150672124
2581,31530416000,974471896,-144743626
2582,31531008000,972764516,-138786379
2583,31531601000,971028649,-132839105
2584,31532194000,969334763,-126881184
2585,31532786000,967606891,-120936891
2586,31533379000,965883525,-114959998
2587,31533972000,964134309,-108995531
2588,31534564000,962386104,-103053508
2589,31535157000,960593102,-97089110
2590,31535750000,958810456,-91123534
2591,31536342000,956982470,-85154963
2592,31536935000,955168486,-79159855
2593,31537527000,953347043,-73182341
2594,31538120000,951490397,-67178176
2595,31538713000,949641165,-61198862
2596,31539305000,947772805,-55226195
2597,31539898000,945900515,-49216936
2598,31540491000,943981804,-43240875
2599,31541083000,942079470,-37259532
2600,31541676000,940153187,-31285452
2601,31542269000,938206842,-25246379
2602,31542861000,936259040,-19262992
2603,31543454000,934272683,-13268217
2604,31544046000,932332178,-7313330
2605,31544639000,930303793,-1285765
2606,31545232000,928303319,4706280
2607,31545824000,926318148,10708853
2608,31546417000,924283665,16696509
2609,31547010000,922255945,22699711
2610,31547602000,920198712,28660408
2611,31548195000,918129685,34660437
2612,31548788000,916060628,40645632
2613,31549380000,913952026,46629832
2614,31549973000,911863822,52625467
2615,31550566000,909724779,58608831
2616,31551158000,907591281,64618221
2617,31551751000,905465843,70573264
2618,31552343000,903305176,76566276
2619,31552936000,901122912,82576867
2620,31553529000,898952976,88531639
2621,31554121000,896771422,94525327
2622,31554714000,894576761,100477076
2623,31555307000,892304552,106468469
2624,31555899000,890119140,112392978
2625,31556492000,887888796,118364031
2626,31557085000,885617407,124326077
2627,31557677000,883368012,130292168
2628,31558270000,881062448,136257974
2629,31558862000,878784334,142156313
2630,31559455000,876497584,148093615
2631,31560048000,874189228,154070119
2632,31560640000,871843799,159968322
2633,31561233000,869519052,165893415
2634,31561826000,867169804,171795286
2635,31562418000,864799134,177755032
2636,31563011000,862405142,183663890
2637,31563604000,860005211,189531130
2638,31564196000,857624354,195456151
2639,31564789000,855209260,201340399
2640,31565382000,852799242,207210311
2641,31565974000,850375278,213112646
2642,31566567000,847950401,218972086
2643,31567159000,845441748,224832233
2644,31567752000,842959140,230728414
2645,31568345000,840522557,236564542
2646,31568937000,838019493,242395736
2647,31569530000,835513413,248222449
2648,31570123000,832991729,254045496
2649,31570715000,830467316,259902711
2650,31571308000,827933327,265691388
2651,31571901000,825395734,271511621
2652,31572493000,822800572,277289531
2653,31573086000,820247664,283073920
2654,31573678000,817671402,288868102
2655,31574271000,815094578,294641866
2656,31574864000,812453192,300419456
2657,31575456000,809813097,306151894
2658,31576049000,807209522,311910452
2659,31576642000,804571000,317614237
2660,31577234000,801915693,323340323
2661,31577827000,799248240,329057341
2662,31578420000,796565298,334731473
2663,31579012000,793890102,340459553
2664,31579605000,791200213,346133106
2665,31580198000,788468772,351794938
2666,31580790000,785744507,357421904
2667,31581383000,783010331,363106690
2668,31581975000,780268875,368755873
2669,31582568000,777587556,374365686
2670,31583161000,774792615,379971345
2671,31583753000,771984442,385598869
2672,31584346000,769235958,391152795
2673,31584939000,766451931,396754961
2674,31585531000,763632322,402319127
2675,31586124000,760816026,407848157
2676,31586717000,757965474,413398886
2677,31587309000,755127679,418954182
2678,31587902000,752295319,424433163
2679,31588494000,749429542,429954505
2680,31589087000,746587757,435387111
2681,31589680000,743704207,440884522
2682,31590272000,740818038,446366147
2683,31590865000,737938576,451816569
2684,31591458000,735009038,457246806
2685,31592050000,732076834,462665009
2686,31592643000,729134348,468075953
2687,31593236000,726218658,473441359
2688,31593828000,723267289,478817044
2689,31594421000,720333164,484172744
2690,31595014000,717347939,489489219
2691,31595606000,714348329,494845433
2692,31596199000,711385259,500152735
2693,31596791000,708340252,505482767
2694,31597384000,705389492,510763639
2695,31597977000,702351502,516013464
2696,31598569000,699332577,521289396
2697,31599162000,696280505,526495476
2698,31599755000,693229903,531703935
2699,31600347000,690208810,536927034
2700,31600940000,687114325,542097339
2701,31601533000,684051556,547254936
2702,31602125000,680962454,552402848
2703,31602718000,677846864,557568280
2704,31603310000,674763700,562672038
2705,31603903000,671625310,567747574
2706,31604496000,668509627,572819482
2707,31605088000,665396354,577930723
2708,31605681000,662251522,582919856
2709,31606274000,659114953,587956066
2710,31606866000,655947293,592958234
2711,31607459000,652808407,597980079
2712,31608052000,649618419,602917002
2713,31608644000,646392503,607872078
2714,31609237000,643186709,612817931
2715,31609830000,640023849,617728955
2716,31610422000,636792101,622606546
2717,31611015000,633553920,627513701
2718,31611607000,630348398,632347005
2719,31612200000,627098092,637178212
2720,31612793000,623833378,642004044
2721,31613385000,620599175,646812550
2722,31613978000,617310561,651574124
2723,31614571000,614055832,656310131
2724,31615163000,610766644,661069503
2725,31615756000,607439634,665763511
2726,31616349000,604157132,670463609
2727,31616941000,600868003,675121797
2728,31617534000,597546429,679823814
2729,31618126000,594227276,684410704
2730,31618719000,590884558,689053610
2731,31619312000,587549412,693585785
2732,31619904000,584180380,698218275
2733,31620497000,580831844,702747795
2734,31621090000,577481850,707250866
2735,31621682000,574121891,711756060
2736,31622275000,570734872,716218737
2737,31622868000,567306759,720701439
2738,31623460000,563956813,725114001
2739,31624053000,560529833,729533525
2740,31624646000,557102692,733940070
2741,31625238000,553667878,738282654
2742,31625831000,550271878,742620711
2743,31626423000,546830827,746945956
2744,31627016000,543364175,751229011
2745,31627609000,539942851,755492850
2746,31628201000,536461909,759751747
2747,31628794000,533014242,763995336
2748,31629387000,529515605,768192316
2749,31629979000,526062926,772365449
2750,31630572000,522600214,776520146
2751,31631165000,519074338,780674107
2752,31631757000,515564010,784742154
2753,31632350000,512053850,788815444
2754,31632942000,508563545,792885590
2755,31633535000,505029501,796918500
2756,31634128000,501467208,800922404
2757,31634720000,497990999,804877191
2758,31635313000,494405538,808812328
2759,31635906000,490856556,812797136
2760,31636498000,487322394,816663089
2761,31637091000,483769049,820566786
2762,31637684000,480165087,824417857
2763,31638276000,476581613,828242134
2764,31638869000,473033125,832044736
2765,31639462000,469428509,835790843
2766,31640054000,465832035,839569053
2767,31640647000,462228424,843285750
2768,31641239000,458606983,846968431
2769,31641832000,454990452,850684055
2770,31642425000,451343511,854330305
2771,31643017000,447744895,857940246
2772,31643610000,444098763,861544662
2773,31644203000,440471349,865088876
2774,31644795000,436819917,868630760
2775,31645388000,433139758,872131144
2776,31645981000,429475091,875665229
2777,31646573000,425801896,879073037
2778,31647166000,422168256,882500153
2779,31647758000,418482374,885917443
2780,31648351000,414805343,889259812
2781,31648944000,411082145,892652523
2782,31649536000,407418886,895949149
2783,31650129000,403719627,899253890
2784,31650722000,400026276,902515201
2785,31651314000,396267886,905759921
2786,31651907000,392571358,908910021
2787,31652500000,388870604,912099042
2788,31653092000,385139321,915273336
2789,31653685000,381393683,918385962
2790,31654278000,377645890,921488838
2791,31654870000,373900791,924528320
2792,31655463000,370151053,927545348
2793,31656055000,366416491,930565683
2794,31656648000,362639700,933585246
2795,31657241000,358884228,936500699
2796,31657833000,355109195,939407323
2797,31658426000,351330869,942321148
2798,31659019000,347569941,945191074
2799,31659611000,343779888,947969932
2800,31660204000,339995730,950792806
2801,31660797000,336197971,953577133
2802,31661389000,332406532,956299094
2803,31661982000,328594243,959027303
2804,31662574000,324800770,961697085
2805,31663167000,320963291,964343199
2806,31663760000,317142734,966970670
2807,31664352000,313332010,969581941
2808,31664945000,309524632,972154970
2809,31665538000,305688770,974689827
2810,31666130000,301813363,977180793
2811,31666723000,297987252,979642070
2812,31667316000,294152240,982072038
2813,31667908000,290310891,984505739
2814,31668501000,286458750,986877887
2815,31669094000,282607409,989202437
2816,31669686000,278779601,991526662
2817,31670279000,274876984,993815783
2818,31670871000,271003313,996048322
2819,31671464000,267159188,998269130
2820,31672057000,263270276,1000493788
2821,31672649000,259406895,1002648724
2822,31673242000,255540213,1004792153
2823,31673835000,251652210,1006890311
2824,31674427000,247737394,1008930784
2825,31675020000,243883750,1010956282
2826,31675613000,239999744,1012987823
2827,31676205000,236062662,1014951876
2828,31676798000,232154703,1016904152
2829,31677390000,228246772,1018790637
2830,31677983000,224348149,1020681718
2831,31678576000,220461265,1022491081
2832,31679168000,216543333,1024348598
2833,31679761000,212637831,1026105100
2834,31680354000,208723798,1027887048
2835,31680946000,204770133,1029606691
2836,31681539000,200897732,1031289328
2837,31682132000,196917099,1032932364
2838,31682724000,193024373,1034563591
2839,31683317000,189057298,1036150264
2840,31683910000,185136127,1037700315
2841,31684502000,181198321,1039226295
2842,31685095000,177261719,1040727649
2843,31685687000,173311799,1042162703
2844,31686280000,169348316,1043599506
2845,31686873000,165406447,1045022419
2846,31687465000,161442783,1046379737
2847,31688058000,157540738,1047717971
2848,31688651000,153551667,1048970187
2849,31689243000,149612453,1050285193
2850,31689836000,145626327,1051505907
2851,31690429000,141655415,1052675709
2852,31691021000,137746153,1053861458
2853,31691614000,133744281,1054989184
2854,31692206000,129808036,1056083684
2855,31692799000,125824483,1057155498
2856,31693392000,121854412,1058195203
2857,31693984000,117866086,1059190339
2858,31694577000,113901063,1060155288
2859,31695170000,109939109,1061060125
2860,31695762000,105930380,1061986676
2861,31696355000,101986028,1062878929
2862,31696948000,98019029,1063701588
2863,31697540000,94020594,1064507947
2864,31698133000,90060499,1065277410
2865,31698726000,86064071,1066002936
2866,31699318000,82067058,1066724645
2867,31699911000,78052628,1067386970
2868,31700503000,74113325,1068029492
2869,31701096000,70110011,1068626790
2870,31701689000,66120137,1069212315
2871,31702281000,62136373,1069736070
2872,31702874000,58131797,1070235933
2873,31703467000,54154996,1070683691
2874,31704059000,50165908,1071142768
2875,31704652000,46156521,1071540454
2876,31705245000,42174092,1071896633
2877,31705837000,38191716,1072254749
2878,31706430000,34164227,1072520109
2879,31707022000,30183377,1072818957
2880,31707615000,26201806,1073052233
2881,31708208000,22217127,1073241263
2882,31708800000,18222389,1073429147
2883,31709393000,14184390,1073550088
2884,31709986000,10227302,1073634161
2885,31710578000,6245252,1073755864
2886,31711171000,2176130,1073744001
2887,31711764000,-1798175,1073781183
2888,31712356000,-5786276,1073750128
2889,31712949000,-9794402,1073661604
2890,31713542000,-13756797,1073574567
2891,31714134000,-17763169,1073420486
2892,31714727000,-21743898,1073292607
2893,31715319000,-25773121,1073107300
2894,31715912000,-29764550,1072823781
2895,31716505000,-33743325,1072565928
2896,31717097000,-37765223,1072307639
2897,31717690000,-41778572,1071925635
2898,31718283000,-45732888,1071571711
2899,31718875000,-49740842,1071176623
2900,31719468000,-53690019,1070765955
2901,31720061000,-57718638,1070295124
2902,31720653000,-61732306,1069791587
2903,31721246000,-65669156,1069250959
2904,31721838000,-69692362,1068706052
2905,31722431000,-73682562,1068086168
2906,31723024000,-77678967,1067450217
2907,31723616000,-81624230,1066763398
2908,31724209000,-85647704,1066092341
2909,31724802000,-89606661,1065345847
2910,31725394000,-93560102,1064614289
2911,31725987000,-97582142,1063746646
2912,31726580000,-101526317,1062946457
2913,31727172000,-105512829,1062077513
2914,31727765000,-109514493,1061183235
2915,31728358000,-113492080,1060258238
2916,31728950000,-117457139,1059289230
2917,31729543000,-121424873,1058302353
2918,31730135000,-125382351,1057254755
2919,31730728000,-129343341,1056207076
2920,31731321000,-133327141,1055126852
2921,31731913000,-137274234,1053971128
2922,31732506000,-141254323,1052797168
2923,31733099000,-145243316,1051638200
2924,31733691000,-149153534,1050406661
2925,31734284000,-153114870,1049143177
2926,31734877000,-157066727,1047824311
2927,31735469000,-161062524,1046500914
2928,31736062000,-164992375,1045150107
2929,31736654000,-168934654,1043777053
2930,31737247000,-172879883,1042307498
2931,31737840000,-176813175,1040878746
2932,31738432000,-180761176,1039378313
2933,31739025000,-184706645,1037866082
2934,31739618000,-188637284,1036318505
2935,31740210000,-192573771,1034746924
2936,31740803000,-196525255,1033123012
2937,31741396000,-200418024,1031430094
2938,31741988000,-204343890,1029792360
2939,31742581000,-208304812,1028040104
2940,31743174000,-212186435,1026345393
2941,31743766000,-216091184,1024551654
2942,31744359000,-220032343,1022723175
2943,31744951000,-223948744,1020890140
2944,31745544000,-227853304,1019002745
2945,31746137000,-231755351,1017091932
2946,31746729000,-235628056,1015136873
2947,31747322000,-239570525,1013197558
2948,31747915000,-243444477,1011199854
2949,31748507000,-247331732,1009177857
2950,31749100000,-251208583,1007104968
2951,31749693000,-255080952,1005011029
2952,31750285000,-258983434,1002873302
2953,31750878000,-262851159,1000723362
2954,31751470000,-266740266,998546383
2955,31752063000,-270593534,996280606
2956,31752656000,-274459658,994080228
2957,31753248000,-278340728,991793129
2958,31753841000,-282188440,989465380
2959,31754434000,-286050378,987113757
2960,31755026000,-289885429,984762889
2961,31755619000,-293745921,982380956
2962,31756212000,-297615478,979897881
2963,31756804000,-301417744,977438701
2964,31757397000,-305262649,974943543
2965,31757990000,-309081306,972396663
2966,31758582000,-312928186,969850113
2967,31759175000,-316729153,967273677
2968,31759767000,-320537497,964647045
2969,31760360000,-324369558,962002915
2970,31760953000,-328179699,959330882
2971,31761545000,-331992847,956588661
2972,31762138000,-335773537,953866655
2973,31762731000,-339557159,951137782
2974,31763323000,-343344848,948314572
2975,31763916000,-347159916,945495460
2976,31764509000,-350924847,942639083
2977,31765101000,-354687444,939721347
2978,31765694000,-358473163,936815701
2979,31766286000,-362230439,933878680
2980,31766879000,-365970779,930898499
2981,31767472000,-369745836,927917049
2982,31768064000,-373503855,924892778
2983,31768657000,-377253347,921814111
2984,31769250000,-380975215,918714004
2985,31769842000,-384718681,915622859
2986,31770435000,-388450113,912472788
2987,31771028000,-392186061,909292104
2988,31771620000,-395871003,906082701
2989,31772213000,-399566897,902884294
2990,31772806000,-403301901,899585753
2991,31773398000,-406991452,896319181
2992,31773991000,-410734131,893007760
2993,31774583000,-414388392,889629569
2994,31775176000,-418051756,886302679
2995,31775769000,-421762790,882864751
2996,31776361000,-425419441,879464279
2997,31776954000,-429113712,875994553
2998,31777547000,-432745429,872537050
2999,31778139000,-436418255,869007472
3000,31778732000,-440046000,865479993
3001,31779325000,-443691741,861918864
3002,31779917000,-447342970,858321235
3003,31780510000,-450982987,854699086
3004,31781102000,-454604527,851074318
3005,31781695000,-458216958,847380554
3006,31782288000,-461847151,843692594
3007,31782880000,-465399777,839985833
3008,31783473000,-469022936,836250549
3009,31784066000,-472628216,832456017
3010,31784658000,-476207709,828656113
3011,31785251000,-479768205,824842782
3012,31785844000,-483332744,820978264
3013,31786436000,-486922665,817079979
3014,31787029000,-490468306,813210897
3015,31787622000,-494016775,809286413
3016,31788214000,-497571960,805326879
3017,31788807000,-501122094,801332792
3018,31789399000,-504621375,797334585
3019,31789992000,-508157929,793346675
3020,31790585000,-511692019,789261959
3021,31791177000,-515202679,785210813
3022,31791770000,-518671843,781089153
3023,31792363000,-522184914,776965393
3024,31792955000,-525680674,772816431
3025,31793548000,-529166133,768629354
3026,31794141000,-532624715,764434312
3027,31794733000,-536112557,760198348
3028,31795326000,-539567157,755970290
3029,31795918000,-543049363,751693713
3030,31796511000,-546466011,747401725
3031,31797104000,-549901154,743104643
3032,31797696000,-553312243,738755541
3033,31798289000,-556729896,734393490
3034,31798882000,-560158328,730000734
3035,31799474000,-563564741,725602716
3036,31800067000,-566989886,721173003
3037,31800660000,-570351731,716727840
3038,31801252000,-573741462,712249785
3039,31801845000,-577106047,707736102
3040,31802438000,-580457490,703235539
3041,31803030000,-583829893,698687168
3042,31803623000,-587166336,694128850
3043,31804215000,-590512934,689530020
3044,31804808000,-593861113,684901546
3045,31805401000,-597165683,680273035
3046,31805993000,-600532442,675650706
3047,31806586000,-603810835,670982965
3048,31807179000,-607085946,666294203
3049,31807771000,-610425378,661585129
3050,31808364000,-613678199,656861765
3051,31808957000,-616972138,652075929
3052,31809549000,-620245884,647311407
3053,31810142000,-623470427,642539296
3054,31810734000,-626774990,637721290
3055,31811327000,-629997838,632891031
3056,31811920000,-633193992,628039088
3057,31812512000,-636436213,623148662
3058,31813105000,-639674553,618263526
3059,31813698000,-642861178,613369460
3060,31814290000,-646038365,608408855
3061,31814883000,-649245266,603489420
3062,31815476000,-652405517,598507390
3063,31816068000,-655592928,593541464
3064,31816661000,-658736078,588520882
3065,31817254000,-661882061,583505641
3066,31817846000,-665034028,578455368
3067,31818439000,-668179147,573426493
3068,31819031000,-671293627,568311635
3069,31819624000,-674436048,563219338
3070,31820217000,-677520783,558098517
3071,31820809000,-680612959,552979200
3072,31821402000,-683689444,547855199
3073,31821995000,-686778225,542676749
3074,31822587000,-689834911,537496331
3075,31823180000,-692920350,532276695
3076,31823773000,-695952928,527075595
3077,31824365000,-698974057,521846669
3078,31824958000,-702014892,516583363
3079,31825550000,-705023493,511320638
3080,31826143000,-708051421,506030671
3081,31826736000,-711058031,500734567
3082,31827328000,-714046121,495447633
3083,31827921000,-716998417,490115063
3084,31828514000,-719964534,484765453
3085,31829106000,-722956200,479415711
3086,31829699000,-725888134,474048433
3087,31830292000,-728857405,468646170
3088,31830884000,-731768956,463243530
3089,31831477000,-734708237,457799051
3090,31832070000,-737582350,452377145
3091,31832662000,-740480714,446955402
3092,31833255000,-743400475,441458859
3093,31833847000,-746279839,436032792
3094,31834440000,-749144374,430537797
3095,31835033000,-751983125,425036951
3096,31835625000,-754840412,419535967
3097,31836218000,-757724596,414001147
3098,31836811000,-760503659,408475609
3099,31837403000,-763335564,402929669
3100,31837996000,-766122117,397344020
3101,31838589000,-768951617,391792895
3102,31839181000,-771682977,386197803
3103,31839774000,-774469431,380588332
3104,31840366000,-777230194,374971575
3105,31840959000,-779983748,369346618
3106,31841552000,-782747682,363711820
3107,31842144000,-785479493,358088090
3108,31842737000,-788171985,352426246
3109,31843330000,-790875935,346770538
3110,31843922000,-793600680,341071773
3111,31844515000,-796275133,335393259
3112,31845108000,-798977538,329675782
3113,31845700000,-801612118,323983565
3114,31846293000,-804281058,318260894
3115,31846886000,-806938393,312490786
3116,31847478000,-809548883,306817588
3117,31848071000,-812161030,301000260
3118,31848663000,-814764198,295259514
3119,31849256000,-817378666,289517245
3120,31849849000,-819956870,283696583
3121,31850441000,-822526158,277940504
3122,31851034000,-825085678,272142947
3123,31851627000,-827660707,266321758
3124,31852219000,-830207420,260489718
3125,31852812000,-832706560,254714553
3126,31853405000,-835220950,248906406
3127,31853997000,-837736484,243038322
3128,31854590000,-840246073,237185768
3129,31855182000,-842734712,231333683
3130,31855775000,-845189265,225481191
3131,31856368000,-847643549,219618905
3132,31856960000,-850100310,213756994
3133,31857553000,-852525946,207876123
3134,31858146000,-854968601,201998808
3135,31858738000,-857372415,196112146
3136,31859331000,-859776390,190185650
3137,31859924000,-862160265,184297049
3138,31860516000,-864541938,178383663
3139,31861109000,-866905271,172469928
3140,31861702000,-869256175,166549500
3141,31862294000,-871577717,160623597
3142,31862887000,-873912671,154715574
3143,31863479000,-876233870,148773214
3144,31864072000,-878539474,142833220
3145,31864665000,-880865072,136867098
3146,31865257000,-883095871,130921367
3147,31865850000,-885345294,124991985
3148,31866443000,-887637944,119033922
3149,31867035000,-889877501,113048340
3150,31867628000,-892100328,107104255
3151,31868221000,-894315214,101136183
3152,31868813000,-896528092,95167382
3153,31869406000,-898701238,89187997
3154,31869998000,-900894675,83220439
3155,31870591000,-903087044,77238905
3156,31871184000,-905236987,71236096
3157,31871776000,-907379138,65248005
3158,31872369000,-909496308,59259878
3159,31872962000,-911621330,53281392
3160,31873554000,-913721602,47320872
3161,31874147000,-915809270,41336318
3162,31874740000,-917908325,35326370
3163,31875332000,-919962663,29312456
3164,31875925000,-922006159,23348042
3165,31876518000,-924043628,17340407
3166,31877110000,-926091829,11349629
3167,31877703000,-928080849,5341936
3168,31878295000,-930109285,-645148
3169,31878888000,-932115568,-6634099
3170,31879481000,-934093454,-12633233
3171,31880073000,-936041931,-18628334
3172,31880666000,-938008478,-24619622
3173,31881259000,-939960011,-30611754
3174,31881851000,-941870739,-36593568
3175,31882444000,-943763787,-42597872
3176,31883037000,-945671745,-48585913
3177,31883629000,-947566742,-54570502
3178,31884222000,-949432233,-60556395
3179,31884814000,-951256476,-66522654
3180,31885407000,-953121796,-72541606
3181,31886000000,-954988394,-78471450
3182,31886592000,-956789287,-84477806
3183,31887185000,-958608577,-90450445
3184,31887778000,-960385428,-96427586
3185,31888370000,-962167050,-102407210
3186,31888963000,-963919691,-108332049
3187,31889556000,-965680820,-114317330
3188,31890148000,-967437901,-120269196
3189,31890741000,-969188518,-126255365
3190,31891334000,-970897401,-132187045
3191,31891926000,-972563487,-138125894
3192,31892519000,-974238405,-144088577
3193,31893111000,-975941991,-150020215
3194,31893704000,-977610888,-155955968
3195,31894297000,-979242386,-161878876
3196,31894889000,-980872776,-167807432
3197,31895482000,-982491137,-173753762
3198,31896075000,-984109233,-179656167
3199,31896667000,-985692442,-185576116
3200,31897260000,-987262404,-191471837
3201,31897853000,-988811418,-197344910
3202,31898445000,-990396272,-203245493
3203,31899038000,-991923198,-209109736
3204,31899630000,-993472202,-214990623
3205,31900223000,-994963447,-220889878
3206,31900816000,-996439305,-226736881
3207,31901408000,-997957941,-232594973
3208,31902001000,-999409873,-238422098
3209,31902594000,-1000849418,-244273878
3210,31903186000,-1002313071,-250121412
3211,31903779000,-1003727104,-255946117
3212,31904372000,-1005140475,-261760575
3213,31904964000,-1006536423,-267572076
3214,31905557000,-1007904691,-273344528
3215,31906150000,-1009311323,-279182350
3216,31906742000,-1010657837,-284932659
3217,31907335000,-1011969921,-290713918
3218,31907927000,-1013319907,-296515199
3219,31908520000,-1014628223,-302223581
3220,31909113000,-1015953052,-307986373
3221,31909705000,-1017210188,-313728371
3222,31910298000,-1018521250,-319452101
3223,31910891000,-1019766925,-325204349
3224,31911483000,-1021010297,-330894380
3225,31912076000,-1022222193,-336576949
3226,31912669000,-1023437256,-342254931
3227,31913261000,-1024643757,-347933295
3228,31913854000,-1025842265,-353625844
3229,31914446000,-1027002964,-359274376
3230,31915039000,-1028178073,-364903097
3231,31915632000,-1029314389,-370551957
3232,31916224000,-1030435970,-376180238
3233,31916817000,-1031580571,-381801933
3234,31917410000,-1032650566,-387390702
3235,31918002000,-1033732097,-392970841
3236,31918595000,-1034841818,-398545851
3237,31919188000,-1035892193,-404107503
3238,31919780000,-1036926286,-409657012
3239,31920373000,-1037931801,-415157726
3240,31920966000,-1038973474,-420695294
3241,31921558000,-1039979586,-426221677
3242,31922151000,-1040949241,-431722408
3243,31922743000,-1041959365,-437204890
3244,31923336000,-1042892722,-442671314
3245,31923929000,-1043868499,-448133879
3246,31924521000,-1044781005,-453545534
3247,31925114000,-1045676626,-458981841
3248,31925707000,-1046576126,-464399857
3249,31926299000,-1047457605,-469780241
3250,31926892000,-1048345217,-475152420
3251,31927485000,-1049209937,-480544645
3252,31928077000,-1050056882,-485877972
3253,31928670000,-1050867628,-491264122
3254,31929262000,-1051716674,-496569189
3255,31929855000,-1052484449,-501870290
3256,31930448000,-1053262800,-507168642
3257,31931040000,-1054048268,-512463690
3258,31931633000,-1054764790,-517703490
3259,31932226000,-1055529683,-522940488
3260,31932818000,-1056255824,-528162198
3261,31933411000,-1056968888,-533364207
3262,31934004000,-1057654350,-538584048
3263,31934596000,-1058348188,-543738506
3264,31935189000,-1059034006,-548922557
3265,31935782000,-1059675235,-554065693
3266,31936374000,-1060301599,-559184027
3267,31936967000,-1060934514,-564301686
3268,31937559000,-1061551613,-569399264
3269,31938152000,-1062131976,-574448810
3270,31938745000,-1062712149,-579544914
3271,31939337000,-1063288764,-584605681
3272,31939930000,-1063826595,-589607747
3273,31940523000,-1064363441,-594597552
3274,31941115000,-1064891549,-599563111
3275,31941708000,-1065389226,-604529683
3276,31942301000,-1065875204,-609497414
3277,31942893000,-1066370191,-614429743
3278,31943486000,-1066803914,-619303619
3279,31944078000,-1067245951,-624179956
3280,31944671000,-1067680508,-629060490
3281,31945264000,-1068122986,-633930006
3282,31945856000,-1068508858,-638756707
3283,31946449000,-1068889393,-643541118
3284,31947042000,-1069260732,-648319843
3285,31947634000,-1069635336,-653104943
3286,31948227000,-1069959043,-657852514
3287,31948820000,-1070314599,-662582995
3288,31949412000,-1070618976,-667311470
3289,31950005000,-1070923751,-671978071
3290,31950598000,-1071193571,-676630314
3291,31951190000,-1071464302,-681318868
3292,31951783000,-1071716464,-685879313
3293,31952375000,-1071971265,-690518538
3294,31952968000,-1072174163,-695084536
3295,31953561000,-1072399380,-699647949
3296,31954153000,-1072547646,-704172514
3297,31954746000,-1072737683,-708677770
3298,31955339000,-1072925039,-713179375
3299,31955931000,-1073081573,-717656419
3300,31956524000,-1073205256,-722090205
3301,31957117000,-1073321452,-726535837
3302,31957709000,-1073439609,-730944509
3303,31958302000,-1073525278,-735299340
3304,31958894000,-1073595491,-739679462
3305,31959487000,-1073646693,-744019838
3306,31960080000,-1073698119,-748354774
3307,31960672000,-1073751290,-752624599
3308,31961265000,-1073753566,-756866070
3309,31961858000,-1073764287,-761127737
3310,31962450000,-1073732337,-765326282
3311,31963043000,-1073716763,-769557172
3312,31963636000,-1073650178,-773688103
3313,31964228000,-1073616729,-777855375
3314,31964821000,-1073535187,-781954938
3315,31965414000,-1073443678,-786050920
3316,31966006000,-1073363531,-790137664
3317,31966599000,-1073207820,-794142291
3318,31967191000,-1073088821,-798177024
3319,31967784000,-1072947874,-802192824
3320,31968377000,-1072779738,-806176482
3321,31968969000,-1072607883,-810137669
3322,31969562000,-1072423680,-814034657
3323,31970155000,-1072223203,-817951738
3324,31970747000,-1071979781,-821818907
3325,31971340000,-1071744625,-825668363
3326,31971933000,-1071496908,-829466229
3327,31972525000,-1071241042,-833268314
3328,31973118000,-1070946334,-837051703
3329,31973710000,-1070647143,-840787584
3330,31974303000,-1070307642,-844511017
3331,31974896000,-1070007444,-848156529
3332,31975488000,-1069660612,-851840450
3333,31976081000,-1069300182,-855488201
3334,31976674000,-1068959988,-859082329
3335,31977266000,-1068567212,-862675927
3336,31977859000,-1068146705,-866201418
3337,31978452000,-1067729326,-869755501
3338,31979044000,-1067291970,-873238359
3339,31979637000,-1066864777,-876727149
3340,31980230000,-1066413198,-880192943
3341,31980822000,-1065935233,-883600608
3342,31981415000,-1065451581,-886997611
3343,31982007000,-1064945175,-890381115
3344,31982600000,-1064422216,-893719699
3345,31983193000,-1063886172,-897011295
3346,31983785000,-1063327918,-900312429
3347,31984378000,-1062769988,-903532563
3348,31984971000,-1062222537,-906780788
3349,31985563000,-1061634664,-909983099
3350,31986156000,-1060989570,-913149342
3351,31986749000,-1060358505,-916249661
3352,31987341000,-1059760190,-919419927
3353,31987934000,-1059084642,-922468279
3354,31988526000,-1058436727,-925532654
3355,31989119000,-1057741373,-928560195
3356,31989712000,-1057050597,-931548176
3357,31990304000,-1056367993,-934518574
3358,31990897000,-1055637961,-937427914
3359,31991490000,-1054873209,-940362252
3360,31992082000,-1054154124,-943205277
3361,31992675000,-1053361778,-946084093
3362,31993268000,-1052581104,-948904701
3363,31993860000,-1051783796,-951705163
3364,31994453000,-1050986305,-954462131
3365,31995046000,-1050138839,-957199228
3366,31995638000,-1049301017,-959887570
3367,31996231000,-1048448670,-962562026
3368,31996823000,-1047609064,-965235954
3369,31997416000,-1046697284,-967815421
3370,31998009000,-1045779886,-970407436
3371,31998601000,-1044873280,-972968960
3372,31999194000,-1043946022,-975440267
3373,31999787000,-1043008129,-977950338
3374,32000379000,-1042049172,-980415904
3375,32000972000,-1041087413,-982854013
3376,32001565000,-1040095367,-985251328
3377,32002157000,-1039094329,-987606086
3378,32002750000,-1038088173,-989959910
3379,32003342000,-1037033443,-992258499
3380,32003935000,-1036027632,-994547041
3381,32004528000,-1034986794,-996818892
3382,32005120000,-1033907237,-999004485
3383,32005713000,-1032805347,-1001177409
3384,32006306000,-1031709388,-1003359042
3385,32006898000,-1030589458,-1005449996
3386,32007491000,-1029460461,-1007539846
3387,32008084000,-1028330246,-1009620755
3388,32008676000,-1027147951,-1011633365
3389,32009269000,-1025992468,-1013596694
3390,32009862000,-1024812414,-1015585062
3391,32010454000,-1023602436,-1017527105
3392,32011047000,-1022356228,-1019389430
3393,32011639000,-1021132636,-1021261076
3394,32012232000,-1019912582,-1023122734
3395,32012825000,-1018646594,-1024942587
3396,32013417000,-1017395282,-1026676410
3397,32014010000,-1016117080,-1028444261
3398,32014603000,-1014828339,-1030139283
3399,32015195000,-1013510837,-1031816716
3400,32015788000,-1012179658,-1033440874
3401,32016381000,-1010813760,-1035056148
3402,32016973000,-1009473755,-1036657689
3403,32017566000,-1008080665,-1038174770
3404,32018158000,-1006718713,-1039727359
3405,32018751000,-1005328874,-1041149554
3406,32019344000,-1003904604,-1042651113
3407,32019936000,-1002499200,-1044056869
3408,32020529000,-1001027107,-1045427989
3409,32021122000,-999590511,-1046795928
3410,32021714000,-998132596,-1048117814
3411,32022307000,-996646292,-1049406921
3412,32022900000,-995138126,-1050650697
3413,32023492000,-993644741,-1051865720
3414,32024085000,-992103644,-1053043946
3415,32024678000,-990576570,-1054229346
3416,32025270000,-989058397,-1055349005
3417,32025863000,-987484790,-1056431669
3418,32026455000,-985898702,-1057490206
3419,32027048000,-984284878,-1058508747
3420,32027641000,-982683940,-1059499080
3421,32028233000,-981086603,-1060495400
3422,32028826000,-979460024,-1061392216
3423,32029419000,-977792866,-1062272947
3424,32030011000,-976162119,-1063148517
3425,32030604000,-974461195,-1063974587
3426,32031197000,-972793223,-1064748427
3427,32031789000,-971094913,-1065515659
3428,32032382000,-969400274,-1066223694
3429,32032974000,-967658351,-1066954643
3430,32033567000,-965910277,-1067596201
3431,32034160000,-964157434,-1068193562
3432,32034752000,-962380124,-1068795935
3433,32035345000,-960604083,-1069358521
3434,32035938000,-958818295,-1069881579
3435,32036530000,-957026513,-1070370011
3436,32037123000,-955209346,-1070852784
3437,32037716000,-953364830,-1071265970
3438,32038308000,-951531817,-1071672379
3439,32038901000,-949669603,-1072018059
3440,32039494000,-947808952,-1072363632
3441,32040086000,-945910858,-1072654827
3442,32040679000,-944014026,-1072917588
3443,32041271000,-942113267,-1073125118
3444,32041864000,-940174762,-1073345503
3445,32042457000,-938252527,-1073452388
3446,32043049000,-936305417,-1073605279
3447,32043642000,-934338278,-1073698462
3448,32044235000,-932379915,-1073757873
3449,32044827000,-930335445,-1073734723
3450,32045420000,-928337110,-1073750871
3451,32046013000,-926343639,-1073722749
3452,32046605000,-924314388,-1073621765
3453,32047198000,-922261364,-1073511195
3454,32047790000,-920232710,-1073386129
3455,32048383000,-918157606,-1073211283
3456,32048976000,-916086973,-1073005924
3457,32049568000,-913995248,-1072780197
3458,32050161000,-911878454,-1072497887
3459,32050754000,-909746375,-1072177864
3460,32051346000,-907644375,-1071812377
3461,32051939000,-905513125,-1071435869
3462,32052532000,-903339713,-1071029574
3463,32053124000,-901155239,-1070600252
3464,32053717000,-898989813,-1070118188
3465,32054310000,-896805417,-1069612491
3466,32054902000,-894598514,-1069056177
3467,32055495000,-892389647,-1068498229
3468,32056087000,-890172335,-1067894357
3469,32056680000,-887916219,-1067229728
3470,32057273000,-885658871,-1066550811
3471,32057865000,-883394749,-1065846918
3472,32058458000,-881120473,-1065096849
3473,32059051000,-878825297,-1064326410
3474,32059643000,-876528240,-1063535388
3475,32060236000,-874224718,-1062692609
3476,32060829000,-871898811,-1061808654
3477,32061421000,-869539042,-1060882547
3478,32062014000,-867194361,-1059970153
3479,32062606000,-864832669,-1058990222
3480,32063199000,-862463985,-1057982299
3481,32063792000,-860065558,-1056921215
3482,32064384000,-857667690,-1055862123
3483,32064977000,-855234745,-1054770665
3484,32065570000,-852840086,-1053597605
3485,32066162000,-850386296,-1052392573
3486,32066755000,-847944726,-1051224110
3487,32067348000,-845514511,-1049988849
3488,32067940000,-843038708,-1048717682
3489,32068533000,-840536705,-1047401399
3490,32069126000,-838039958,-1046063813
3491,32069718000,-835555109,-1044703731
3492,32070311000,-833061272,-1043317551
3493,32070903000,-830502053,-1041858000
3494,32071496000,-827981354,-1040417530
3495,32072089000,-825419125,-1038913104
3496,32072681000,-822859187,-1037379189
3497,32073274000,-820307133,-1035843503
3498,32073867000,-817710894,-1034246094
3499,32074459000,-815092977,-1032604913
3500,32075052000,-812521207,-1030926953
3501,32075645000,-809895006,-1029235618
3502,32076237000,-807274467,-1027535203
3503,32076830000,-804589467,-1025740878
3504,32077422000,-801933157,-1023940889
3505,32078015000,-799323544,-1022160240
3506,32078608000,-796620194,-1020275158
3507,32079200000,-793937659,-1018409246
3508,32079793000,-791254410,-1016525778
3509,32080386000,-788557382,-1014560949
3510,32080978000,-785834999,-1012575235
3511,32081571000,-783092181,-1010533231
3512,32082164000,-780343571,-1008529317
3513,32082756000,-777607167,-1006417041
3514,32083349000,-774838185,-1004337621
3515,32083942000,-772072228,-1002175326
3516,32084534000,-769267142,-1000028153
3517,32085127000,-766477547,-997827045
3518,32085719000,-763667649,-995594514
3519,32086312000,-760855076,-993323921
3520,32086905000,-758031636,-991034004
3521,32087497000,-755213977,-988738698
3522,32088090000,-752342251,-986363456
3523,32088683000,-749486174,-983991901
3524,32089275000,-746612134,-981562560
3525,32089868000,-743751635,-979099535
3526,32090461000,-740865102,-976637598
3527,32091053000,-737996087,-974151583
3528,32091646000,-735057382,-971593399
3529,32092238000,-732135195,-969005756
3530,32092831000,-729191874,-966437976
3531,32093424000,-726273975,-963789318
3532,32094016000,-723306148,-961157345
3533,32094609000,-720373475,-958462387
3534,32095202000,-717405657,-955732405
3535,32095794000,-714430459,-953010330
3536,32096387000,-711426266,-950215247
3537,32096980000,-708402119,-947403947
3538,32097572000,-705409530,-944553589
3539,32098165000,-702400663,-941688314
3540,32098758000,-699383836,-938815383
3541,32099350000,-696325494,-935875531
3542,32099943000,-693290111,-932920369
3543,32100535000,-690240057,-929947442
3544,32101128000,-687173461,-926929967
3545,32101721000,-684075703,-923875731
3546,32102313000,-680983306,-920836875
3547,32102906000,-677911737,-917752268
3548,32103499000,-674804852,-914605090
3549,32104091000,-671723039,-911451116
3550,32104684000,-668598644,-908280521
3551,32105277000,-665431853,-905010563
3552,32105869000,-662320009,-901830763
3553,32106462000,-659166504,-898532113
3554,32107054000,-655966454,-895226575
3555,32107647000,-652796565,-891918942
3556,32108240000,-649624051,-888554447
3557,32108832000,-646442273,-885192767
3558,32109425000,-643276900,-881757041
3559,32110018000,-640041478,-878353337
3560,32110610000,-636837134,-874878464
3561,32111203000,-633630614,-871418219
3562,32111796000,-630395242,-867893189
3563,32112388000,-627151493,-864325982
3564,32112981000,-623886827,-860762039
3565,32113574000,-620659972,-857177862
3566,32114166000,-617364464,-853543406
3567,32114759000,-614111840,-849888887
3568,32115351000,-610805283,-846232043
3569,32115944000,-607548638,-842531369
3570,32116537000,-604254666,-838805826
3571,32117129000,-600889096,-835013793
3572,32117722000,-597605382,-831276893
3573,32118315000,-594265655,-827429016
3574,32118907000,-590967933,-823622021
3575,32119500000,-587600234,-819740844
3576,32120093000,-584232183,-815818256
3577,32120685000,-580883426,-811928229
3578,32121278000,-577520924,-808006274
3579,32121870000,-574164523,-804013347
3580,32122463000,-570762159,-800060347
3581,32123056000,-567422525,-796071520
3582,32123648000,-563993756,-792011058
3583,32124241000,-560556996,-787932038
3584,32124834000,-557167892,-783836497
3585,32125426000,-553733450,-779755018
3586,32126019000,-550317180,-775607724
3587,32126612000,-546869661,-771430010
3588,32127204000,-543467185,-767316763
3589,32127797000,-540023364,-763088278
3590,32128390000,-536524938,-758860595
3591,32128982000,-533088751,-754583553
3592,32129575000,-529612643,-750317266
3593,32130167000,-526133451,-746065100
3594,32130760000,-522609714,-741681935
3595,32131353000,-519178429,-737379856
3596,32131945000,-515653322,-732975725
3597,32132538000,-512120767,-728596595
3598,32133131000,-508622029,-724176436
3599,32133723000,-505104026,-719742212
3600,32134316000,-501564700,-715262082
3601,32134909000,-498030105,-710816332
3602,32135501000,-494479969,-706305903
3603,32136094000,-490900054,-701753989
3604,32136686000,-487371173,-697220180
3605,32137279000,-483794429,-692655757
3606,32137872000,-480221276,-688045331
3607,32138464000,-476652526,-683443821
3608,32139057000,-473049342,-678781619
3609,32139650000,-469469537,-674166410
3610,32140242000,-465864413,-669465761
3611,32140835000,-462269970,-664779736
3612,32141428000,-458614605,-660060004
3613,32142020000,-455026687,-655293879
3614,32142613000,-451431927,-650568605
3615,32143206000,-447797772,-645766816
3616,32143798000,-444148740,-640980546
3617,32144391000,-440476282,-636131725
3618,32144983000,-436870237,-631312143
3619,32145576000,-433228774,-626458533
3620,32146169000,-429553800,-621588304
3621,32146761000,-425882412,-616678709
3622,32147354000,-422225424,-611758016
3623,32147947000,-418538032,-606849913
3624,32148539000,-414841223,-601871326
3625,32149132000,-411157908,-596885565
3626,32149725000,-407456309,-591899871
3627,32150317000,-403777513,-586904185
3628,32150910000,-400054168,-581882846
3629,32151502000,-396356058,-576825819
3630,32152095000,-392657733,-571751197
3631,32152688000,-388908603,-566675126
3632,32153280000,-385181991,-561595719
3633,32153873000,-381449065,-556483740
3634,32154466000,-377712967,-551287429
3635,32155058000,-373956036,-546144267
3636,32155651000,-370209261,-541003704
3637,32156244000,-366480768,-535839615
3638,32156836000,-362707404,-530587217
3639,32157429000,-358935487,-525364478
3640,32158022000,-355192210,-520152864
3641,32158614000,-351430675,-514932372
3642,32159207000,-347618319,-509625472
3643,32159799000,-343824228,-504338927
3644,32160392000,-340049360,-499050636
3645,32160985000,-336259089,-493747420
3646,32161577000,-332486223,-488408907
3647,32162170000,-328658857,-483054363
3648,32162763000,-324855213,-477703798
3649,32163355000,-321009169,-472278716
3650,32163948000,-317221140,-466934017
3651,32164541000,-313404112,-461530942
3652,32165133000,-309560222,-456080855
3653,32165726000,-305757570,-450638701
3654,32166318000,-301903886,-445197566
3655,32166911000,-298071409,-439746392
3656,32167504000,-294224894,-434248786
3657,32168096000,-290381625,-428762042
3658,32168689000,-286560990,-423276411
3659,32169282000,-282676909,-417739918
3660,32169874000,-278836314,-412240141
3661,32170467000,-274949605,-406696036
3662,32171060000,-271089886,-401144985
3663,32171652000,-267242136,-395573272
3664,32172245000,-263364367,-389940608
3665,32172838000,-259486905,-384393262
3666,32173430000,-255584030,-378766971
3667,32174023000,-251737428,-373189234
3668,32174615000,-247837763,-367520432
3669,32175208000,-243942237,-361890875
3670,32175801000,-240034764,-356278536
3671,32176393000,-236132662,-350591480
3672,32176986000,-232234145,-344907035
3673,32177579000,-228362417,-339236874
3674,32178171000,-224434407,-333558529
3675,32178764000,-220519971,-327857894
3676,32179357000,-216600492,-322127673
3677,32179949000,-212701191,-316409485
3678,32180542000,-208785753,-310658690
3679,32181134000,-204862617,-304921827
3680,32181727000,-200959140,-299192745
3681,32182320000,-196981912,-293410307
3682,32182912000,-193068927,-287628591
3683,32183505000,-189143262,-281884576
3684,32184098000,-185201349,-276055148
3685,32184690000,-181247603,-270280650
3686,32185283000,-177314925,-264471611
3687,32185876000,-173409461,-258658138
3688,32186468000,-169457621,-252835613
3689,32187061000,-165484983,-246987633
3690,32187654000,-161501798,-241136366
3691,32188246000,-157579189,-235289812
3692,32188839000,-153643226,-229471572
3693,32189431000,-149681717,-223612180
3694,32190024000,-145701272,-217697229
3695,32190617000,-141744209,-211859824
3696,32191209000,-137778664,-205960792
3697,32191802000,-133819952,-200077558
3698,32192395000,-129858504,-194195527
3699,32192987000,-125861778,-188301681
3700,32193580000,-121926764,-182421226
3701,32194173000,-117946531,-176461570
3702,32194765000,-113976872,-170556927
3703,32195358000,-110014924,-164651981
3704,32195950000,-106022919,-158716509
3705,32196543000,-102058994,-152788768
3706,32197136000,-98104199,-146863221
3707,32197728000,-94098615,-140891029
3708,32198321000,-90091537,-134967146
3709,32198914000,-86084442,-129002463
3710,32199506000,-82119138,-123029847
3711,32200099000,-78161358,-117110153
3712,32200692000,-74177840,-111150088
3713,32201284000,-70167894,-105177417
3714,32201877000,-66198134,-99214377
3715,32202470000,-62198467,-93234138
3716,32203062000,-58231939,-87292848
3717,32203655000,-54220011,-81276729
3718,32204247000,-50243396,-75325234
3719,32204840000,-46221138,-69314158
3720,32205433000,-42211564,-63325897
3721,32206025000,-38244742,-57361755
3722,32206618000,-34251979,-51354636
3723,32207211000,-30252516,-45391144
3724,32207803000,-26238307,-39374912
3725,32208396000,-22255350,-33384892
3726,32208989000,-18261186,-27402647
3727,32209581000,-14252611,-21393947
3728,32210174000,-10290055,-15425088
3729,32210766000,-6293806,-9405025
3730,32211359000,-2280175,-3422561
3731,32211952000,1749305,2604910
3732,32212544000,5709013,8607145
3733,32213137000,9705188,14555630
3734,32213730000,13689199,20548942
3735,32214322000,17710325,26537740
3736,32214915000,21706907,32544169
3737,32215508000,25709940,38569692
3738,32216100000,29694924,44509837
3739,32216693000,33681034,50522107
3740,32217286000,37694731,56516255
3741,32217878000,41660782,62492372
3742,32218471000,45655526,68467228
3743,32219063000,49655169,74429690
3744,32219656000,53649752,80464875
3745,32220249000,57637678,86413994
3746,32220841000,61624480,92366008
3747,32221434000,65653468,98376068
3748,32222027000,69597968,104309781
3749,32222619000,73564741,110298304
3750,32223212000,77585592,116235689
3751,32223805000,81551409,122192030
3752,32224397000,85548297,128162366
3753,32224990000,89502598,134118205
3754,32225582000,93504497,140061606
3755,32226175000,97492323,145992322
3756,32226768000,101440863,151911125
3757,32227360000,105444133,157862318
3758,32227953000,109435985,163783777
3759,32228546000,113423577,169724651
3760,32229138000,117372232,175625106
3761,32229731000,121340389,181559361
3762,32230324000,125329337,187440177
3763,32230916000,129300311,193379947
3764,32231509000,133259388,199240459
3765,32232102000,137249596,205160018
3766,32232694000,141185854,211014721
3767,32233287000,145132867,216870701
3768,32233879000,149098452,222757618
3769,32234472000,153036445,228591544
3770,32235065000,157030429,234478328
3771,32235657000,160960234,240321925
3772,32236250000,164901526,246152597
3773,32236843000,168880026,252009894
3774,32237435000,172817163,257817025
3775,32238028000,176755455,263628662
3776,32238621000,180701285,269423262
3777,32239213000,184651042,275218638
3778,32239806000,188571761,281030740
3779,32240398000,192531847,286813646
3780,32240991000,196430403,292601372
3781,32241584000,200400262,298342643
3782,32242176000,204312930,304104568
3783,32242769000,208199282,309836609
3784,32243362000,212150052,315607865
3785,32243954000,216074713,321298535
3786,32244547000,219979409,327001558
3787,32245140000,223872498,332728874
3788,32245732000,227776230,338418423
3789,32246325000,231658713,344080318
3790,32246918000,235583208,349759720
3791,32247510000,239466357,355437946
3792,32248103000,243375121,361117871
3793,32248695000,247253521,366690831
3794,32249288000,251150511,372349371
3795,32249881000,255053261,377988664
3796,32250473000,258938101,383597900
3797,32251066000,262791543,389176230
3798,32251659000,266696130,394731033
3799,32252251000,270536414,400334303
3800,32252844000,274414365,405893653
3801,32253437000,278278052,411407735
3802,32254029000,282151776,417000001
3803,32254622000,285994980,422478479
3804,32255214000,289806575,427975994
3805,32255807000,293681596,433489523
3806,32256400000,297496519,438951315
3807,32256992000,301358595,444437141
3808,32257585000,305196152,449872598
3809,32258178000,309029711,455324251
3810,32258770000,312832584,460721244
3811,32259363000,316657066,466134995
3812,32259956000,320484124,471533345
3813,32260548000,324288814,476898892
3814,32261141000,328130044,482282069
3815,32261734000,331902743,487612472
3816,32262326000,335700676,492965539
3817,32262919000,339496792,498265625
3818,32263511000,343280338,503579881
3819,32264104000,347087866,508852749
3820,32264697000,350828987,514129536
3821,32265289000,354601467,519388679
3822,32265882000,358386554,524629522
3823,32266475000,362176341,529834095
3824,32267067000,365932306,535051655
3825,32267660000,369665865,540230311
3826,32268253000,373426072,545391729
3827,32268845000,377188222,550579402
3828,32269438000,380933369,555705220
3829,32270030000,384631514,560823269
3830,32270623000,388373231,565964125
3831,32271216000,392087012,571050167
3832,32271808000,395793805,576065223
3833,32272401000,399525026,581144061
3834,32272994000,403245577,586171882
3835,32273586000,406938135,591187099
3836,32274179000,410629697,596171739
3837,32274772000,414327589,601171423
3838,32275364000,418021178,606135359
3839,32275957000,421675221,611047929
3840,32276550000,425344023,615972103
3841,32277142000,429036143,620884267
3842,32277735000,432700496,625774979
3843,32278327000,436344034,630624485
3844,32278920000,439990631,635468296
3845,32279513000,443640270,640314326
3846,32280105000,447293805,645090200
3847,32280698000,450915028,649913016
3848,32281291000,454517015,654619001
3849,32281883000,458135885,659388883
3850,32282476000,461779280,664108271
3851,32283069000,465370418,668798471
3852,32283661000,468969439,673475565
3853,32284254000,472563403,678151988
3854,32284846000,476131195,682789475
3855,32285439000,479717080,687413458
3856,32286032000,483292168,692003383
3857,32286624000,486871777,696550466
3858,32287217000,490411340,701101770
3859,32287810000,493970645,705654447
3860,32288402000,497504038,710172055
3861,32288995000,501059880,714647248
3862,32289588000,504612436,719116793
3863,32290180000,508105039,723538156
3864,32290773000,511615618,727933410
3865,32291366000,515123728,732359864
3866,32291958000,518634469,736692713
3867,32292551000,522148054,741101782
3868,32293143000,525617220,745414255
3869,32293736000,529093935,749715996
3870,32294329000,532593281,754004885
3871,32294921000,536027460,758228785
3872,32295514000,539543941,762502951
3873,32296107000,542963595,766679268
3874,32296699000,546380927,770865849
3875,32297292000,549841194,775045028
3876,32297885000,553277106,779163008
3877,32298477000,556693315,783258033
3878,32299070000,560112682,787394192
3879,32299662000,563511605,791461548
3880,32300255000,566887400,795487296
3881,32300848000,570284133,799487006
3882,32301440000,573676238,803495320
3883,32302033000,577049284,807443522
3884,32302626000,580420875,811381688
3885,32303218000,583761168,815303724
3886,32303811000,587145097,819217030
3887,32304404000,590470379,823055933
3888,32304996000,593804343,826873381
3889,32305589000,597115229,830705505
3890,32306182000,600459034,834475918
3891,32306774000,603752442,838226117
3892,32307367000,607046588,841948577
3893,32307959000,610361212,845712966
3894,32308552000,613614975,849372347
3895,32309145000,616896624,853017528
3896,32309737000,620163174,856625554
3897,32310330000,623439135,860276652
3898,32310923000,626672298,863850007
3899,32311515000,629919475,867374756
3900,32312108000,633172631,870875355
3901,32312701000,636373421,874383131
3902,32313293000,639583549,877865213
3903,32313886000,642808595,881313872
3904,32314478000,645988704,884704069
3905,32315071000,649175323,888072279
3906,32315664000,652360147,891447755
3907,32316256000,655517666,894759486
3908,32316849000,658707201,898078623
3909,32317442000,661830908,901326036
3910,32318034000,664986543,904579324
3911,32318627000,668136227,907791006
3912,32319220000,671238148,910977138
3913,32319812000,674340631,914122485
3914,32320405000,677468735,917299895
3915,32320998000,680543578,920381576
3916,32321590000,683662288,923452979
3917,32322183000,686726569,926474622
3918,32322775000,689801994,929536195
3919,32323368000,692848531,932493931
3920,32323961000,695914097,935486779
3921,32324553000,698918750,938389810
3922,32325146000,701965830,941285366
3923,32325739000,704971756,944153239
3924,32326331000,707989381,946989190
3925,32326924000,710976987,949812564
3926,32327517000,714017137,952621886
3927,32328109000,716958320,955329715
3928,32328702000,719910608,958044460
3929,32329294000,722921495,960775875
3930,32329887000,725861263,963416055
3931,32330480000,728794439,966033560
3932,32331072000,731726544,968646819
3933,32331665000,734633617,971230322
3934,32332258000,737574327,973773974
3935,32332850000,740465539,976299108
3936,32333443000,743319391,978755953
3937,32334036000,746219464,981229165
3938,32334628000,749100502,983629894
3939,32335221000,751980436,986027066
3940,32335814000,754776457,988373606
3941,32336406000,757646956,990695116
3942,32336999000,760463263,992996016
3943,32337591000,763263330,995253296
3944,32338184000,766076650,997483044
3945,32338777000,768870149,999719462
3946,32339369000,771657170,1001856889
3947,32339962000,774420671,1004011410
3948,32340555000,777210309,1006157122
3949,32341147000,779951384,1008215532
3950,32341740000,782687840,1010266437
3951,32342333000,785425264,1012262079
3952,32342925000,788119921,1014275162
3953,32343518000,790844987,1016213773
3954,32344110000,793553097,1018138199
3955,32344703000,796224892,1020016722
3956,32345296000,798912327,1021902715
3957,32345888000,801552881,1023715997
3958,32346481000,804215929,1025521365
3959,32347074000,806855247,1027241390
3960,32347666000,809528867,1028990816
3961,32348259000,812134866,1030701487
3962,32348852000,814723578,1032363279
3963,32349444000,817317164,1033972611
3964,32350037000,819897065,1035567980
3965,32350630000,822487482,1037144513
3966,32351222000,825044851,1038680616
3967,32351815000,827605460,1040183424
3968,32352407000,830138146,1041652783
3969,32353000000,832664317,1043114320
3970,32353593000,835207369,1044485037
3971,32354185000,837688574,1045881696
3972,32354778000,840224967,1047201857
3973,32355371000,842686472,1048545537
3974,32355963000,845137492,1049784831
3975,32356556000,847596075,1051066561
3976,32357149000,850033640,1052224896
3977,32357741000,852536233,1053450738
3978,32358334000,854915539,1054561156
3979,32358926000,857323351,1055680751
3980,32359519000,859733476,1056771880
3981,32360112000,862166908,1057827411
3982,32360704000,864460871,1058814539
3983,32361297000,866832616,1059821592
3984,32361890000,869203579,1060768825
3985,32362482000,871519159,1061650699
3986,32363075000,873894451,1062547326
3987,32363668000,876205065,1063393920
3988,32364260000,878494804,1064181405
3989,32364853000,880780335,1065012464
3990,32365446000,883080508,1065751194
3991,32366038000,885347233,1066464561
3992,32366631000,887597186,1067140737
3993,32367223000,889807543,1067787099
3994,32367816000,892062604,1068398342
3995,32368409000,894313490,1068997222
3996,32369001000,896509215,1069546891
3997,32369594000,898697374,1070076978
3998,32370187000,900862809,1070543621
3999,32370779000,903039906,1070968010
4000,32371372000,905175617,1071395252
4001,32371965000,907347543,1071787450
4002,32372557000,909453320,1072124118
4003,32373150000,911579689,1072439748
4004,32373742000,913685986,1072714950
4005,32374335000,915796691,1072965107
4006,32374928000,917843005,1073178522
4007,32375520000,919886825,1073354002
4008,32376113000,921980003,1073498849
4009,32376706000,924040439,1073646684
4010,32377298000,926051468,1073703781
4011,32377891000,928069032,1073743326
4012,32378484000,930069551,1073758180
4013,32379076000,932056322,1073734031
4014,32379669000,934034204,1073694318
4015,32380262000,936029380,1073624249
4016,32380854000,937948581,1073494946
4017,32381447000,939905857,1073309024
4018,32382039000,941817745,1073162574
4019,32382632000,943748648,1072909496
4020,32383225000,945666688,1072702098
4021,32383817000,947540071,1072401700
4022,32384410000,949413577,1072104180
4023,32385003000,951275835,1071719675
4024,32385595000,953091580,1071309847
4025,32386188000,954963900,1070914334
4026,32386781000,956755151,1070435909
4027,32387373000,958553188,1069946860
4028,32387966000,960371884,1069452978
4029,32388558000,962151371,1068887758
4030,32389151000,963920291,1068285418
4031,32389744000,965655579,1067693894
4032,32390336000,967402040,1067025367
4033,32390929000,969138506,1066376487
4034,32391522000,970848015,1065611994
4035,32392114000,972567093,1064862917
4036,32392707000,974258414,1064088086
4037,32393300000,975906441,1063231474
4038,32393892000,977572313,1062389759
4039,32394485000,979217628,1061502927
4040,32395078000,980861159,1060586157
4041,32395670000,982482025,1059632653
4042,32396263000,984082288,1058667640
4043,32396855000,985699227,1057622644
4044,32397448000,987236165,1056580367
4045,32398041000,988784246,1055475780
4046,32398633000,990362049,1054369403
4047,32399226000,991875510,1053246643
4048,32399819000,993422240,1052068399
4049,32400411000,994934220,1050823133
4050,32401004000,996429151,1049567456
4051,32401597000,997914658,1048305560
4052,32402189000,999380718,1047007801
4053,32402782000,1000855464,1045673838
4054,32403374000,1002288177,1044252883
4055,32403967000,1003717215,1042858311
4056,32404560000,1005112042,1041415224
4057,32405152000,1006518391,1039929944
4058,32405745000,1007893025,1038387923
4059,32406338000,1009244956,1036860605
4060,32406930000,1010619328,1035266085
4061,32407523000,1011989689,1033704279
4062,32408116000,1013310319,1032043028
4063,32408708000,1014622112,1030386590
4064,32409301000,1015922120,1028672763
4065,32409894000,1017197283,1026924705
4066,32410486000,1018455788,1025171581
4067,32411079000,1019711411,1023361269
4068,32411671000,1020986514,1021557664
4069,32412264000,1022223517,1019683651
4070,32412857000,1023428417,1017786466
4071,32413449000,1024607819,1015888822
4072,32414042000,1025786354,1013893075
4073,32414635000,1026979495,1011932636
4074,32415227000,1028168698,1009896485
4075,32415820000,1029302151,1007836538
4076,32416413000,1030431031,1005756930
4077,32417005000,1031527541,1003619086
4078,32417598000,1032665830,1001506879
4079,32418190000,1033736333,999328146
4080,32418783000,1034774402,997072699
4081,32419376000,1035834609,994852768
4082,32419968000,1036954165,992626124
4083,32420561000,1037942331,990296014
4084,32421154000,1038987290,987974177
4085,32421746000,1039987771,985589925
4086,32422339000,1040944163,983227544
4087,32422932000,1041931181,980751659
4088,32423524000,1042903585,978341906
4089,32424117000,1043835787,975836300
4090,32424710000,1044763797,973334882
4091,32425302000,1045676867,970776008
4092,32425895000,1046593105,968204229
4093,32426487000,1047455076,965577341
4094,32427080000,1048314449,962951821
4095,32427673000,1049172130,960271771
4096,32428265000,1050054742,957598303
4097,32428858000,1050847363,954863485
4098,32429451000,1051686468,952107199
4099,32430043000,1052451007,949312053
4100,32430636000,1053263948,946522730
4101,32431229000,1054020308,943657294
4102,32431821000,1054791229,940775588
4103,32432414000,1055515400,937878285
4104,32433006000,1056225763,934922768
4105,32433599000,1056936686,931988905
4106,32434192000,1057662567,929008265
4107,32434784000,1058334175,925992095
4108,32435377000,1059011215,922921426
4109,32435970000,1059647157,919849407
4110,32436562000,1060282737,916723136
4111,32437155000,1060910821,913584096
4112,32437748000,1061514713,910416141
4113,32438340000,1062146578,907235929
4114,32438933000,1062687321,903999145
4115,32439526000,1063246510,900764896
4116,32440118000,1063814629,897487759
4117,32440711000,1064355890,894165340
4118,32441303000,1064850706,890829514
4119,32441896000,1065363238,887487044
4120,32442489000,1065868738,884098904
4121,32443081000,1066354750,880699883
4122,32443674000,1066780177,877210124
4123,32444267000,1067266900,873737118
4124,32444859000,1067675220,870282057
4125,32445452000,1068113636,866713528
4126,32446045000,1068518502,863193702
4127,32446637000,1068897032,859615416
4128,32447230000,1069254105,856000636
4129,32447822000,1069609496,852362417
4130,32448415000,1069986465,848698004
4131,32449008000,1070300399,845015362
4132,32449600000,1070623901,841310139
4133,32450193000,1070905150,837566596
4134,32450786000,1071212465,833804316
4135,32451378000,1071448815,830026690
4136,32451971000,1071693125,826204465
4137,32452564000,1071928545,822344789
4138,32453156000,1072149501,818470191
4139,32453749000,1072383853,814600008
4140,32454342000,1072589999,810680347
4141,32454934000,1072765674,806733495
4142,32455527000,1072917614,802794597
4143,32456119000,1073069212,798779885
4144,32456712000,1073223036,794784627
4145,32457305000,1073352246,790725772
4146,32457897000,1073451240,786664552
4147,32458490000,1073530536,782565307
4148,32459083000,1073601551,778435319
4149,32459675000,1073670839,774291859
4150,32460268000,1073699236,770104219
4151,32460861000,1073723801,765929098
4152,32461453000,1073735713,761736628
4153,32462046000,1073751207,757486035
4154,32462638000,1073729204,753235407
4155,32463231000,1073722810,748933591
4156,32463824000,1073675755,744642155
4157,32464416000,1073629548,740302439
4158,32465009000,1073520360,735919741
4159,32465602000,1073432942,731576210
4160,32466194000,1073325990,727173559
4161,32466787000,1073234910,722740375
4162,32467380000,1073096240,718310410
4163,32467972000,1072930790,713803164
4164,32468565000,1072766194,709323356
4165,32469158000,1072595392,704844549
4166,32469750000,1072421165,700307474
4167,32470343000,1072194214,695749811
4168,32470935000,1071997214,691172117
4169,32471528000,1071744766,686573048
4170,32472121000,1071533256,681938151
4171,32472713000,1071216502,677307109
4172,32473306000,1070974524,672650505
4173,32473899000,1070685154,667955600
4174,32474491000,1070340201,663253686
4175,32475084000,1070023476,658567529
4176,32475677000,1069677109,653779399
4177,32476269000,1069299315,649031999
4178,32476862000,1068948012,644268059
4179,32477454000,1068531675,639412079
4180,32478047000,1068159941,634621775
4181,32478640000,1067750543,629754236
4182,32479232000,1067327415,624876042
4183,32479825000,1066881835,619996185
4184,32480418000,1066411394,615123616
4185,32481010000,1065931903,610182506
4186,32481603000,1065446907,605242817
4187,32482196000,1064958026,600293219
4188,32482788000,1064458801,595315106
4189,32483381000,1063919047,590296587
4190,32483974000,1063352434,585286997
4191,32484566000,1062766387,580220626
4192,32485159000,1062202844,575191644
4193,32485751000,1061631284,570120713
4194,32486344000,1061006738,565018843
4195,32486937000,1060419333,559925025
4196,32487529000,1059785834,554805900
4197,32488122000,1059103638,549676370
4198,32488715000,1058424402,544498108
4199,32489307000,1057766514,539285357
4200,32489900000,1057050105,534140020
4201,32490493000,1056358683,528932765
4202,32491085000,1055613448,523685974
4203,32491678000,1054914388,518445363
4204,32492270000,1054159250,513185212
4205,32492863000,1053385144,507935090
4206,32493456000,1052590491,502631132
4207,32494048000,1051822356,497345644
4208,32494641000,1050994569,492004364
4209,32495234000,1050160349,486682817
4210,32495826000,1049292367,481303295
4211,32496419000,1048468848,475964739
4212,32497012000,1047580385,470552560
4213,32497604000,1046715771,465141569
4214,32498197000,1045846656,459760285
4215,32498790000,1044930454,454335166
4216,32499382000,1043984129,448911314
4217,32499975000,1043035400,443433142
4218,32500567000,1042065438,437962297
4219,32501160000,1041091232,432511980
4220,32501753000,1040121026,426998366
4221,32502345000,1039124359,421497866
4222,32502938000,1038129160,415976908
4223,32503531000,1037077247,410443442
4224,32504123000,1036038164,404936070
4225,32504716000,1034965659,399327004
4226,32505309000,1033888132,393747706
4227,32505901000,1032831937,388180712
4228,32506494000,1031716707,382594671
4229,32507086000,1030611316,376993682
4230,32507679000,1029482415,371343615
4231,32508272000,1028328287,365753007
4232,32508864000,1027179879,360070484
4233,32509457000,1025980169,354424872
4234,32510050000,1024812613,348771218
4235,32510642000,1023619586,343079418
4236,32511235000,1022393790,337398858
4237,32511828000,1021193176,331704071
4238,32512420000,1019957618,325991716
4239,32513013000,1018674939,320315759
4240,32513606000,1017412614,314561258
4241,32514198000,1016126046,308815486
4242,32514791000,1014844364,303092151
4243,32515383000,1013518292,297313519
4244,32515976000,1012182041,291558267
4245,32516569000,1010835842,285781681
4246,32517161000,1009501733,279997544
4247,32517754000,1008100060,274210777
4248,32518347000,1006746375,268404316
4249,32518939000,1005348951,262599492
4250,32519532000,1003909261,256774876
4251,32520125000,1002498569,250943280
4252,32520717000,1001047555,245128513
4253,32521310000,999617239,239300761
4254,32521902000,998159672,233452169
4255,32522495000,996675062,227579758
4256,32523088000,995169807,221690618
4257,32523680000,993647482,215866516
4258,32524273000,992146011,209988284
4259,32524866000,990616553,204125156
4260,32525458000,989062386,198221035
4261,32526051000,987506971,192290731
4262,32526644000,985935612,186425873
4263,32527236000,984337398,180513958
4264,32527829000,982729230,174567719
4265,32528422000,981126470,168681164
4266,32529014000,979496965,162725299
4267,32529607000,977835339,156801645
4268,32530199000,976165202,150885009
4269,32530792000,974534167,144940748
4270,32531385000,972831795,138990918
4271,32531977000,971116216,133050892
4272,32532570000,969382351,127113099
4273,32533163000,967695122,121153351
4274,32533755000,965950949,115189704
4275,32534348000,964179820,109201877
4276,32534941000,962466094,103266443
4277,32535533000,960650301,97307793
4278,32536126000,958874884,91274435
4279,32536718000,957061926,85355212
4280,32537311000,955260991,79360325
4281,32537904000,953385808,73371477
4282,32538496000,951544890,67429699
4283,32539089000,949699984,61402819
4284,32539682000,947839523,55408151
4285,32540274000,945972571,49462292
4286,32540867000,944034678,43429090
4287,32541460000,942142991,37472054
4288,32542052000,940196557,31507595
4289,32542645000,938283761,25487573
4290,32543238000,936322808,19480366
4291,32543830000,934353743,13468811
4292,32544423000,932379086,7480409
4293,32545015000,930383952,1513873
4294,32545608000,928399649,-4493659
4295,32546201000,926358757,-10479369
4296,32546793000,924367993,-16466120
4297,32547386000,922336388,-22463810
4298,32547979000,920249369,-28471018
4299,32548571000,918198247,-34462997
4300,32549164000,916117719,-40462640
4301,32549757000,914038449,-46459973
4302,32550349000,911921789,-52444801
4303,32550942000,909797029,-58443492
4304,32551534000,907672377,-64438925
4305,32552127000,905515199,-70415734
4306,32552720000,903370515,-76377482
4307,32553312000,901222260,-82335301
4308,32553905000,899052670,-88344788
4309,32554498000,896836325,-94323858
4310,32555090000,894669292,-100287986
4311,32555683000,892415632,-106251149
4312,32556276000,890198637,-112209459
4313,32556868000,887933533,-118169939
4314,32557461000,885714022,-124142186
4315,32558054000,883452417,-130078419
4316,32558646000,881148973,-136031185
4317,32559239000,878883175,-141949962
4318,32559831000,876587206,-147916963
4319,32560424000,874276253,-153850815
4320,32561017000,871935521,-159752260
4321,32561609000,869577698,-165707908
4322,32562202000,867250620,-171628384
4323,32562795000,864897988,-177535316
4324,32563387000,862484462,-183453189
4325,32563980000,860147393,-189337732
4326,32564573000,857720686,-195251944
4327,32565165000,855287190,-201145862
4328,32565758000,852891666,-207008091
4329,32566350000,850417531,-212920837
4330,32566943000,847984952,-218770170
4331,32567536000,845526111,-224633528
4332,32568128000,843063470,-230477217
4333,32568721000,840591553,-236344765
4334,32569314000,838090958,-242217296
4335,32569906000,835589446,-248062554
4336,32570499000,833085893,-253864832
4337,32571092000,830533760,-259693677
4338,32571684000,828005116,-265493114
4339,32572277000,825451104,-271330513
4340,32572870000,822916840,-277121351
4341,32573462000,820331626,-282875674
4342,32574055000,817739761,-288682470
4343,32574647000,815126823,-294459336
4344,32575240000,812545391,-300217900
4345,32575833000,809910022,-305934431
4346,32576425000,807295879,-311692899
4347,32577018000,804639348,-317455985
4348,32577611000,802002474,-323159979
4349,32578203000,799370478,-328854655
4350,32578796000,796660524,-334522465
4351,32579389000,793949653,-340258974
4352,32579981000,791273262,-345920014
4353,32580574000,788578051,-351593906
4354,32581166000,785857746,-357278731
4355,32581759000,783105522,-362920079
4356,32582352000,780397710,-368548756
4357,32582944000,777674927,-374182765
4358,32583537000,774880840,-379804467
4359,32584130000,772086610,-385378198
4360,32584722000,769314183,-390965688
4361,32585315000,766535699,-396558928
4362,32585908000,763721576,-402116330
4363,32586500000,760889431,-407668371
4364,32587093000,758088482,-413190799
4365,32587686000,755236556,-418737858
4366,32588278000,752382618,-424250728
4367,32588871000,749574832,-429756459
4368,32589463000,746688903,-435241553
4369,32590056000,743815869,-440721521
4370,32590649000,740928726,-446175089
4371,32591241000,738040476,-451630324
4372,32591834000,735083511,-457047612
4373,32592427000,732191724,-462456560
4374,32593019000,729277041,-467860396
4375,32593612000,726315825,-473257435
4376,32594205000,723386033,-478638865
4377,32594797000,720415389,-483988413
4378,32595390000,717465742,-489351398
4379,32595982000,714456428,-494690996
4380,32596575000,711480327,-500000837
4381,32597168000,708483012,-505280142
4382,32597760000,705463136,-510574856
4383,32598353000,702442491,-515843067
4384,32598946000,699435154,-521037501
4385,32599538000,696417039,-526297211
4386,32600131000,693344038,-531539858
4387,32600724000,690316431,-536726475
4388,32601316000,687201495,-541942415
4389,32601909000,684131015,-547075269
4390,32602502000,681089460,-552229126
4391,32603094000,677960041,-557372488
4392,32603687000,674876230,-562473653
4393,32604279000,671745280,-567541307
4394,32604872000,668645234,-572649924
4395,32605465000,665520020,-577728192
4396,32606057000,662348760,-582775506
4397,32606650000,659199553,-587777036
4398,32607243000,656018252,-592821754
4399,32607835000,652867163,-597787306
4400,32608428000,649662439,-602749497
4401,32609021000,646507002,-607738553
4402,32609613000,643321338,-612627531
4403,32610206000,640090163,-617581289
4404,32610798000,636885359,-622473663
4405,32611391000,633693398,-627309824
4406,32611984000,630445385,-632179075
4407,32612576000,627200020,-637007660
4408,32613169000,623946601,-641840921
4409,32613762000,620710597,-646640364
4410,32614354000,617412492,-651392362
4411,32614947000,614175793,-656169600
4412,32615540000,610879425,-660897570
4413,32616132000,607616896,-665599633
4414,32616725000,604301780,-670318467
4415,32617318000,600980710,-674970092
4416,32617910000,597665798,-679644423
4417,32618503000,594346220,-684270832
4418,32619095000,591003243,-688877454
4419,32619688000,587673660,-693447352
4420,32620281000,584293386,-698042414
4421,32620873000,580937552,-702605420
4422,32621466000,577587525,-707082236
4423,32622059000,574249031,-711615840
4424,32622651000,570857157,-716059172
4425,32623244000,567447613,-720520444
4426,32623837000,564031338,-724951294
4427,32624429000,560630906,-729401535
4428,32625022000,557228660,-733785791
4429,32625614000,553852435,-738120363
4430,32626207000,550400484,-742464016
4431,32626800000,546951181,-746803038
4432,32627392000,543525481,-751074302
4433,32627985000,540071218,-755363756
4434,32628578000,536577964,-759620182
4435,32629170000,533107928,-763840363
4436,32629763000,529650958,-768034508
4437,32630356000,526176713,-772219749
4438,32630948000,522714716,-776325790
4439,32631541000,519177311,-780506151
4440,32632134000,515685018,-784552252
4441,32632726000,512187782,-788662982
4442,32633319000,508662719,-792743045
4443,32633911000,505159314,-796763317
4444,32634504000,501591409,-800790558
4445,32635097000,498085843,-804765465
4446,32635689000,494516444,-808716691
4447,32636282000,490962014,-812655529
4448,32636875000,487418969,-816540756
4449,32637467000,483897570,-820424526
4450,32638060000,480325409,-824272418
4451,32638653000,476685203,-828121425
4452,32639245000,473123713,-831940411
4453,32639838000,469529498,-835704943
4454,32640430000,465937332,-839452793
4455,32641023000,462325705,-843171314
4456,32641616000,458718605,-846921322
4457,32642208000,455104277,-850549216
4458,32642801000,451466206,-854191993
4459,32643394000,447851676,-857823386
4460,32643986000,444225661,-861413587
4461,32644579000,440581269,-864969530
4462,32645172000,436905896,-868537726
4463,32645764000,433287233,-872038604
4464,32646357000,429600038,-875510818
4465,32646950000,425951089,-878973201
4466,32647542000,422281145,-882398708
4467,32648135000,418571474,-885813362
4468,32648727000,414925857,-889172105
4469,32649320000,411262311,-892505286
4470,32649913000,407514396,-895820729
4471,32650505000,403834740,-899138078
4472,32651098000,400142559,-902390486
4473,32651691000,396428860,-905629152
4474,32652283000,392651346,-908842216
4475,32652876000,389000215,-912006988
4476,32653469000,385268964,-915170056
4477,32654061000,381495698,-918304188
4478,32654654000,377772571,-921369042
4479,32655246000,374063968,-924404166
4480,32655839000,370300683,-927477262
4481,32656432000,366533528,-930495436
4482,32657024000,362759386,-933448925
4483,32657617000,358990779,-936411404
4484,32658210000,355236892,-939327255
4485,32658802000,351456713,-942185550
4486,32659395000,347665678,-945054303
4487,32659988000,343903528,-947921427
4488,32660580000,340104850,-950723701
4489,32661173000,336338706,-953490646
4490,32661766000,332506841,-956241904
4491,32662358000,328720129,-958937775
4492,32662951000,324911260,-961648631
4493,32663543000,321075218,-964270089
4494,32664136000,317303087,-966891910
4495,32664729000,313463357,-969498974
4496,32665321000,309631297,-972032377
4497,32665914000,305813876,-974565971
4498,32666507000,301966301,-977047095
4499,32667099000,298145582,-979571141
4500,32667692000,294309390,-981996804
4501,32668285000,290443289,-984400621
4502,32668877000,286597906,-986798330
4503,32669470000,282756794,-989121042
4504,32670062000,278894611,-991440153
4505,32670655000,275017851,-993720575
4506,32671248000,271141345,-995992775
4507,32671840000,267291578,-998249032
4508,32672433000,263398221,-1000412372
4509,32673026000,259536979,-1002562247
4510,32673618000,255687089,-1004725020
4511,32674211000,251775085,-1006815056
4512,32674804000,247887185,-1008879027
4513,32675396000,243987814,-1010901570
4514,32675989000,240114141,-1012900461
4515,32676582000,236194943,-1014898396
4516,32677174000,232295148,-1016846336
4517,32677767000,228392219,-1018756364
4518,32678359000,224482931,-1020578959
4519,32678952000,220560898,-1022461203
4520,32679545000,216695258,-1024270310
4521,32680137000,212776130,-1026068492
4522,32680730000,208843144,-1027807388
4523,32681323000,204919625,-1029554099
4524,32681915000,201004666,-1031228399
4525,32682508000,197061809,-1032875644
4526,32683101000,193158096,-1034481964
4527,32683693000,189226463,-1036105830
4528,32684286000,185276503,-1037623010
4529,32684878000,181345659,-1039158188
4530,32685471000,177397365,-1040678374
4531,32686064000,173480797,-1042138307
4532,32686656000,169507692,-1043565874
4533,32687249000,165554771,-1044928342
4534,32687842000,161604435,-1046312970
4535,32688434000,157627402,-1047635416
4536,32689027000,153680318,-1048960450
4537,32689620000,149761782,-1050167437
4538,32690212000,145804282,-1051448986
4539,32690805000,141835704,-1052632059
4540,32691398000,137856597,-1053820001
4541,32691990000,133872313,-1054960935
4542,32692583000,129928058,-1056050713
4543,32693175000,125990971,-1057137985
4544,32693768000,121986435,-1058141044
4545,32694361000,118034257,-1059175264
4546,32694953000,114030083,-1060079654
4547,32695546000,110084032,-1061051821
4548,32696139000,106132510,-1061988055
4549,32696731000,102121492,-1062824026
4550,32697324000,98132280,-1063654677
4551,32697917000,94133724,-1064476544
4552,32698509000,90173582,-1065218857
4553,32699102000,86201145,-1065967442
4554,32699694000,82196235,-1066689587
4555,32700287000,78209466,-1067384349
4556,32700880000,74228892,-1067996914
4557,32701472000,70250738,-1068590660
4558,32702065000,66276674,-1069165013
4559,32702658000,62301555,-1069692872
4560,32703250000,58292298,-1070225373
4561,32703843000,54270021,-1070671890
4562,32704436000,50305550,-1071128551
4563,32705028000,46304120,-1071540116
4564,32705621000,42308302,-1071901523
4565,32706214000,38296048,-1072218413
4566,32706806000,34322783,-1072515758
4567,32707399000,30361240,-1072822890
4568,32707991000,26333660,-1073057598
4569,32708584000,22343218,-1073261868
4570,32709177000,18310748,-1073417929
4571,32709769000,14346890,-1073553796
4572,32710362000,10356212,-1073624408
4573,32710955000,6342808,-1073724136
4574,32711547000,2352808,-1073774012
4575,32712140000,-1644644,-1073735359
4576,32712733000,-5635019,-1073750408
4577,32713325000,-9656183,-1073681377
4578,32713918000,-13632532,-1073544308
4579,32714510000,-17635512,-1073450776
4580,32715103000,-21630624,-1073298046
4581,32715696000,-25633650,-1073060905
4582,32716288000,-29595851,-1072865330
4583,32716881000,-33599932,-1072595923
4584,32717474000,-37622761,-1072252646
4585,32718066000,-41595209,-1071941065
4586,32718659000,-45586179,-1071592180
4587,32719252000,-49601655,-1071190947
4588,32719844000,-53578470,-1070764539
4589,32720437000,-57588707,-1070294826
4590,32721030000,-61593650,-1069799563
4591,32721622000,-65543286,-1069236255
4592,32722215000,-69529914,-1068704718
4593,32722807000,-73533235,-1068085912
4594,32723400000,-77513372,-1067474785
4595,32723993000,-81502054,-1066814743
4596,32724585000,-85456939,-1066122984
4597,32725178000,-89478092,-1065371595
4598,32725771000,-93440899,-1064592080
4599,32726363000,-97450975,-1063806946
4600,32726956000,-101426734,-1063002118
4601,32727549000,-105365331,-1062124841
4602,32728141000,-109333057,-1061208727
4603,32728734000,-113335854,-1060284357
4604,32729326000,-117328957,-1059309425
4605,32729919000,-121287015,-1058345816
4606,32730512000,-125258444,-1057311725
4607,32731104000,-129213755,-1056254620
4608,32731697000,-133199495,-1055135241
4609,32732290000,-137164097,-1053999848
4610,32732882000,-141123176,-1052862291
4611,32733475000,-145083229,-1051660997
4612,32734068000,-149045382,-1050429360
4613,32734660000,-153000423,-1049177745
4614,32735253000,-156951040,-1047888637
4615,32735846000,-160901873,-1046551763
4616,32736438000,-164872575,-1045204556
4617,32737031000,-168811636,-1043791547
4618,32737623000,-172778433,-1042395339
4619,32738216000,-176704414,-1040898007
4620,32738809000,-180650507,-1039449663
4621,32739401000,-184571846,-1037905703
4622,32739994000,-188506515,-1036363518
4623,32740587000,-192434782,-1034790998
4624,32741179000,-196362368,-1033188132
4625,32741772000,-200302236,-1031530527
4626,32742365000,-204231364,-1029847368
4627,32742957000,-208181710,-1028100808
4628,32743550000,-212038132,-1026391549
4629,32744142000,-215959302,-1024604538
4630,32744735000,-219898493,-1022814137
4631,32745328000,-223784083,-1020962553
4632,32745920000,-227709921,-1019060331
4633,32746513000,-231597674,-1017151374
4634,32747106000,-235514253,-1015222966
4635,32747698000,-239434146,-1013257664
4636,32748291000,-243298567,-1011252898
4637,32748884000,-247210039,-1009251470
4638,32749476000,-251104909,-1007176584
4639,32750069000,-254978378,-1005079132
4640,32750662000,-258846509,-1002938869
4641,32751254000,-262746742,-1000794000
4642,32751847000,-266600226,-998635780
4643,32752439000,-270461710,-996410550
4644,32753032000,-274314436,-994124216
4645,32753625000,-278228376,-991879968
4646,32754217000,-282072688,-989521192
4647,32754810000,-285893043,-987232316
4648,32755403000,-289775341,-984825393
4649,32755995000,-293618088,-982436969
4650,32756588000,-297442596,-979982032
4651,32757181000,-301291923,-977504654
4652,32757773000,-305120515,-975016194
4653,32758366000,-308978111,-972496819
4654,32758958000,-312785062,-969916902
4655,32759551000,-316595500,-967365658
4656,32760144000,-320425000,-964735359
4657,32760736000,-324254946,-962107525
4658,32761329000,-328054796,-959406704
4659,32761922000,-331856363,-956719387
4660,32762514000,-335633070,-953979110
4661,32763107000,-339466289,-951204920
4662,32763700000,-343261850,-948400063
4663,32764292000,-346993211,-945575902
4664,32764885000,-350786870,-942735793
4665,32765478000,-354582031,-939845250
4666,32766070000,-358337462,-936952489
4667,32766663000,-362076992,-933988736
4668,32767255000,-365865823,-931007135
4669,32767848000,-369618867,-928030321
4670,32768441000,-373349706,-924998327
4671,32769033000,-377109082,-921896322
4672,32769626000,-380822184,-918837998
4673,32770219000,-384586287,-915728248
4674,32770811000,-388278054,-912581212
4675,32771404000,-392034580,-909406456
4676,32771997000,-395764888,-906204271
4677,32772589000,-399459765,-902975260
4678,32773182000,-403175571,-899739794
4679,32773774000,-406842438,-896427819
4680,32774367000,-410556078,-893121632
4681,32774960000,-414250301,-889764376
4682,32775552000,-417946571,-886387734
4683,32776145000,-421641566,-883020974
4684,32776738000,-425277520,-879595564
4685,32777330000,-428956985,-876135842
4686,32777923000,-432612243,-872626643
4687,32778516000,-436292746,-869125222
4688,32779108000,-439932578,-865608883
4689,32779701000,-443563867,-862038161
4690,32780294000,-447208540,-858445298
4691,32780886000,-450809987,-854853881
4692,32781479000,-454488762,-851193405
4693,32782071000,-458079260,-847519638
4694,32782664000,-461693722,-843822722
4695,32783257000,-465306073,-840126297
4696,32783849000,-468894463,-836379770
4697,32784442000,-472490918,-832577914
4698,32785035000,-476053529,-828805276
4699,32785627000,-479654138,-824938277
4700,32786220000,-483211237,-821153169
4701,32786813000,-486782210,-817267748
4702,32787405000,-490335866,-813341421
4703,32787998000,-493903776,-809426461
4704,32788590000,-497469738,-805463904
4705,32789183000,-500987748,-801459795
4706,32789776000,-504513772,-797472433
4707,32790368000,-508069479,-793455310
4708,32790961000,-511569133,-789423085
4709,32791554000,-515044463,-785345752
4710,32792146000,-518564630,-781211365
4711,32792739000,-522039169,-777096612
4712,32793332000,-525529447,-772929311
4713,32793924000,-529033378,-768787069
4714,32794517000,-532526860,-764607493
4715,32795110000,-535977879,-760325969
4716,32795702000,-539426184,-756157391
4717,32796295000,-542899877,-751848997
4718,32796887000,-546325996,-747564899
4719,32797480000,-549776551,-743259792
4720,32798073000,-553182706,-738907156
4721,32798665000,-556639175,-734569330
4722,32799258000,-560023277,-730162564
4723,32799851000,-563420081,-725755411
4724,32800443000,-566859316,-721312614
4725,32801036000,-570218135,-716863966
4726,32801629000,-573624285,-712394915
4727,32802221000,-576995704,-707875767
4728,32802814000,-580363131,-703377021
4729,32803406000,-583718346,-698823112
4730,32803999000,-587069144,-694278085
4731,32804592000,-590414317,-689663132
4732,32805184000,-593760774,-685074313
4733,32805777000,-597062792,-680459044
4734,32806370000,-600367707,-675812631
4735,32806962000,-603716859,-671145773
4736,32807555000,-606992114,-666444942
4737,32808148000,-610297509,-661730340
4738,32808740000,-613568016,-657001816
4739,32809333000,-616864791,-652256637
4740,32809926000,-620091120,-647478050
4741,32810518000,-623359247,-642709178
4742,32811111000,-626654232,-637885558
4743,32811703000,-629892731,-633022792
4744,32812296000,-633101396,-628172961
4745,32812889000,-636329487,-623336243
4746,32813481000,-639572403,-618451784
4747,32814074000,-642762815,-613553702
4748,32814667000,-645942326,-608591223
4749,32815259000,-649115592,-603656035
4750,32815852000,-652311691,-598672407
4751,32816445000,-655497932,-593674676
4752,32817037000,-658652969,-588677299
4753,32817630000,-661796768,-583648901
4754,32818222000,-664905422,-578661316
4755,32818815000,-668055402,-573572559
4756,32819408000,-671208066,-568481131
4757,32820000000,-674318787,-563377543
4758,32820593000,-677422473,-558299469
4759,32821186000,-680524042,-553133934
4760,32821778000,-683592070,-548004941
4761,32822371000,-686656925,-542861811
4762,32822964000,-689762536,-537646328
4763,32823556000,-692800580,-532451342
4764,32824149000,-695863817,-527213467
4765,32824742000,-698904946,-521977437
4766,32825334000,-701917512,-516771062
4767,32825927000,-704941365,-511480211
4768,32826519000,-707936960,-506236815
4769,32827112000,-710949235,-500918172
4770,32827705000,-713966767,-495587912
4771,32828297000,-716912216,-490286442
4772,32828890000,-719873786,-484937446
4773,32829483000,-722871487,-479564534
4774,32830075000,-725772707,-474233958
4775,32830668000,-728733102,-468846747
4776,32831261000,-731675560,-463454302
4777,32831853000,-734590267,-458010360
4778,32832446000,-737488087,-452582299
4779,32833038000,-740382047,-447174675
4780,32833631000,-743301225,-441699180
4781,32834224000,-746170512,-436234271
4782,32834816000,-749008531,-430758639
4783,32835409000,-751898687,-425256793
4784,32836002000,-754724353,-419724343
4785,32836594000,-757567479,-414198210
4786,32837187000,-760389026,-408659734
4787,32837780000,-763247993,-403098226
4788,32838372000,-766042360,-397545476
4789,32838965000,-768814031,-391978753
4790,32839558000,-771631446,-386370372
4791,32840150000,-774389091,-380800339
4792,32840743000,-777148835,-375167410
4793,32841335000,-779890188,-369557972
4794,32841928000,-782658615,-363891748
4795,32842521000,-785377480,-358267762
4796,32843113000,-788105899,-352589030
4797,32843706000,-790789155,-346954090
4798,32844299000,-793504575,-341276177
4799,32844891000,-796193475,-335538242
4800,32845484000,-798859657,-329878210
4801,32846077000,-801531227,-324157824
4802,32846669000,-804179715,-318465999
4803,32847262000,-806817559,-312710784
4804,32847854000,-809444615,-306974380
4805,32848447000,-812061691,-301208785
4806,32849040000,-814691898,-295459406
4807,32849632000,-817285597,-289690778
4808,32850225000,-819851499,-283901477
4809,32850818000,-822465295,-278127617
4810,32851410000,-825028413,-272355563
4811,32852003000,-827590360,-266522414
4812,32852596000,-830113176,-260709829
4813,32853188000,-832619434,-254897159
4814,32853781000,-835166553,-249062488
4815,32854374000,-837700702,-243240660
4816,32854966000,-840130952,-237419760
4817,32855559000,-842644847,-231535484
4818,32856151000,-845110171,-225716837
4819,32856744000,-847574596,-219854978
4820,32857337000,-849999508,-213954578
4821,32857929000,-852463996,-208070890
4822,32858522000,-854876144,-202175798
4823,32859115000,-857276001,-196350973
4824,32859707000,-859671884,-190417545
4825,32860300000,-862058500,-184504913
4826,32860893000,-864453086,-178622338
4827,32861485000,-866820445,-172702634
4828,32862078000,-869187670,-166735702
4829,32862670000,-871514963,-160831128
4830,32863263000,-873839239,-154907067
4831,32863856000,-876177745,-149003283
4832,32864448000,-878419416,-143045949
4833,32865041000,-880757358,-137087635
4834,32865634000,-883036555,-131174643
4835,32866226000,-885297734,-125196117
4836,32866819000,-887567877,-119221739
4837,32867412000,-889772658,-113265294
4838,32868004000,-892027858,-107305404
4839,32868597000,-894231132,-101333226
4840,32869190000,-896476466,-95352866
4841,32869782000,-898649487,-89406970
4842,32870375000,-900826678,-83409867
4843,32870967000,-903001379,-77443147
4844,32871560000,-905149462,-71464568
4845,32872153000,-907299247,-65467217
4846,32872745000,-909406443,-59504006
4847,32873338000,-911543265,-53503171
4848,32873931000,-913661951,-47511904
4849,32874523000,-915756990,-41524086
4850,32875116000,-917826707,-35514469
4851,32875709000,-919886975,-29546345
4852,32876301000,-921973945,-23535132
4853,32876894000,-923997063,-17591870
4854,32877486000,-926019648,-11552264
4855,32878079000,-928023318,-5586970
4856,32878672000,-930025872,422302
4857,32879264000,-932065050,6439380
4858,32879857000,-934003440,12422234
4859,32880450000,-935974495,18409577
4860,32881042000,-937938922,24412390
4861,32881635000,-939898793,30397266
4862,32882228000,-941763035,36384094
4863,32882820000,-943709157,42399856
4864,32883413000,-945607147,48396079
4865,32884006000,-947472429,54341415
4866,32884598000,-949379773,60350457
4867,32885191000,-951240757,66327432
4868,32885783000,-953065824,72309511
4869,32886376000,-954891199,78275734
4870,32886969000,-956751662,84271738
4871,32887561000,-958535468,90259801
4872,32888154000,-960343022,96227939
4873,32888747000,-962098634,102180411
4874,32889339000,-963893302,108153023
4875,32889932000,-965672029,114147768
4876,32890525000,-967380139,120093784
4877,32891117000,-969106020,126070882
4878,32891710000,-970789922,131997353
4879,32892302000,-972516800,137916553
4880,32892895000,-974203078,143904933
4881,32893488000,-975890000,149812649
4882,32894080000,-977537892,155775261
4883,32894673000,-979199164,161709054
4884,32895266000,-980819238,167619245
4885,32895858000,-982443358,173511511
4886,32896451000,-984025302,179413103
4887,32897044000,-985629799,185361750
4888,32897636000,-987253203,191273874
4889,32898229000,-988791321,197149201
4890,32898822000,-990314741,203044564
4891,32899414000,-991871903,208935547
4892,32900007000,-993386159,214776214
4893,32900599000,-994893597,220671176
4894,32901192000,-996389894,226509686
4895,32901785000,-997910795,232407115
4896,32902377000,-999353037,238239985
4897,32902970000,-1000836669,244087771
4898,32903563000,-1002248245,249920426
4899,32904155000,-1003717905,255732958
4900,32904748000,-1005130432,261587792
4901,32905341000,-1006508694,267382861
4902,32905933000,-1007877825,273156697
4903,32906526000,-1009264009,278973197
4904,32907118000,-1010601142,284734278
4905,32907711000,-1011970720,290530744
4906,32908304000,-1013259371,296309369
4907,32908896000,-1014586535,302052096
4908,32909489000,-1015908170,307790874
4909,32910082000,-1017165984,313522699
4910,32910674000,-1018468484,319248682
4911,32911267000,-1019702530,324965488
4912,32911860000,-1020944522,330730215
4913,32912452000,-1022192489,336418382
4914,32913045000,-1023386621,342068540
4915,32913638000,-1024619752,347786135
4916,32914230000,-1025811461,353446204
4917,32914823000,-1026965745,359088489
4918,32915415000,-1028116675,364733317
4919,32916008000,-1029282991,370359930
4920,32916601000,-1030401492,375997143
4921,32917193000,-1031512549,381572024
4922,32917786000,-1032630972,387208654
4923,32918379000,-1033716707,392779513
4924,32918971000,-1034763142,398343386
4925,32919564000,-1035819861,403892214
4926,32920157000,-1036907752,409493282
4927,32920749000,-1037893122,415007004
4928,32921342000,-1038953839,420512640
4929,32921934000,-1039939991,426008956
4930,32922527000,-1040938891,431533620
4931,32923120000,-1041920209,437027657
4932,32923712000,-1042862496,442474551
4933,32924305000,-1043799087,447919890
4934,32924898000,-1044746262,453377039
4935,32925490000,-1045678108,458812922
4936,32926083000,-1046559094,464217659
4937,32926676000,-1047454922,469625646
4938,32927268000,-1048321952,474990599
4939,32927861000,-1049179461,480392314
4940,32928454000,-1050013411,485718602
4941,32929046000,-1050856339,491061331
4942,32929639000,-1051673055,496395123
4943,32930231000,-1052456265,501659605
4944,32930824000,-1053249479,507000730
4945,32931417000,-1053999309,512250331
4946,32932009000,-1054748016,517515647
4947,32932602000,-1055518061,522786561
4948,32933195000,-1056235652,527987585
4949,32933787000,-1056976994,533224684
4950,32934380000,-1057661455,538403309
4951,32934973000,-1058330435,543609203
4952,32935565000,-1058979701,548721034
4953,32936158000,-1059613440,553872191
4954,32936750000,-1060285199,559013531
4955,32937343000,-1060896453,564105396
4956,32937936000,-1061528461,569212746
4957,32938528000,-1062091516,574272182
4958,32939121000,-1062707364,579359324
4959,32939714000,-1063267487,584415133
4960,32940306000,-1063796773,589404942
4961,32940899000,-1064319483,594382546
4962,32941492000,-1064882689,599420127
4963,32942084000,-1065373617,604344807
4964,32942677000,-1065864355,609310025
4965,32943270000,-1066347292,614236944
4966,32943862000,-1066777962,619142110
4967,32944455000,-1067251898,624026293
4968,32945047000,-1067694034,628903442
4969,32945640000,-1068083934,633746949
4970,32946233000,-1068516262,638613856
4971,32946825000,-1068892399,643395239
4972,32947418000,-1069249958,648153673
4973,32948011000,-1069610591,652938335
4974,32948603000,-1069958370,657680911
4975,32949196000,-1070295382,662434374
4976,32949789000,-1070609830,667106782
4977,32950381000,-1070904562,671801470
4978,32950974000,-1071168637,676491964
4979,32951566000,-1071448284,681109560
4980,32952159000,-1071705144,685723898
4981,32952752000,-1071932327,690339182
4982,32953344000,-1072191259,694920802
4983,32953937000,-1072369417,699493603
4984,32954530000,-1072570875,704015163
4985,32955122000,-1072736172,708544740
4986,32955715000,-1072930198,713047244
4987,32956308000,-1073069040,717496125
4988,32956900000,-1073219266,721974062
4989,32957493000,-1073328144,726395692
4990,32958086000,-1073431298,730781455
4991,32958678000,-1073520482,735188413
4992,32959271000,-1073610668,739543611
4993,32959863000,-1073678150,743868955
4994,32960456000,-1073702517,748195660
4995,32961049000,-1073715857,752469062
4996,32961641000,-1073755522,756727771
4997,32962234000,-1073741962,760953314
4998,32962827000,-1073720693,765177842
4999,32963419000,-1073701887,769374197
5000,32964012000,-1073684197,773567995
5001,32964605000,-1073632841,777709391
5002,32965197000,-1073529713,781832659
5003,32965790000,-1073469892,785929609
5004,32966382000,-1073341186,789996425
5005,32966975000,-1073241238,794047528
5006,32967568000,-1073104191,798068984
5007,32968160000,-1072935392,802040950
5008,32968753000,-1072774433,806038612
5009,32969346000,-1072616915,809977600
5010,32969938000,-1072442052,813899122
5011,32970531000,-1072199297,817785189
5012,32971124000,-1072022112,821663964
5013,32971716000,-1071756871,825545181
5014,32972309000,-1071516172,829317915
5015,32972902000,-1071210918,833137123
5016,32973494000,-1070954491,836915913
5017,32974087000,-1070648711,840662094
5018,32974679000,-1070332135,844372603
5019,32975272000,-1070027489,848045311
5020,32975865000,-1069683735,851711558
5021,32976457000,-1069327651,855341827
5022,32977050000,-1068947117,858980749
5023,32977643000,-1068589505,862547820
5024,32978235000,-1068170950,866111732
5025,32978828000,-1067768451,869658982
5026,32979421000,-1067338067,873153994
5027,32980013000,-1066885622,876633856
5028,32980606000,-1066450019,880097395
5029,32981198000,-1065969899,883499670
5030,32981791000,-1065448579,886903475
5031,32982384000,-1064962562,890289423
5032,32982976000,-1064456587,893578712
5033,32983569000,-1063909138,896909992
5034,32984162000,-1063354838,900168419
5035,32984754000,-1062805060,903427032
5036,32985347000,-1062218238,906681609
5037,32985940000,-1061621709,909866183
5038,32986532000,-1061018228,913024112
5039,32987125000,-1060419374,916179705
5040,32987718000,-1059776148,919294926
5041,32988310000,-1059111151,922367752
5042,32988903000,-1058490445,925451888
5043,32989495000,-1057783830,928472129
5044,32990088000,-1057073201,931422748
5045,32990681000,-1056398533,934419336
5046,32991273000,-1055624035,937338661
5047,32991866000,-1054914259,940256516
5048,32992459000,-1054148398,943137531
5049,32993051000,-1053387716,946004746
5050,32993644000,-1052650566,948814155
5051,32994237000,-1051795831,951634169
5052,32994829000,-1051028482,954348720
5053,32995422000,-1050172435,957110854
5054,32996014000,-1049334939,959811222
5055,32996607000,-1048502699,962491933
5056,32997200000,-1047623020,965122052
5057,32997792000,-1046731538,967726709
5058,32998385000,-1045850378,970336888
5059,32998978000,-1044931671,972885473
5060,32999570000,-1043982103,975364881
5061,33000163000,-1043068129,977893857
5062,33000756000,-1042094095,980331736
5063,33001348000,-1041115543,982759354
5064,33001941000,-1040119852,985180545
5065,33002534000,-1039121966,987561082
5066,33003126000,-1038104114,989906010
5067,33003719000,-1037064303,992172273
5068,33004311000,-1036077060,994477413
5069,33004904000,-1034987868,996723375
5070,33005497000,-1033895381,998898193
5071,33006089000,-1032846668,1001130179
5072,33006682000,-1031729190,1003267349
5073,33007275000,-1030630983,1005383154
5074,33007867000,-1029495167,1007452964
5075,33008460000,-1028345619,1009535195
5076,33009053000,-1027203253,1011539792
5077,33009645000,-1025997486,1013524714
5078,33010238000,-1024830344,1015504155
5079,33010830000,-1023631888,1017425620
5080,33011423000,-1022398737,1019362865
5081,33012016000,-1021208220,1021241028
5082,33012608000,-1019952327,1023053705
5083,33013201000,-1018729539,1024874383
5084,33013794000,-1017437889,1026646152
5085,33014386000,-1016146966,1028397191
5086,33014979000,-1014851591,1030097535
5087,33015572000,-1013539576,1031747420
5088,33016164000,-1012224731,1033418532
5089,33016757000,-1010870649,1035037604
5090,33017350000,-1009495917,1036577297
5091,33017942000,-1008128277,1038099823
5092,33018535000,-1006747802,1039644026
5093,33019127000,-1005357278,1041121883
5094,33019720000,-1003959400,1042565977
5095,33020313000,-1002551416,1044002756
5096,33020905000,-1001118997,1045404575
5097,33021498000,-999649938,1046757560
5098,33022091000,-998183716,1048064442
5099,33022683000,-996696100,1049365850
5100,33023276000,-995198794,1050608198
5101,33023869000,-993703144,1051830013
5102,33024461000,-992184813,1053037669
5103,33025054000,-990664505,1054180908
5104,33025646000,-989094958,1055341512
5105,33026239000,-987508487,1056383154
5106,33026832000,-985932058,1057466285
5107,33027424000,-984377643,1058462573
5108,33028017000,-982754739,1059449692
5109,33028610000,-981146095,1060425580
5110,33029202000,-979505776,1061337463
5111,33029795000,-977877881,1062234266
5112,33030388000,-976207837,1063113960
5113,33030980000,-974524052,1063905325
5114,33031573000,-972833031,1064709526
5115,33032166000,-971158857,1065499871
5116,33032758000,-969425779,1066178533
5117,33033351000,-967740573,1066927842
5118,33033943000,-965961968,1067529969
5119,33034536000,-964226978,1068208767
5120,33035129000,-962465643,1068760920
5121,33035721000,-960687052,1069351164
5122,33036314000,-958909447,1069892097
5123,33036907000,-957088514,1070372473
5124,33037499000,-955244635,1070809757
5125,33038092000,-953428733,1071237029
5126,33038685000,-951593258,1071640205
5127,33039277000,-949735959,1072012578
5128,33039870000,-947853140,1072317271
5129,33040462000,-945998956,1072612860
5130,33041055000,-944084607,1072907169
5131,33041648000,-942175673,1073120616
5132,33042240000,-940262405,1073293916
5133,33042833000,-938326446,1073473363
5134,33043426000,-936336531,1073590352
5135,33044018000,-934420472,1073704039
5136,33044611000,-932423568,1073750810
5137,33045204000,-930409065,1073742514
5138,33045796000,-928434530,1073779564
5139,33046389000,-926412288,1073730677
5140,33046982000,-924397343,1073659198
5141,33047574000,-922347081,1073534538
5142,33048167000,-920284096,1073405462
5143,33048759000,-918244762,1073225480
5144,33049352000,-916155010,1073017789
5145,33049945000,-914051132,1072758117
5146,33050537000,-912006742,1072516628
5147,33051130000,-909835804,1072191789
5148,33051723000,-907697646,1071852312
5149,33052315000,-905564401,1071440011
5150,33052908000,-903444258,1071057852
5151,33053501000,-901244028,1070613240
5152,33054093000,-899063007,1070118372
5153,33054686000,-896857908,1069617430
5154,33055278000,-894666292,1069090080
5155,33055871000,-892452866,1068496381
5156,33056464000,-890270049,1067891262
5157,33057056000,-887987829,1067275875
5158,33057649000,-885753726,1066580656
5159,33058242000,-883479284,1065855120
5160,33058834000,-881207961,1065098808
5161,33059427000,-878909693,1064362102
5162,33060020000,-876596921,1063553585
5163,33060612000,-874278272,1062685077
5164,33061205000,-871969093,1061843994
5165,33061798000,-869639485,1060901227
5166,33062390000,-867261113,1059974208
5167,33062983000,-864927703,1058994260
5168,33063575000,-862523835,1057970657
5169,33064168000,-860167555,1056972945
5170,33064761000,-857769792,1055899255
5171,33065353000,-855325575,1054764262
5172,33065946000,-852913286,1053636119
5173,33066539000,-850481914,1052473291
5174,33067131000,-848052613,1051253926
5175,33067724000,-845589719,1050043681
5176,33068317000,-843145155,1048779679
5177,33068909000,-840642075,1047467411
5178,33069502000,-838134867,1046119813
5179,33070094000,-835642838,1044768701
5180,33070687000,-833124397,1043361999
5181,33071280000,-830607246,1041932250
5182,33071872000,-828059249,1040454690
5183,33072465000,-825482073,1038942952
5184,33073058000,-822937962,1037428355
5185,33073650000,-820357489,1035871569
5186,33074243000,-817801001,1034264216
5187,33074836000,-815204990,1032649709
5188,33075428000,-812584242,1030965393
5189,33076021000,-809960536,1029292618
5190,33076614000,-807342867,1027574700
5191,33077206000,-804687652,1025778229
5192,33077799000,-802051894,1024042322
5193,33078391000,-799376788,1022224230
5194,33078984000,-796707144,1020344361
5195,33079577000,-794054416,1018474261
5196,33080169000,-791325206,1016533404
5197,33080762000,-788612698,1014592026
5198,33081355000,-785900515,1012622162
5199,33081947000,-783169962,1010601775
5200,33082540000,-780441357,1008582202
5201,33083133000,-777665969,1006500670
5202,33083725000,-774927548,1004392396
5203,33084318000,-772179987,1002247869
5204,33084910000,-769358796,1000110268
5205,33085503000,-766596620,997900141
5206,33086096000,-763769195,995674987
5207,33086688000,-760973438,993409588
5208,33087281000,-758148116,991141027
5209,33087874000,-755260679,988766136
5210,33088466000,-752427163,986430922
5211,33089059000,-749572378,984068878
5212,33089652000,-746742971,981660134
5213,33090244000,-743844756,979209760
5214,33090837000,-740956529,976705591
5215,33091430000,-738048518,974209580
5216,33092022000,-735157680,971682147
5217,33092615000,-732228242,969131619
5218,33093207000,-729276278,966517875
5219,33093800000,-726382513,963932293
5220,33094393000,-723437504,961246115
5221,33094985000,-720481767,958559965
5222,33095578000,-717509165,955841451
5223,33096171000,-714515331,953083944
5224,33096763000,-711515721,950307762
5225,33097356000,-708539647,947505871
5226,33097949000,-705523531,944671890
5227,33098541000,-702492876,941786722
5228,33099134000,-699467594,938889374
5229,33099726000,-696475261,935992474
5230,33100319000,-693398232,933030335
5231,33100912000,-690325859,930048389
5232,33101504000,-687278494,927026501
5233,33102097000,-684214370,924015736
5234,33102690000,-681114880,920947605
5235,33103282000,-678005625,917830429
5236,33103875000,-674917413,914699582
5237,33104468000,-671815319,911532050
5238,33105060000,-668673148,908394388
5239,33105653000,-665542404,905189315
5240,33106246000,-662406150,901928243
5241,33106838000,-659278526,898651929
5242,33107431000,-656061362,895361427
5243,33108023000,-652914350,892050585
5244,33108616000,-649757187,888691956
5245,33109209000,-646572272,885306177
5246,33109801000,-643342339,881883246
5247,33110394000,-640169954,878458374
5248,33110987000,-636951611,875017982
5249,33111579000,-633742300,871512432
5250,33112172000,-630495582,868002940
5251,33112765000,-627262902,864460709
5252,33113357000,-624009178,860906076
5253,33113950000,-620767290,857301017
5254,33114542000,-617490668,853689816
5255,33115135000,-614217157,850016863
5256,33115728000,-610918175,846318684
5257,33116320000,-607656285,842684245
5258,33116913000,-604344752,838924378
5259,33117506000,-601021671,835168260
5260,33118098000,-597732977,831370601
5261,33118691000,-594389922,827551107
5262,33119284000,-591053361,823732282
5263,33119876000,-587703385,819841389
5264,33120469000,-584381835,815993473
5265,33121062000,-581029600,812093617
5266,33121654000,-577646584,808117123
5267,33122247000,-574277789,804177544
5268,33122839000,-570861583,800185390
5269,33123432000,-567479008,796186330
5270,33124025000,-564127701,792169481
5271,33124617000,-560681515,788065604
5272,33125210000,-557326209,784050856
5273,33125803000,-553864661,779892550
5274,33126395000,-550436916,775764844
5275,33126988000,-547028184,771614291
5276,33127581000,-543575530,767447650
5277,33128173000,-540111315,763216933
5278,33128766000,-536633568,758987455
5279,33129358000,-533198234,754734244
5280,33129951000,-529715409,750474900
5281,33130544000,-526230970,746169263
5282,33131136000,-522750887,741863636
5283,33131729000,-519259121,737504566
5284,33132322000,-515755606,733122524
5285,33132914000,-512234654,728732112
5286,33133507000,-508732674,724356242
5287,33134100000,-505219694,719912822
5288,33134692000,-501682748,715448795
5289,33135285000,-498132469,710947822
5290,33135878000,-494582256,706466895
5291,33136470000,-491052945,701897173
5292,33137063000,-487481836,697400200
5293,33137655000,-483935596,692828924
5294,33138248000,-480360589,688215825
5295,33138841000,-476790637,683624504
5296,33139433000,-473211831,678983539
5297,33140026000,-469608973,674331544
5298,33140619000,-465995233,669632808
5299,33141211000,-462416429,664947024
5300,33141804000,-458782503,660219381
5301,33142397000,-455149381,655470621
5302,33142989000,-451539399,650698105
5303,33143582000,-447923391,645942977
5304,33144174000,-444281971,641135155
5305,33144767000,-440624343,636318505
5306,33145360000,-436960634,631497331
5307,33145952000,-433348672,626651351
5308,33146545000,-429660264,621722487
5309,33147138000,-426069255,616851129
5310,33147730000,-422338299,611943844
5311,33148323000,-418665295,606972675
5312,33148916000,-414990343,602069402
5313,33149508000,-411312013,597074008
5314,33150101000,-407578305,592053032
5315,33150694000,-403897616,587075073
5316,33151286000,-400169637,582026257
5317,33151879000,-396466325,576984381
5318,33152471000,-392752057,571918235
5319,33153064000,-389041046,566843354
5320,33153657000,-385291925,561747806
5321,33154249000,-381592639,556660745
5322,33154842000,-377855866,551500887
5323,33155435000,-374103761,546335148
5324,33156027000,-370336397,541151701
5325,33156620000,-366614162,535988452
5326,33157213000,-362811614,530782639
5327,33157805000,-359059364,525542475
5328,33158398000,-355300797,520311854
5329,33158990000,-351552522,515093335
5330,33159583000,-347748137,509813691
5331,33160176000,-343952128,504511965
5332,33160768000,-340178361,499237109
5333,33161361000,-336369863,493899601
5334,33161954000,-332583785,488573484
5335,33162546000,-328773838,483229640
5336,33163139000,-324966774,477854522
5337,33163732000,-321158975,472467944
5338,33164324000,-317311246,467067415
5339,33164917000,-313554082,461695304
5340,33165510000,-309696153,456270117
5341,33166102000,-305894471,450832562
5342,33166695000,-302038469,445381454
5343,33167287000,-298199126,439906466
5344,33167880000,-294339137,434406513
5345,33168473000,-290500775,428973227
5346,33169065000,-286653693,423457732
5347,33169658000,-282808643,417932059
5348,33170251000,-278935925,412406163
5349,33170843000,-275097712,406872049
5350,33171436000,-271237125,401322610
5351,33172029000,-267375270,395733674
5352,33172621000,-263505644,390174490
5353,33173214000,-259617935,384620360
5354,33173806000,-255698424,378977173
5355,33174399000,-251831249,373359212
5356,33174992000,-248004082,367744274
5357,33175584000,-244071365,362113441
5358,33176177000,-240194758,356462063
5359,33176770000,-236284977,350793990
5360,33177362000,-232410604,345112204
5361,33177955000,-228490908,339453313
5362,33178548000,-224557026,333737473
5363,33179140000,-220625624,328023910
5364,33179733000,-216758938,322347413
5365,33180326000,-212825408,316602326
5366,33180918000,-208895698,310860689
5367,33181511000,-205003844,305122587
5368,33182103000,-201048291,299356758
5369,33182696000,-197129933,293606813
5370,33183289000,-193195658,287834709
5371,33183881000,-189269783,282050086
5372,33184474000,-185327375,276261945
5373,33185067000,-181379842,270451757
5374,33185659000,-177467328,264675541
5375,33186252000,-173527100,258845282
5376,33186845000,-169557035,253037586
5377,33187437000,-165637378,247196635
5378,33188030000,-161656342,241358106
5379,33188622000,-157733642,235513240
5380,33189215000,-153747945,229653545
5381,33189808000,-149790791,223803053
5382,33190400000,-145877987,217951610
5383,33190993000,-141903698,212082105
5384,33191586000,-137905348,206177787
5385,33192178000,-133960761,200289365
5386,33192771000,-129992844,194395307
5387,33193364000,-126048172,188497644
5388,33193956000,-122048474,182607338
5389,33194549000,-118075379,176684288
5390,33195142000,-114131365,170758421
5391,33195734000,-110167264,164861580
5392,33196327000,-106153473,158951084
5393,33196919000,-102173634,153007431
5394,33197512000,-98207671,147035055
5395,33198105000,-94228911,141104621
5396,33198697000,-90246689,135189121
5397,33199290000,-86268633,129262371
5398,33199883000,-82258379,123241977
5399,33200475000,-78281725,117294762
5400,33201068000,-74318675,111366778
5401,33201661000,-70323465,105376890
5402,33202253000,-66334835,99408969
5403,33202846000,-62331330,93454008
5404,33203438000,-58364803,87483242
5405,33204031000,-54338617,81501839
5406,33204624000,-50363035,75514871
5407,33205216000,-46385763,69548600
5408,33205809000,-42361361,63556963
5409,33206402000,-38379957,57550236
5410,33206994000,-34385662,51573967
5411,33207587000,-30430372,45621923
5412,33208180000,-26397179,39583314
5413,33208772000,-22437246,33614617
5414,33209365000,-18417797,27625747
5415,33209958000,-14399298,21592520
5416,33210550000,-10416448,15598766
5417,33211143000,-6429188,9644112
5418,33211735000,-2461871,3660688
5419,33212328000,1578029,-2376123
5420,33212921000,5538307,-8349167
5421,33213513000,9596559,-14368130
5422,33214106000,13565108,-20337991
5423,33214699000,17546482,-26332142
5424,33215291000,21572877,-32354275
5425,33215884000,25535670,-38307538
5426,33216477000,29557726,-44304425
5427,33217069000,33517957,-50289414
5428,33217662000,37523138,-56319266
5429,33218254000,41516492,-62290750
5430,33218847000,45520187,-68245717
5431,33219440000,49519292,-74235407
5432,33220032000,53512207,-80215999
5433,33220625000,57515136,-86202623
5434,33221218000,61494856,-92180881
5435,33221810000,65477635,-98133662
5436,33222403000,69476888,-104121626
5437,33222996000,73469889,-110103552
5438,33223588000,77428640,-116033934
5439,33224181000,81422410,-121987147
5440,33224774000,85395877,-127939450
5441,33225366000,89390206,-133888723
5442,33225959000,93383017,-139848861
5443,33226551000,97362559,-145762434
5444,33227144000,101342746,-151751193
5445,33227737000,105305212,-157641167
5446,33228329000,109290897,-163586524
5447,33228922000,113264018,-169525270
5448,33229515000,117235563,-175418029
5449,33230107000,121225680,-181352243
5450,33230700000,125222161,-187274161
5451,33231293000,129136223,-193145224
5452,33231885000,133080819,-199025734
5453,33232478000,137093264,-204920105
5454,33233070000,141062245,-210841640
5455,33233663000,145032575,-216678439
5456,33234256000,148976181,-222575260
5457,33234848000,152934976,-228431855
5458,33235441000,156867046,-234256224
5459,33236034000,160857574,-240106312
5460,33236626000,164800863,-245960159
5461,33237219000,168731952,-251802711
5462,33237812000,172679402,-257619353
5463,33238404000,176601884,-263431495
5464,33238997000,180585448,-269250917
5465,33239590000,184501489,-275031010
5466,33240182000,188444326,-280841147
5467,33240775000,192379367,-286619333
5468,33241367000,196295397,-292384531
5469,33241960000,200245916,-298141140
5470,33242553000,204139054,-303898106
5471,33243145000,208078912,-309650874
5472,33243738000,212012632,-315399202
5473,33244331000,215926391,-321079767
5474,33244923000,219826568,-326834211
5475,33245516000,223741409,-332537362
5476,33246109000,227622162,-338204579
5477,33246701000,231555778,-343917683
5478,33247294000,235453952,-349598221
5479,33247886000,239352876,-355238266
5480,33248479000,243250396,-360909242
5481,33249072000,247128327,-366541272
5482,33249664000,251014111,-372178013
5483,33250257000,254902596,-377777511
5484,33250850000,258792353,-383382565
5485,33251442000,262667826,-388980087
5486,33252035000,266553689,-394602203
5487,33252628000,270392730,-400150461
5488,33253220000,274265568,-405703526
5489,33253813000,278118284,-411269148
5490,33254406000,282000818,-416786016
5491,33254998000,285887873,-422311589
5492,33255591000,289681825,-427821047
5493,33256183000,293534540,-433287204
5494,33256776000,297376526,-438757374
5495,33257369000,301214549,-444220793
5496,33257961000,305040324,-449680250
5497,33258554000,308876144,-455128019
5498,33259147000,312745658,-460567696
5499,33259739000,316534476,-465946970
5500,33260332000,320358091,-471374333
5501,33260925000,324170762,-476724590
5502,33261517000,327944897,-482070543
5503,33262110000,331805180,-487432879
5504,33262702000,335574371,-492805949
5505,33263295000,339361526,-498080030
5506,33263888000,343158387,-503382593
5507,33264480000,346960420,-508690917
5508,33265073000,350707262,-513949008
5509,33265666000,354496372,-519224626
5510,33266258000,358271194,-524458314
5511,33266851000,362026867,-529653856
5512,33267444000,365801879,-534879320
5513,33268036000,369542052,-540080294
5514,33268629000,373302603,-545265545
5515,33269222000,377065490,-550405112
5516,33269814000,380769734,-555527932
5517,33270407000,384507644,-560648254
5518,33270999000,388249623,-565741486
5519,33271592000,391958525,-570833495
5520,33272185000,395673923,-575903936
5521,33272777000,399404373,-580979451
5522,33273370000,403108464,-585992762
5523,33273963000,406803989,-591027582
5524,33274555000,410498471,-596009210
5525,33275148000,414181628,-600994564
5526,33275741000,417884722,-605956641
5527,33276333000,421545004,-610866159
5528,33276926000,425240904,-615827985
5529,33277518000,428907928,-620708306
5530,33278111000,432529501,-625581728
5531,33278704000,436228223,-630470663
5532,33279296000,439841240,-635300546
5533,33279889000,443533001,-640151062
5534,33280482000,447159287,-644918470
5535,33281074000,450766204,-649711355
5536,33281667000,454423760,-654470671
5537,33282260000,458015427,-659185878
5538,33282852000,461633346,-663940638
5539,33283445000,465242998,-668633350
5540,33284038000,468845171,-673348451
5541,33284630000,472439355,-677986985
5542,33285223000,476039975,-682639806
5543,33285815000,479575715,-687254008
5544,33286408000,483187530,-691861819
5545,33287001000,486756899,-696394228
5546,33287593000,490305573,-700935249
5547,33288186000,493829930,-705505483
5548,33288779000,497398211,-710013611
5549,33289371000,500931926,-714505473
5550,33289964000,504445765,-718926099
5551,33290557000,507966415,-723375120
5552,33291149000,511493196,-727820836
5553,33291742000,515002404,-732185023
5554,33292334000,518500414,-736572773
5555,33292927000,522007534,-740935208
5556,33293520000,525495867,-745246600
5557,33294112000,529000269,-749578441
5558,33294705000,532475861,-753832104
5559,33295298000,535937228,-758117280
5560,33295890000,539376383,-762337296
5561,33296483000,542815898,-766511119
5562,33297076000,546262650,-770746886
5563,33297668000,549713430,-774890501
5564,33298261000,553133074,-779032353
5565,33298854000,556560614,-783154945
5566,33299446000,559963466,-787209976
5567,33300039000,563390508,-791304834
5568,33300631000,566807358,-795343090
5569,33301224000,570173092,-799367761
5570,33301817000,573541876,-803327791
5571,33302409000,576906112,-807291847
5572,33303002000,580307700,-811254250
5573,33303595000,583672604,-815167920
5574,33304187000,587045155,-819065919
5575,33304780000,590355251,-822920867
5576,33305373000,593699669,-826780499
5577,33305965000,597005285,-830556068
5578,33306558000,600333467,-834388585
5579,33307150000,603649017,-838085606
5580,33307743000,606921112,-841838806
5581,33308336000,610229521,-845564586
5582,33308928000,613496107,-849246385
5583,33309521000,616798594,-852887678
5584,33310114000,620080730,-856528310
5585,33310706000,623315861,-860099261
5586,33311299000,626550683,-863683970
5587,33311892000,629814122,-867254559
5588,33312484000,633040921,-870780335
5589,33313077000,636268741,-874266118
5590,33313670000,639488004,-877751197
5591,33314262000,642670376,-881173195
5592,33314855000,645869974,-884574501
5593,33315447000,649056718,-887961939
5594,33316040000,652265081,-891324876
5595,33316633000,655414045,-894637805
5596,33317225000,658566632,-897953825
5597,33317818000,661734510,-901217165
5598,33318411000,664859059,-904450511
5599,33319003000,668004370,-907688161
5600,33319596000,671109061,-910866569
5601,33320189000,674252602,-914031818
5602,33320781000,677397340,-917210454
5603,33321374000,680472364,-920285106
5604,33321966000,683546930,-923352382
5605,33322559000,686606854,-926401372
5606,33323152000,689695377,-929403785
5607,33323744000,692753538,-932429396
5608,33324337000,695823000,-935351165
5609,33324930000,698833330,-938302414
5610,33325522000,701882136,-941208953
5611,33326115000,704879075,-944046274
5612,33326708000,707906247,-946893822
5613,33327300000,710891214,-949715579
5614,33327893000,713871005,-952506807
5615,33328486000,716875677,-955253714
5616,33329078000,719840522,-957989846
5617,33329671000,722811118,-960654927
5618,33330263000,725723817,-963288234
5619,33330856000,728706526,-965970923
5620,33331449000,731596808,-968553851
5621,33332041000,734535124,-971144288
5622,33332634000,737459016,-973693013
5623,33333227000,740351336,-976203347
5624,33333819000,743236858,-978642837
5625,33334412000,746100581,-981145519
5626,33335005000,749015797,-983512352
5627,33335597000,751862306,-985950376
5628,33336190000,754685649,-988298674
5629,33336782000,757506651,-990611375
5630,33337375000,760359475,-992916607
5631,33337968000,763183670,-995198610
5632,33338560000,766011770,-997438109
5633,33339153000,768774756,-999615199
5634,33339746000,771547167,-1001807166
5635,33340338000,774320438,-1003931025
5636,33340931000,777098585,-1006067517
5637,33341524000,779863167,-1008127788
5638,33342116000,782582484,-1010203930
5639,33342709000,785316387,-1012222260
5640,33343302000,788052320,-1014198524
5641,33343894000,790744228,-1016124603
5642,33344487000,793460168,-1018073386
5643,33345079000,796145852,-1019964560
5644,33345672000,798826807,-1021811843
5645,33346265000,801491658,-1023656867
5646,33346857000,804152499,-1025447579
5647,33347450000,806792229,-1027212324
5648,33348043000,809404814,-1028928176
5649,33348635000,812058536,-1030631296
5650,33349228000,814652063,-1032295123
5651,33349821000,817245670,-1033930770
5652,33350413000,819821526,-1035503619
5653,33351006000,822421587,-1037097378
5654,33351598000,824942459,-1038642608
5655,33352191000,827512386,-1040142097
5656,33352784000,830054709,-1041594754
5657,33353376000,832582409,-1043059970
5658,33353969000,835091057,-1044446562
5659,33354562000,837587394,-1045836228
5660,33355154000,840117560,-1047177752
5661,33355747000,842598109,-1048494150
5662,33356340000,845038613,-1049767008
5663,33356932000,847521073,-1051023428
5664,33357525000,849968142,-1052226295
5665,33358118000,852412129,-1053390113
5666,33358710000,854809647,-1054534740
5667,33359303000,857256369,-1055674349
5668,33359895000,859646096,-1056728334
5669,33360488000,862031027,-1057770767
5670,33361081000,864417281,-1058800324
5671,33361673000,866768949,-1059775893
5672,33362266000,869128356,-1060719830
5673,33362859000,871452464,-1061623301
5674,33363451000,873791070,-1062534918
5675,33364044000,876081975,-1063360710
5676,33364637000,878418848,-1064208393
5677,33365229000,880701848,-1064939379
5678,33365822000,882986188,-1065743976
5679,33366414000,885276648,-1066428101
5680,33367007000,887494513,-1067120262
5681,33367600000,889758056,-1067774769
5682,33368192000,891987626,-1068382514
5683,33368785000,894197198,-1068959518
5684,33369378000,896413717,-1069512317
5685,33369970000,898605927,-1070035140
5686,33370563000,900795834,-1070526519
5687,33371156000,902958389,-1070963615
5688,33371748000,905096635,-1071364427
5689,33372341000,907269210,-1071753479
5690,33372934000,909391933,-1072105959
5691,33373526000,911523750,-1072420101
5692,33374119000,913635519,-1072730925
5693,33374711000,915696945,-1072979922
5694,33375304000,917791549,-1073174462
5695,33375897000,919895763,-1073367588
5696,33376489000,921902700,-1073513744
5697,33377082000,923957388,-1073638289
5698,33377675000,926012694,-1073708491
5699,33378267000,928034475,-1073771272
5700,33378860000,930001868,-1073772575
5701,33379453000,932016138,-1073747069
5702,33380045000,933959537,-1073719750
5703,33380638000,935952882,-1073613029
5704,33381230000,937879620,-1073461039
5705,33381823000,939812723,-1073344351
5706,33382416000,941782174,-1073162245
5707,33383008000,943657489,-1072936706
5708,33383601000,945569312,-1072674864
5709,33384194000,947467711,-1072415306
5710,33384786000,949337389,-1072077971
5711,33385379000,951217504,-1071726652
5712,33385972000,953029275,-1071350296
5713,33386564000,954875479,-1070919983
5714,33387157000,956705578,-1070475385
5715,33387750000,958504793,-1069982349
5716,33388342000,960311203,-1069473484
5717,33388935000,962067703,-1068927924
5718,33389527000,963838690,-1068321403
5719,33390120000,965596857,-1067700694
5720,33390713000,967361352,-1067043140
5721,33391305000,969083042,-1066366813
5722,33391898000,970762129,-1065649758
5723,33392491000,972484615,-1064880245
5724,33393083000,974163017,-1064085479
5725,33393676000,975848739,-1063268000
5726,33394269000,977512057,-1062430827
5727,33394861000,979175821,-1061566371
5728,33395454000,980797080,-1060635510
5729,33396046000,982426107,-1059677481
5730,33396639000,984048292,-1058661263
5731,33397232000,985586048,-1057670534
5732,33397824000,987191992,-1056590280
5733,33398417000,988738030,-1055530631
5734,33399010000,990301159,-1054421859
5735,33399602000,991825257,-1053255470
5736,33400195000,993376481,-1052083434
5737,33400788000,994912937,-1050862877
5738,33401380000,996400402,-1049624839
5739,33401973000,997873114,-1048338224
5740,33402566000,999339127,-1047039068
5741,33403158000,1000805476,-1045674361
5742,33403751000,1002196111,-1044297601
5743,33404343000,1003647209,-1042906225
5744,33404936000,1005078783,-1041453750
5745,33405529000,1006448990,-1039953401
5746,33406121000,1007861045,-1038469658
5747,33406714000,1009227594,-1036939022
5748,33407307000,1010582367,-1035325790
5749,33407899000,1011928341,-1033742609
5750,33408492000,1013274371,-1032099815
5751,33409085000,1014567088,-1030425956
5752,33409677000,1015869038,-1028749722
5753,33410270000,1017145307,-1027005288
5754,33410862000,1018447519,-1025265682
5755,33411455000,1019716810,-1023448778
5756,33412048000,1020933811,-1021595532
5757,33412640000,1022167928,-1019740909
5758,33413233000,1023374428,-1017850596
5759,33413826000,1024597975,-1015933393
5760,33414418000,1025790807,-1013977897
5761,33415011000,1026969741,-1011995737
5762,33415604000,1028101306,-1009949283
5763,33416196000,1029280740,-1007937719
5764,33416789000,1030377884,-1005825156
5765,33417382000,1031500033,-1003689085
5766,33417974000,1032611516,-1001586251
5767,33418567000,1033689016,-999404372
5768,33419159000,1034793734,-997184970
5769,33419752000,1035835840,-994971394
5770,33420345000,1036881114,-992653488
5771,33420937000,1037911531,-990372545
5772,33421530000,1038931441,-988035589
5773,33422123000,1039917166,-985663134
5774,33422715000,1040905309,-983286117
5775,33423308000,1041920397,-980873546
5776,33423901000,1042843573,-978403693
5777,33424493000,1043786099,-975862664
5778,33425086000,1044712581,-973415883
5779,33425678000,1045681104,-970877350
5780,33426271000,1046562143,-968294740
5781,33426864000,1047416348,-965663101
5782,33427456000,1048308121,-963062649
5783,33428049000,1049172439,-960388279
5784,33428642000,1049994971,-957678731
5785,33429234000,1050845999,-954943653
5786,33429827000,1051632279,-952162071
5787,33430420000,1052412669,-949416747
5788,33431012000,1053221809,-946595562
5789,33431605000,1054008804,-943734672
5790,33432198000,1054743137,-940843962
5791,33432790000,1055487039,-937995364
5792,33433383000,1056198358,-935034204
5793,33433975000,1056936212,-932099318
5794,33434568000,1057619737,-929085189
5795,33435161000,1058308930,-926073555
5796,33435753000,1058992452,-923022271
5797,33436346000,1059642855,-919941992
5798,33436939000,1060276470,-916823937
5799,33437531000,1060899135,-913705990
5800,33438124000,1061516298,-910541879
5801,33438717000,1062113334,-907353212
5802,33439309000,1062681623,-904111270
5803,33439902000,1063263981,-900864291
5804,33440494000,1063790416,-897604030
5805,33441087000,1064309409,-894279047
5806,33441680000,1064870797,-890944960
5807,33442272000,1065344983,-887617228
5808,33442865000,1065827971,-884201910
5809,33443458000,1066320160,-880788287
5810,33444050000,1066802286,-877352987
5811,33444643000,1067254148,-873878193
5812,33445236000,1067669266,-870394800
5813,33445828000,1068101832,-866882609
5814,33446421000,1068497655,-863299200
5815,33447014000,1068866234,-859725068
5816,33447606000,1069243762,-856143566
5817,33448199000,1069610062,-852499182
5818,33448791000,1069944360,-848830490
5819,33449384000,1070262870,-845123839
5820,33449977000,1070615805,-841448324
5821,33450569000,1070898363,-837718279
5822,33451162000,1071174665,-833954665
5823,33451755000,1071454415,-830156852
5824,33452347000,1071701864,-826357235
5825,33452940000,1071918095,-822486649
5826,33453533000,1072165994,-818625613
5827,33454125000,1072364890,-814741023
5828,33454718000,1072565762,-810844716
5829,33455310000,1072756547,-806839920
5830,33455903000,1072932266,-802917700
5831,33456496000,1073067718,-798953483
5832,33457088000,1073180291,-794875802
5833,33457681000,1073295733,-790865323
5834,33458274000,1073419253,-786781848
5835,33458866000,1073523904,-782708462
5836,33459459000,1073583933,-778566602
5837,33460052000,1073632836,-774409423
5838,33460644000,1073693538,-770268340
5839,33461237000,1073744898,-766082295
5840,33461830000,1073731427,-761862160
5841,33462422000,1073737258,-757628868
5842,33463015000,1073765635,-753380438
5843,33463607000,1073711900,-749112392
5844,33464200000,1073671270,-744766186
5845,33464793000,1073613793,-740434100
5846,33465385000,1073531825,-736114267
5847,33465978000,1073429862,-731732833
5848,33466571000,1073378604,-727352019
5849,33467163000,1073224372,-722914252
5850,33467756000,1073104520,-718462833
5851,33468349000,1072966820,-714002536
5852,33468941000,1072801025,-709513489
5853,33469534000,1072611470,-704961336
5854,33470126000,1072439293,-700466699
5855,33470719000,1072206396,-695886895
5856,33471312000,1072020020,-691345792
5857,33471904000,1071776949,-686738171
5858,33472497000,1071510178,-682122183
5859,33473090000,1071249308,-677492306
5860,33473682000,1070977257,-672841303
5861,33474275000,1070665550,-668135797
5862,33474868000,1070371624,-663442834
5863,33475460000,1070024940,-658689307
5864,33476053000,1069671177,-653955810
5865,33476646000,1069315471,-649190381
5866,33477238000,1068961297,-644438848
5867,33477831000,1068565585,-639626318
5868,33478423000,1068186095,-634792130
5869,33479016000,1067775404,-629956332
5870,33479609000,1067321613,-625090470
5871,33480201000,1066904839,-620184201
5872,33480794000,1066446213,-615262751
5873,33481387000,1065967852,-610332175
5874,33481979000,1065466595,-605402355
5875,33482572000,1064952699,-600442740
5876,33483165000,1064455052,-595473358
5877,33483757000,1063930085,-590465518
5878,33484350000,1063358553,-585428365
5879,33484942000,1062810495,-580438072
5880,33485535000,1062234862,-575355948
5881,33486128000,1061652252,-570306167
5882,33486720000,1061032938,-565179874
5883,33487313000,1060441711,-560083239
5884,33487906000,1059782884,-554983289
5885,33488498000,1059137560,-549813847
5886,33489091000,1058482326,-544722615
5887,33489684000,1057802798,-539484754
5888,33490276000,1057100100,-534312588
5889,33490869000,1056388524,-529122206
5890,33491462000,1055694679,-523858223
5891,33492054000,1054933288,-518654379
5892,33492647000,1054191179,-513383544
5893,33493239000,1053397242,-508107475
5894,33493832000,1052645075,-502817054
5895,33494425000,1051804669,-497535907
5896,33495017000,1051000079,-492190773
5897,33495610000,1050191661,-486832640
5898,33496203000,1049352198,-481501239
5899,33496795000,1048508224,-476129692
5900,33497388000,1047644567,-470769929
5901,33497981000,1046749676,-465340182
5902,33498573000,1045856483,-459953592
5903,33499166000,1044945347,-454539291
5904,33499758000,1043983510,-449071808
5905,33500351000,1043067355,-443620374
5906,33500944000,1042101910,-438179283
5907,33501536000,1041143170,-432689271
5908,33502129000,1040163597,-427175848
5909,33502722000,1039158182,-421684710
5910,33503314000,1038129617,-416137898
5911,33503907000,1037096452,-410614999
5912,33504500000,1036075022,-405098667
5913,33505092000,1035018433,-399507124
5914,33505685000,1033954975,-393973371
5915,33506278000,1032857094,-388361288
5916,33506870000,1031747896,-382755582
5917,33507463000,1030635882,-377171300
5918,33508055000,1029514142,-371550131
5919,33508648000,1028375568,-365945669
5920,33509241000,1027197756,-360267385
5921,33509833000,1026032626,-354620428
5922,33510426000,1024880765,-348982878
5923,33511019000,1023648331,-343275690
5924,33511611000,1022451560,-337592211
5925,33512204000,1021253618,-331911023
5926,33512797000,1019970984,-326205293
5927,33513389000,1018702323,-320493653
5928,33513982000,1017468357,-314771600
5929,33514574000,1016147164,-309023970
5930,33515167000,1014885296,-303274751
5931,33515760000,1013531646,-297514513
5932,33516352000,1012262400,-291780783
5933,33516945000,1010900883,-285976215
5934,33517538000,1009551005,-280194634
5935,33518130000,1008197351,-274441466
5936,33518723000,1006776649,-268583411
5937,33519316000,1005361839,-262790415
5938,33519908000,1003987611,-256981607
5939,33520501000,1002536398,-251136357
5940,33521094000,1001111911,-245349147
5941,33521686000,999684368,-239477194
5942,33522279000,998185022,-233623002
5943,33522871000,996732047,-227793072
5944,33523464000,995237687,-221920872
5945,33524057000,993698091,-216038814
5946,33524649000,992201840,-210168676
5947,33525242000,990658314,-204293531
5948,33525835000,989135304,-198376661
5949,33526427000,987577344,-192515401
5950,33527020000,985965649,-186574437
5951,33527613000,984382301,-180651782
5952,33528205000,982790798,-174799359
5953,33528798000,981162197,-168865730
5954,33529390000,979522363,-162956015
5955,33529983000,977889159,-157009617
5956,33530576000,976245442,-151087206
5957,33531168000,974549072,-145161309
5958,33531761000,972858822,-139207003
5959,33532354000,971187182,-133238659
5960,33532946000,969461121,-127318765
5961,33533539000,967745587,-121366567
5962,33534132000,966001620,-115385733
5963,33534724000,964275754,-109409932
5964,33535317000,962508821,-103427966
5965,33535910000,960701916,-97476103
5966,33536502000,958923393,-91549444
5967,33537095000,957113103,-85556763
5968,33537687000,955314759,-79576889
5969,33538280000,953485066,-73615861
5970,33538873000,951637754,-67621580
5971,33539465000,949754529,-61628322
5972,33540058000,947885408,-55629937
5973,33540651000,945984111,-49624690
5974,33541243000,944119538,-43655217
5975,33541836000,942210939,-37646077
5976,33542429000,940286940,-31685944
5977,33543021000,938337684,-25693865
5978,33543614000,936385992,-19694333
5979,33544206000,934419220,-13714374
5980,33544799000,932452330,-7683967
5981,33545392000,930475695,-1711966
5982,33545984000,928464045,4305188
5983,33546577000,926451873,10275607
5984,33547170000,924400697,16265863
5985,33547762000,922371644,22295096
5986,33548355000,920318136,28261366
5987,33548948000,918278766,34261500
5988,33549540000,916206651,40229751
5989,33550133000,914116389,46211787
5990,33550726000,912002524,52206334
5991,33551318000,909867019,58237709
5992,33551911000,907762528,64215606
5993,33552503000,905587628,70205719
5994,33553096000,903452177,76164757
5995,33553689000,901280924,82163076
5996,33554281000,899109052,88113682
5997,33554874000,896948046,94100447
5998,33555467000,894733708,100066343
5999,33556059000,892501285,106011584
6000,33556652000,890282259,111979678
6001,33557245000,888044120,117955024
6002,33557837000,885790238,123912188
6003,33558430000,883525696,129896393
6004,33559022000,881227400,135812492
6005,33559615000,878965664,141766566
6006,33560208000,876632855,147697129
6007,33560800000,874346013,153630527
6008,33561393000,872003507,159574238
6009,33561986000,869682152,165472007
6010,33562578000,867307420,171409558
6011,33563171000,864959388,177342893
6012,33563764000,862581658,183224189
6013,33564356000,860212136,189112642
6014,33564949000,857781853,195046522
6015,33565542000,855398616,200933197
6016,33566134000,852962219,206823792
6017,33566727000,850528948,212687066
6018,33567319000,848085895,218559795
6019,33567912000,845628683,224425513
6020,33568505000,843154854,230255538
6021,33569097000,840683486,236142144
6022,33569690000,838186413,241994186
6023,33570283000,835693743,247832013
6024,33570875000,833160068,253677390
6025,33571468000,830626177,259505436
6026,33572061000,828113200,265309633
6027,33572653000,825527554,271144023
6028,33573246000,822967373,276901971
6029,33573838000,820421131,282697826
6030,33574431000,817848625,288474747
6031,33575024000,815235013,294240370
6032,33575616000,812642304,299974010
6033,33576209000,810013995,305747104
6034,33576802000,807387216,311492591
6035,33577394000,804723201,317241348
6036,33577987000,802126131,322964090
6037,33578580000,799436127,328657777
6038,33579172000,796744395,334382018
6039,33579765000,794075551,340047532
6040,33580358000,791412938,345720768
6041,33580950000,788677416,351401250
6042,33581543000,785944407,357052872
6043,33582135000,783224573,362726513
6044,33582728000,780486197,368383244
6045,33583321000,777761978,373961821
6046,33583913000,774959379,379604496
6047,33584506000,772216693,385179245
6048,33585099000,769413995,390769032
6049,33585691000,766619408,396373591
6050,33586284000,763828567,401957289
6051,33586877000,760974914,407483000
6052,33587469000,758198491,413009243
6053,33588062000,755330045,418541819
6054,33588654000,752506262,424048269
6055,33589247000,749645569,429579521
6056,33589840000,746794047,435067974
6057,33590432000,743906646,440530393
6058,33591025000,741012843,446014596
6059,33591618000,738097604,451436207
6060,33592210000,735193416,456890483
6061,33592803000,732294769,462297663
6062,33593396000,729374200,467690030
6063,33593988000,726415409,473098612
6064,33594581000,723458902,478475823
6065,33595174000,720490017,483816217
6066,33595766000,717549016,489183404
6067,33596359000,714574465,494475387
6068,33596951000,711589514,499792517
6069,33597544000,708577262,505101390
6070,33598137000,705574345,510400923
6071,33598729000,702536987,515662116
6072,33599322000,699532504,520890147
6073,33599915000,696489557,526121221
6074,33600507000,693445968,531352012
6075,33601100000,690401858,536562367
6076,33601693000,687314513,541753760
6077,33602285000,684231436,546910755
6078,33602878000,681184929,552028586
6079,33603470000,678093679,557190282
6080,33604063000,674981155,562305791
6081,33604656000,671847269,567420284
6082,33605248000,668706356,572490739
6083,33605841000,665613147,577539971
6084,33606434000,662431604,582601562
6085,33607026000,659332188,587593472
6086,33607619000,656150097,592640751
6087,33608212000,653005299,597632681
6088,33608804000,649832987,602594005
6089,33609397000,646617981,607551199
6090,33609990000,643425232,612450421
6091,33610582000,640228258,617387387
6092,33611175000,636982484,622292038
6093,33611767000,633795242,627139120
6094,33612360000,630555266,632040958
6095,33612953000,627307655,636866166
6096,33613545000,624063775,641673954
6097,33614138000,620805328,646460076
6098,33614731000,617527311,651221209
6099,33615323000,614230743,656029310
6100,33615916000,610983005,660734855
6101,33616509000,607729462,665436400
6102,33617101000,604377350,670169083
6103,33617694000,601076242,674829039
6104,33618286000,597757180,679494289
6105,33618879000,594436332,684121851
6106,33619472000,591129319,688721407
6107,33620064000,587757448,693290679
6108,33620657000,584434321,697869407
6109,33621250000,581100065,702405734
6110,33621842000,577702604,706906617
6111,33622435000,574317611,711429217
6112,33623028000,570951293,715928297
6113,33623620000,567550283,720384350
6114,33624213000,564173117,724854546
6115,33624806000,560748832,729235861
6116,33625398000,557358730,733649266
6117,33625991000,553948417,738012491
6118,33626583000,550482692,742342736
6119,33627176000,547065314,746640487
6120,33627769000,543632199,750925624
6121,33628361000,540179933,755215086
6122,33628954000,536724901,759454267
6123,33629547000,533214139,763729687
6124,33630139000,529785709,767873793
6125,33630732000,526286750,772068651
6126,33631325000,522792214,776231670
6127,33631917000,519326107,780348980
6128,33632510000,515827872,784475805
6129,33633102000,512321966,788527785
6130,33633695000,508807515,792594823
6131,33634288000,505274154,796634400
6132,33634880000,501738983,800622839
6133,33635473000,498204652,804603338
6134,33636066000,494668592,808576595
6135,33636658000,491111839,812513479
6136,33637251000,487547009,816423645
6137,33637844000,484003378,820301078
6138,33638436000,480420178,824153920
6139,33639029000,476820303,827979246
6140,33639622000,473289767,831781835
6141,33640214000,469660461,835585526
6142,33640807000,466079355,839317750
6143,33641399000,462441606,843070904
6144,33641992000,458855608,846706507
6145,33642585000,455236094,850449628
6146,33643177000,451583498,854074108
6147,33643770000,447977046,857688596
6148,33644363000,444328187,861294295
6149,33644955000,440689905,864841434
6150,33645548000,437066350,868401408
6151,33646141000,433402256,871886018
6152,33646733000,429757566,875390686
6153,33647326000,426059722,878816786
6154,33647918000,422440384,882277354
6155,33648511000,418762128,885676948
6156,33649104000,415048334,889068517
6157,33649696000,411336318,892392715
6158,33650289000,407649925,895717019
6159,33650882000,403964082,899012052
6160,33651474000,400246220,902263918
6161,33652067000,396552456,905548542
6162,33652660000,392832592,908719984
6163,33653252000,389107735,911880475
6164,33653845000,385358312,915055020
6165,33654438000,381652611,918144531
6166,33655030000,377908354,921252643
6167,33655623000,374161034,924346682
6168,33656215000,370401842,927374694
6169,33656808000,366649614,930403322
6170,33657401000,362880431,933359166
6171,33657993000,359155799,936329795
6172,33658586000,355379710,939231222
6173,33659179000,351604354,942115746
6174,33659771000,347827673,945002186
6175,33660364000,344025177,947817740
6176,33660957000,340249945,950607959
6177,33661549000,336467281,953398247
6178,33662142000,332650597,956133406
6179,33662734000,328867130,958863863
6180,33663327000,325018837,961544438
6181,33663920000,321220429,964187902
6182,33664512000,317413882,966787463
6183,33665105000,313619123,969387466
6184,33665698000,309760079,971975303
6185,33666290000,305916372,974482910
6186,33666883000,302089669,976979789
6187,33667476000,298281011,979462134
6188,33668068000,294426281,981916669
6189,33668661000,290573630,984316162
6190,33669254000,286730869,986706876
6191,33669846000,282868679,989037233
6192,33670439000,279018611,991360746
6193,33671031000,275192502,993647198
6194,33671624000,271296633,995926492
6195,33672217000,267411569,998141387
6196,33672809000,263537009,1000343183
6197,33673402000,259679916,1002493006
6198,33673995000,255808618,1004605062
6199,33674587000,251912275,1006731741
6200,33675180000,248009719,1008772416
6201,33675773000,244130275,1010817128
6202,33676365000,240239079,1012864692
6203,33676958000,236362268,1014816218
6204,33677550000,232429773,1016769698
6205,33678143000,228562631,1018668392
6206,33678736000,224604069,1020538493
6207,33679328000,220716053,1022365799
6208,33679921000,216830657,1024216969
6209,33680514000,212904511,1026010982
6210,33681106000,208965585,1027772820
6211,33681699000,205024526,1029460967
6212,33682292000,201143330,1031175220
6213,33682884000,197188802,1032821549
6214,33683477000,193263918,1034457734
6215,33684070000,189336278,1036034233
6216,33684662000,185389403,1037587211
6217,33685255000,181451509,1039128614
6218,33685847000,177493620,1040633289
6219,33686440000,173611128,1042066092
6220,33687033000,169652759,1043504307
6221,33687625000,165699166,1044910549
6222,33688218000,161738490,1046273640
6223,33688811000,157778484,1047617007
6224,33689403000,153833559,1048881678
6225,33689996000,149879564,1050182294
6226,33690589000,145911768,1051391103
6227,33691181000,141935337,1052596268
6228,33691774000,138015419,1053783635
6229,33692366000,134054684,1054902664
6230,33692959000,130071441,1055980457
6231,33693552000,126118316,1057089102
6232,33694144000,122146544,1058114659
6233,33694737000,118167492,1059128611
6234,33695330000,114158561,1060096025
6235,33695922000,110205129,1061036659
6236,33696515000,106223480,1061900189
6237,33697108000,102245824,1062822083
6238,33697700000,98287944,1063639440
6239,33698293000,94297823,1064457857
6240,33698886000,90306165,1065191123
6241,33699478000,86366799,1065982854
6242,33700071000,82317558,1066638414
6243,33700663000,78354407,1067307151
6244,33701256000,74372834,1067984221
6245,33701849000,70374155,1068545697
6246,33702441000,66393555,1069142111
6247,33703034000,62419737,1069684932
6248,33703627000,58413389,1070177337
6249,33704219000,54432467,1070674060
6250,33704812000,50421978,1071102256
6251,33705405000,46421695,1071515510
6252,33705997000,42411501,1071913728
6253,33706590000,38465410,1072208628
6254,33707182000,34492137,1072537158
6255,33707775000,30448787,1072800548
6256,33708368000,26461692,1073056574
6257,33708960000,22460951,1073233949
6258,33709553000,18470497,1073381682
6259,33710146000,14505493,1073554325
6260,33710738000,10461922,1073659470
6261,33711331000,6490283,1073719727
6262,33711924000,2499586,1073756787
6263,33712516000,-1478514,1073740620
6264,33713109000,-5493959,1073716866
6265,33713702000,-9489312,1073651909
6266,33714294000,-13510343,1073594502
6267,33714887000,-17486813,1073470594
6268,33715479000,-21525319,1073288950
6269,33716072000,-25486763,1073093783
6270,33716665000,-29458021,1072895483
6271,33717257000,-33463499,1072618713
6272,33717850000,-37480016,1072295460
6273,33718443000,-41473316,1071957559
6274,33719035000,-45449688,1071616106
6275,33719628000,-49462010,1071215100
6276,33720221000,-53445748,1070788525
6277,33720813000,-57435406,1070304635
6278,33721406000,-61399705,1069812266
6279,33721998000,-65436603,1069275377
6280,33722591000,-69398666,1068720843
6281,33723184000,-73388250,1068121518
6282,33723776000,-77377356,1067495718
6283,33724369000,-81355615,1066832316
6284,33724962000,-85334240,1066147093
6285,33725554000,-89324932,1065411209
6286,33726147000,-93297478,1064629940
6287,33726740000,-97271283,1063847465
6288,33727332000,-101281148,1062991304
6289,33727925000,-105233848,1062160022
6290,33728518000,-109214552,1061294963
6291,33729110000,-113181022,1060322069
6292,33729703000,-117199987,1059374504
6293,33730295000,-121154428,1058350992
6294,33730888000,-125110852,1057318951
6295,33731481000,-129086833,1056283099
6296,33732073000,-133046055,1055177377
6297,33732666000,-137007446,1054029105
6298,33733259000,-140947259,1052908049
6299,33733851000,-144943970,1051679307
6300,33734444000,-148882503,1050479760
6301,33735037000,-152886723,1049232208
6302,33735629000,-156820982,1047945630
6303,33736222000,-160757240,1046612093
6304,33736814000,-164737594,1045231321
6305,33737407000,-168646810,1043877939
6306,33738000000,-172623717,1042404684
6307,33738592000,-176515840,1041007499
6308,33739185000,-180469813,1039497379
6309,33739778000,-184424067,1037971790
6310,33740370000,-188401976,1036410507
6311,33740963000,-192337215,1034834153
6312,33741556000,-196236961,1033218903
6313,33742148000,-200168151,1031566684
6314,33742741000,-204101850,1029902907
6315,33743334000,-207999688,1028193727
6316,33743926000,-211922103,1026425950
6317,33744519000,-215848351,1024661465
6318,33745111000,-219753600,1022881723
6319,33745704000,-223660272,1021016634
6320,33746297000,-227573123,1019124938
6321,33746889000,-231509034,1017253102
6322,33747482000,-235393435,1015322201
6323,33748075000,-239280937,1013342660
6324,33748667000,-243171033,1011345932
6325,33749260000,-247065846,1009310811
6326,33749853000,-250931840,1007265425
6327,33750445000,-254828664,1005155365
6328,33751038000,-258727206,1003026409
6329,33751630000,-262597238,1000878936
6330,33752223000,-266475892,998676321
6331,33752816000,-270346936,996474234
6332,33753408000,-274212972,994211349
6333,33754001000,-278075476,991942034
6334,33754594000,-281931348,989618094
6335,33755186000,-285784305,987261286
6336,33755779000,-289643306,984919231
6337,33756372000,-293517371,982490508
6338,33756964000,-297353593,980051367
6339,33757557000,-301173081,977635475
6340,33758150000,-304995775,975134386
6341,33758742000,-308818729,972590326
6342,33759335000,-312646496,970029202
6343,33759927000,-316463178,967444497
6344,33760520000,-320311234,964800917
6345,33761113000,-324095799,962174803
6346,33761705000,-327896727,959519844
6347,33762298000,-331689158,956781241
6348,33762891000,-335525911,954081136
6349,33763483000,-339316863,951291125
6350,33764076000,-343116112,948498927
6351,33764669000,-346889479,945658051
6352,33765261000,-350659380,942854924
6353,33765854000,-354459574,939930429
6354,33766446000,-358222963,937054114
6355,33767039000,-361991451,934082127
6356,33767632000,-365734039,931123701
6357,33768224000,-369497995,928113119
6358,33768817000,-373215579,925078282
6359,33769410000,-376990831,922025146
6360,33770002000,-380705521,918919677
6361,33770595000,-384439876,915837060
6362,33771188000,-388162602,912695675
6363,33771780000,-391913172,909532031
6364,33772373000,-395623641,906312456
6365,33772966000,-399355659,903111359
6366,33773558000,-403044315,899831060
6367,33774151000,-406742324,896557318
6368,33774743000,-410434014,893221564
6369,33775336000,-414133534,889867445
6370,33775929000,-417821432,886496905
6371,33776521000,-421529193,883122297
6372,33777114000,-425153625,879671031
6373,33777707000,-428828985,876267357
6374,33778299000,-432507677,872787895
6375,33778892000,-436163145,869268389
6376,33779485000,-439824278,865711128
6377,33780077000,-443449367,862123509
6378,33780670000,-447100420,858580508
6379,33781262000,-450720403,854950483
6380,33781855000,-454364778,851310420
6381,33782448000,-457942494,847654283
6382,33783040000,-461561163,843962361
6383,33783633000,-465170017,840237180
6384,33784226000,-468761525,836500537
6385,33784818000,-472359077,832733837
6386,33785411000,-475963793,828933377
6387,33786004000,-479562063,825087574
6388,33786596000,-483142711,821254615
6389,33787189000,-486624889,817378985
6390,33787782000,-490229890,813499949
6391,33788374000,-493776407,809551715
6392,33788967000,-497330747,805608736
6393,33789559000,-500845999,801628381
6394,33790152000,-504383561,797651458
6395,33790745000,-507932013,793587707
6396,33791337000,-511443606,789528416
6397,33791930000,-514952310,785479963
6398,33792523000,-518457348,781379439
6399,33793115000,-521940469,777240990
6400,33793708000,-525431067,773084900
6401,33794301000,-528929872,768927040
6402,33794893000,-532391610,764741625
6403,33795486000,-535853455,760496392
6404,33796078000,-539290016,756278787
6405,33796671000,-542782126,752017856
6406,33797264000,-546237944,747683002
6407,33797856000,-549647665,743393131
6408,33798449000,-553093162,739048232
6409,33799042000,-556495017,734717994
6410,33799634000,-559910082,730280304
6411,33800227000,-563308582,725897779
6412,33800820000,-566708433,721460598
6413,33801412000,-570134660,717010725
6414,33802005000,-573518035,712544322
6415,33802598000,-576882627,708051463
6416,33803190000,-580236794,703566383
6417,33803783000,-583586488,698991428
6418,33804375000,-586940062,694440304
6419,33804968000,-590313848,689856755
6420,33805561000,-593635126,685251041
6421,33806153000,-596967160,680621069
6422,33806746000,-600288326,675974004
6423,33807339000,-603570406,671314787
6424,33807931000,-606887755,666626008
6425,33808524000,-610202484,661921163
6426,33809117000,-613494517,657188164
6427,33809709000,-616721965,652417620
6428,33810302000,-620000218,647666093
6429,33810894000,-623236212,642863878
6430,33811487000,-626520265,638090191
6431,33812080000,-629759376,633194342
6432,33812672000,-632969035,628370523
6433,33813265000,-636215455,623496268
6434,33813858000,-639410063,618604552
6435,33814450000,-642654801,613672578
6436,33815043000,-645843361,608764866
6437,33815636000,-649003658,603831735
6438,33816228000,-652214355,598864721
6439,33816821000,-655372478,593863432
6440,33817414000,-658536185,588878365
6441,33818006000,-661693748,583858206
6442,33818599000,-664815030,578791676
6443,33819191000,-667968274,573754309
6444,33819784000,-671042941,568703150
6445,33820377000,-674199248,563562768
6446,33820969000,-677299623,558453948
6447,33821562000,-680398685,553310721
6448,33822155000,-683487437,548175919
6449,33822747000,-686554183,542999324
6450,33823340000,-689617544,537833761
6451,33823933000,-692674017,532650432
6452,33824525000,-695741440,527411030
6453,33825118000,-698784116,522185496
6454,33825710000,-701838468,516938675
6455,33826303000,-704829171,511696563
6456,33826896000,-707848729,506422560
6457,33827488000,-710867584,501082369
6458,33828081000,-713811106,495804284
6459,33828674000,-716810481,490475791
6460,33829266000,-719756119,485152293
6461,33829859000,-722749112,479776433
6462,33830452000,-725686809,474380295
6463,33831044000,-728632986,469033068
6464,33831637000,-731602664,463625190
6465,33832230000,-734495404,458200757
6466,33832822000,-737385917,452762449
6467,33833415000,-740306807,447334910
6468,33834007000,-743184999,441893612
6469,33834600000,-746070305,436403195
6470,33835193000,-748928461,430907448
6471,33835785000,-751765115,425406165
6472,33836378000,-754643452,419901836
6473,33836971000,-757476547,414405820
6474,33837563000,-760299344,408870924
6475,33838156000,-763139926,403299463
6476,33838749000,-765942144,397753078
6477,33839341000,-768729156,392142506
6478,33839934000,-771502884,386587490
6479,33840526000,-774281178,381001020
6480,33841119000,-777025680,375377150
6481,33841712000,-779816132,369749605
6482,33842304000,-782558375,364109885
6483,33842897000,-785289917,358457768
6484,33843490000,-787998672,352820808
6485,33844082000,-790683320,347152772
6486,33844675000,-793422532,341475005
6487,33845268000,-796102617,335748072
6488,33845860000,-798775501,330068591
6489,33846453000,-801424567,324352911
6490,33847046000,-804116359,318630477
6491,33847638000,-806723353,312908926
6492,33848231000,-809379192,307205417
6493,33848823000,-811991472,301430696
6494,33849416000,-814597951,295643304
6495,33850009000,-817219400,289896866
6496,33850601000,-819774064,284115084
6497,33851194000,-822363761,278314792
6498,33851787000,-824929325,272539398
6499,33852379000,-827476584,266744261
6500,33852972000,-830011087,260888792
6501,33853565000,-832533211,255113884
6502,33854157000,-835098006,249276038
6503,33854750000,-837575672,243438383
6504,33855342000,-840060286,237592146
6505,33855935000,-842531740,231756779
6506,33856528000,-845045088,225898002
6507,33857120000,-847486206,220028068
6508,33857713000,-849938401,214148419
6509,33858306000,-852374294,208281252
6510,33858898000,-854804085,202379358
6511,33859491000,-857181644,196522888
6512,33860084000,-859596923,190615811
6513,33860676000,-861979998,184695482
6514,33861269000,-864338728,178795383
6515,33861862000,-866734083,172875036
6516,33862454000,-869116170,166975186
6517,33863047000,-871443623,161021649
6518,33863639000,-873761971,155105144
6519,33864232000,-876076248,149163717
6520,33864825000,-878399920,143224388
6521,33865417000,-880658307,137294684
6522,33866010000,-882960908,131301034
6523,33866603000,-885234511,125393120
6524,33867195000,-887479499,119418969
6525,33867788000,-889742518,113439149
6526,33868381000,-891952489,107512616
6527,33868973000,-894207179,101520397
6528,33869566000,-896377982,95574774
6529,33870158000,-898574847,89560823
6530,33870751000,-900773275,83580598
6531,33871344000,-902925459,77644717
6532,33871936000,-905079995,71669979
6533,33872529000,-907242442,65646564
6534,33873122000,-909338746,59693549
6535,33873714000,-911470857,53722302
6536,33874307000,-913579470,47727610
6537,33874900000,-915678963,41713818
6538,33875492000,-917754658,35709462
6539,33876085000,-919806986,29758046
6540,33876678000,-921898993,23721065
6541,33877270000,-923936093,17762379
6542,33877863000,-925940950,11767528
6543,33878455000,-927983618,5776878
6544,33879048000,-929950872,-223139
6545,33879641000,-931970266,-6210944
6546,33880233000,-933930081,-12215090
6547,33880826000,-935919760,-18204258
6548,33881419000,-937868968,-24223868
6549,33882011000,-939792503,-30192362
6550,33882604000,-941722391,-36177487
6551,33883197000,-943637690,-42176270
6552,33883789000,-945539357,-48171986
6553,33884382000,-947423807,-54165120
6554,33884974000,-949275815,-60142537
6555,33885567000,-951159105,-66127826
6556,33886160000,-953011289,-72129842
6557,33886752000,-954828295,-78061778
6558,33887345000,-956666284,-84060001
6559,33887938000,-958493765,-90070130
6560,33888530000,-960259959,-95996724
6561,33889123000,-962043490,-101993514
6562,33889716000,-963827743,-107951644
6563,33890308000,-965572507,-113936884
6564,33890901000,-967319440,-119884129
6565,33891494000,-969058409,-125837139
6566,33892086000,-970785683,-131791495
6567,33892679000,-972451913,-137717411
6568,33893271000,-974128206,-143659122
6569,33893864000,-975842621,-149612948
6570,33894457000,-977487530,-155555741
6571,33895049000,-979151363,-161491226
6572,33895642000,-980746282,-167390543
6573,33896235000,-982384306,-173324440
6574,33896827000,-984019316,-179230280
6575,33897420000,-985598051,-185145203
6576,33898013000,-987137320,-191022008
6577,33898605000,-988743164,-196969007
6578,33899198000,-990294654,-202834210
6579,33899790000,-991828045,-208684612
6580,33900383000,-993328734,-214605775
6581,33900976000,-994849013,-220465736
6582,33901568000,-996341009,-226332643
6583,33902161000,-997844694,-232143115
6584,33902754000,-999294144,-238029990
6585,33903346000,-1000751849,-243904115
6586,33903939000,-1002212575,-249688447
6587,33904532000,-1003624175,-255537055
6588,33905124000,-1005045793,-261365603
6589,33905717000,-1006460320,-267168408
6590,33906310000,-1007827495,-272963808
6591,33906902000,-1009210915,-278724273
6592,33907495000,-1010555817,-284519906
6593,33908087000,-1011891428,-290310664
6594,33908680000,-1013228438,-296068990
6595,33909273000,-1014524467,-301866196
6596,33909865000,-1015871767,-307604552
6597,33910458000,-1017123110,-313322207
6598,33911051000,-1018407109,-319079833
6599,33911643000,-1019664031,-324796397
6600,33912236000,-1020939789,-330505816
6601,33912829000,-1022142884,-336183100
6602,33913421000,-1023337389,-341902446
6603,33914014000,-1024544021,-347544053
6604,33914606000,-1025755508,-353216911
6605,33915199000,-1026939071,-358894094
6606,33915792000,-1028115779,-364531784
6607,33916384000,-1029251576,-370180126
6608,33916977000,-1030377783,-375766723
6609,33917570000,-1031471782,-381408552
6610,33918162000,-1032608336,-387013387
6611,33918755000,-1033654543,-392592393
6612,33919348000,-1034750557,-398130615
6613,33919940000,-1035813471,-403702844
6614,33920533000,-1036865449,-409277646
6615,33921126000,-1037884591,-414818548
6616,33921718000,-1038894933,-420302604
6617,33922311000,-1039940652,-425844083
6618,33922903000,-1040891185,-431320325
6619,33923496000,-1041869060,-436798714
6620,33924089000,-1042842773,-442297602
6621,33924681000,-1043777780,-447713184
6622,33925274000,-1044686206,-453170352
6623,33925867000,-1045617035,-458620069
6624,33926459000,-1046520556,-464044773
6625,33927052000,-1047389616,-469415188
6626,33927645000,-1048295247,-474801943
6627,33928237000,-1049141434,-480180363
6628,33928830000,-1049991302,-485528741
6629,33929422000,-1050841920,-490878790
6630,33930015000,-1051668771,-496214602
6631,33930608000,-1052404522,-501491663
6632,33931200000,-1053220981,-506778280
6633,33931793000,-1053967551,-512055095
6634,33932386000,-1054764698,-517326805
6635,33932978000,-1055511407,-522604759
6636,33933571000,-1056204723,-527824921
6637,33934164000,-1056918755,-533037798
6638,33934756000,-1057583851,-538224438
6639,33935349000,-1058323198,-543389850
6640,33935942000,-1058971300,-548594155
6641,33936534000,-1059616370,-553688982
6642,33937127000,-1060260160,-558853279
6643,33937719000,-1060901272,-563962059
6644,33938312000,-1061489274,-569040195
6645,33938905000,-1062103182,-574105911
6646,33939497000,-1062670059,-579179020
6647,33940090000,-1063214479,-584210656
6648,33940683000,-1063797626,-589242467
6649,33941275000,-1064321413,-594247424
6650,33941868000,-1064855812,-599208851
6651,33942461000,-1065343692,-604184615
6652,33943053000,-1065872825,-609121208
6653,33943646000,-1066306327,-614072435
6654,33944238000,-1066758127,-618965709
6655,33944831000,-1067232355,-623839908
6656,33945424000,-1067658511,-628723696
6657,33946016000,-1068092398,-633561827
6658,33946609000,-1068458195,-638406693
6659,33947202000,-1068895157,-643178442
6660,33947794000,-1069266411,-648018440
6661,33948387000,-1069623770,-652788036
6662,33948980000,-1069951965,-657535811
6663,33949572000,-1070301793,-662268598
6664,33950165000,-1070591389,-666954532
6665,33950758000,-1070893397,-671651993
6666,33951350000,-1071146124,-676310678
6667,33951943000,-1071422557,-680957924
6668,33952535000,-1071685953,-685567206
6669,33953128000,-1071944942,-690180927
6670,33953721000,-1072160263,-694760945
6671,33954313000,-1072387517,-699352987
6672,33954906000,-1072552002,-703902136
6673,33955499000,-1072761645,-708436198
6674,33956091000,-1072896428,-712873804
6675,33956684000,-1073056853,-717375053
6676,33957277000,-1073199029,-721820735
6677,33957869000,-1073333901,-726257364
6678,33958462000,-1073443010,-730659986
6679,33959054000,-1073527734,-735056068
6680,33959647000,-1073586757,-739381244
6681,33960240000,-1073644135,-743723087
6682,33960832000,-1073710196,-748048393
6683,33961425000,-1073741619,-752327551
6684,33962018000,-1073735506,-756577035
6685,33962610000,-1073748594,-760807095
6686,33963203000,-1073747328,-765073260
6687,33963796000,-1073691835,-769248700
6688,33964388000,-1073667785,-773418781
6689,33964981000,-1073604258,-777556286
6690,33965574000,-1073552533,-781691622
6691,33966166000,-1073481729,-785807797
6692,33966759000,-1073358752,-789856475
6693,33967351000,-1073234749,-793898018
6694,33967944000,-1073126817,-797928748
6695,33968537000,-1072951029,-801929018
6696,33969129000,-1072804157,-805925232
6697,33969722000,-1072599524,-809848331
6698,33970315000,-1072426985,-813763402
6699,33970907000,-1072192419,-817662658
6700,33971500000,-1072025271,-821563829
6701,33972093000,-1071740712,-825371501
6702,33972685000,-1071516874,-829220246
6703,33973278000,-1071271256,-833002326
6704,33973870000,-1070965629,-836777449
6705,33974463000,-1070654868,-840511593
6706,33975056000,-1070342430,-844233024
6707,33975648000,-1070025876,-847928146
6708,33976241000,-1069691795,-851596949
6709,33976834000,-1069335661,-855237957
6710,33977426000,-1068978102,-858834364
6711,33978019000,-1068586960,-862463426
6712,33978612000,-1068170944,-865997255
6713,33979204000,-1067758906,-869521299
6714,33979797000,-1067366267,-873031719
6715,33980390000,-1066899438,-876478287
6716,33980982000,-1066447952,-879947983
6717,33981575000,-1065959471,-883357208
6718,33982167000,-1065476250,-886754558
6719,33982760000,-1065001795,-890161358
6720,33983353000,-1064444327,-893442527
6721,33983945000,-1063933451,-896779945
6722,33984538000,-1063398500,-900101733
6723,33985131000,-1062801046,-903308742
6724,33985723000,-1062269601,-906561773
6725,33986316000,-1061672775,-909753588
6726,33986909000,-1061041444,-912928063
6727,33987501000,-1060423218,-916070875
6728,33988094000,-1059817078,-919189027
6729,33988686000,-1059147639,-922256554
6730,33989279000,-1058501101,-925355941
6731,33989872000,-1057801930,-928335446
6732,33990464000,-1057129167,-931340047
6733,33991057000,-1056399516,-934305155
6734,33991650000,-1055680799,-937245560
6735,33992242000,-1054940930,-940151781
6736,33992835000,-1054184246,-943017713
6737,33993428000,-1053414553,-945870787
6738,33994020000,-1052641343,-948732069
6739,33994613000,-1051852871,-951505960
6740,33995206000,-1051032068,-954258151
6741,33995798000,-1050202415,-957017297
6742,33996391000,-1049376944,-959715768
6743,33996983000,-1048511177,-962403996
6744,33997576000,-1047659071,-965025094
6745,33998169000,-1046755684,-967648176
6746,33998761000,-1045853588,-970208279
6747,33999354000,-1044947719,-972784587
6748,33999947000,-1044007750,-975302949
6749,34000539000,-1043075088,-977793765
6750,34001132000,-1042122074,-980281199
6751,34001725000,-1041158035,-982707802
6752,34002317000,-1040152768,-985066077
6753,34002910000,-1039198113,-987477546
6754,34003502000,-1038155026,-989795961
6755,34004095000,-1037106817,-992121812
6756,34004688000,-1036092682,-994382430
6757,34005280000,-1035034263,-996635640
6758,34005873000,-1033952517,-998845179
6759,34006466000,-1032895127,-1001031206
6760,34007058000,-1031772063,-1003177336
6761,34007651000,-1030686713,-1005318391
6762,34008244000,-1029533066,-1007412610
6763,34008836000,-1028394840,-1009419917
6764,34009429000,-1027247731,-1011496760
6765,34010022000,-1026070778,-1013457195
6766,34010614000,-1024888498,-1015443706
6767,34011207000,-1023684178,-1017362344
6768,34011799000,-1022451486,-1019292974
6769,34012392000,-1021228054,-1021134818
6770,34012985000,-1020026070,-1022988892
6771,34013577000,-1018743069,-1024783451
6772,34014170000,-1017499882,-1026547663
6773,34014763000,-1016187738,-1028318773
6774,34015355000,-1014909921,-1030005926
6775,34015948000,-1013539154,-1031674656
6776,34016541000,-1012257170,-1033356555
6777,34017133000,-1010925321,-1034965609
6778,34017726000,-1009547855,-1036527136
6779,34018318000,-1008209325,-1038088980
6780,34018911000,-1006816983,-1039606848
6781,34019504000,-1005417560,-1041083725
6782,34020096000,-1003992545,-1042544659
6783,34020689000,-1002608805,-1043970217
6784,34021282000,-1001123952,-1045348648
6785,34021874000,-999693797,-1046701040
6786,34022467000,-998230167,-1048022913
6787,34023060000,-996740354,-1049309005
6788,34023652000,-995264970,-1050555946
6789,34024245000,-993750107,-1051798087
6790,34024838000,-992224784,-1052993723
6791,34025430000,-990662940,-1054149000
6792,34026023000,-989145928,-1055256981
6793,34026615000,-987568929,-1056367164
6794,34027208000,-986019718,-1057420774
6795,34027801000,-984403075,-1058446217
6796,34028393000,-982802101,-1059435158
6797,34028986000,-981193940,-1060402634
6798,34029579000,-979528251,-1061278509
6799,34030171000,-977901756,-1062200655
6800,34030764000,-976256919,-1063081521
6801,34031357000,-974577230,-1063890652
6802,34031949000,-972923681,-1064714154
6803,34032542000,-971200307,-1065448727
6804,34033134000,-969484805,-1066146096
6805,34033727000,-967798133,-1066870451
6806,34034320000,-966055562,-1067547900
6807,34034912000,-964267756,-1068172870
6808,34035505000,-962518107,-1068750904
6809,34036098000,-960712351,-1069310151
6810,34036690000,-958970876,-1069800885
6811,34037283000,-957127791,-1070371049
6812,34037876000,-955359968,-1070792540
6813,34038468000,-953495188,-1071235569
6814,34039061000,-951651085,-1071631866
6815,34039654000,-949816775,-1072007083
6816,34040246000,-947922001,-1072323529
6817,34040839000,-946037481,-1072598085
6818,34041431000,-944142710,-1072900900
6819,34042024000,-942224514,-1073101980
6820,34042617000,-940305128,-1073311398
6821,34043209000,-938388157,-1073471700
6822,34043802000,-936416476,-1073582153
6823,34044395000,-934467516,-1073677939
6824,34044987000,-932464375,-1073753689
6825,34045580000,-930468586,-1073791342
6826,34046173000,-928469819,-1073774091
6827,34046765000,-926478810,-1073723380
6828,34047358000,-924469403,-1073655370
6829,34047950000,-922433435,-1073555172
6830,34048543000,-920344228,-1073373081
6831,34049136000,-918313044,-1073233615
6832,34049728000,-916226827,-1073014974
6833,34050321000,-914137445,-1072783213
6834,34050914000,-912029065,-1072513701
6835,34051506000,-909909765,-1072198119
6836,34052099000,-907783831,-1071826143
6837,34052692000,-905639861,-1071486957
6838,34053284000,-903478001,-1071043245
6839,34053877000,-901334676,-1070622831
6840,34054470000,-899122681,-1070179758
6841,34055062000,-896963371,-1069658899
6842,34055655000,-894745590,-1069102334
6843,34056247000,-892560511,-1068524784
6844,34056840000,-890357280,-1067937656
6845,34057433000,-888058781,-1067304534
6846,34058025000,-885788972,-1066597164
6847,34058618000,-883579853,-1065899509
6848,34059211000,-881300336,-1065164818
6849,34059803000,-878981181,-1064397781
6850,34060396000,-876694131,-1063589051
6851,34060989000,-874378421,-1062729197
6852,34061581000,-872051603,-1061866782
6853,34062174000,-869701145,-1060947321
6854,34062766000,-867371200,-1060029434
6855,34063359000,-865019723,-1059043352
6856,34063952000,-862656324,-1058049055
6857,34064544000,-860226752,-1056998741
6858,34065137000,-857832406,-1055903655
6859,34065730000,-855429657,-1054826508
6860,34066322000,-853021612,-1053695063
6861,34066915000,-850566555,-1052505679
6862,34067508000,-848148107,-1051321087
6863,34068100000,-845693820,-1050063361
6864,34068693000,-843204792,-1048829494
6865,34069286000,-840710772,-1047510457
6866,34069878000,-838225784,-1046169657
6867,34070471000,-835736154,-1044809994
6868,34071063000,-833219649,-1043402874
6869,34071656000,-830685279,-1041979533
6870,34072249000,-828155688,-1040495535
6871,34072841000,-825594450,-1038975153
6872,34073434000,-823033571,-1037490945
6873,34074027000,-820450728,-1035895548
6874,34074619000,-817866116,-1034305255
6875,34075212000,-815276067,-1032712445
6876,34075805000,-812664691,-1031048502
6877,34076397000,-810056055,-1029325594
6878,34076990000,-807419997,-1027608230
6879,34077582000,-804782904,-1025896364
6880,34078175000,-802091696,-1024083519
6881,34078768000,-799495072,-1022281932
6882,34079360000,-796840332,-1020430507
6883,34079953000,-794137605,-1018550231
6884,34080546000,-791414420,-1016622947
6885,34081138000,-788702308,-1014685999
6886,34081731000,-785980713,-1012673764
6887,34082324000,-783278092,-1010706210
6888,34082916000,-780542561,-1008653990
6889,34083509000,-777795926,-1006590050
6890,34084102000,-775010468,-1004468912
6891,34084694000,-772254163,-1002346823
6892,34085287000,-769483929,-1000153696
6893,34085879000,-766675112,-997993370
6894,34086472000,-763873120,-995762114
6895,34087065000,-761052412,-993498990
6896,34087657000,-758210767,-991191705
6897,34088250000,-755365964,-988880004
6898,34088843000,-752551701,-986526765
6899,34089435000,-749694410,-984169069
6900,34090028000,-746831901,-981739455
6901,34090621000,-743954391,-979292441
6902,34091213000,-741063101,-976817744
6903,34091806000,-738191695,-974318084
6904,34092398000,-735260656,-971775274
6905,34092991000,-732344199,-969205634
6906,34093584000,-729430434,-966596758
6907,34094176000,-726462219,-963996546
6908,34094769000,-723503045,-961334206
6909,34095362000,-720565963,-958644100
6910,34095954000,-717623052,-955928862
6911,34096547000,-714599477,-953168700
6912,34097140000,-711643441,-950422328
6913,34097732000,-708633214,-947618801
6914,34098325000,-705632456,-944773271
6915,34098918000,-702602412,-941892794
6916,34099510000,-699591708,-938963916
6917,34100103000,-696545006,-936088627
6918,34100695000,-693518433,-933113358
6919,34101288000,-690454553,-930177591
6920,34101881000,-687398613,-927126317
6921,34102473000,-684308689,-924116505
6922,34103066000,-681225695,-921033858
6923,34103659000,-678137234,-917942864
6924,34104251000,-675032158,-914816396
6925,34104844000,-671936145,-911673663
6926,34105437000,-668785084,-908486003
6927,34106029000,-665654083,-905269506
6928,34106622000,-662522792,-902047460
6929,34107214000,-659349467,-898742851
6930,34107807000,-656216851,-895465302
6931,34108400000,-653012318,-892125471
6932,34108992000,-649868600,-888792366
6933,34109585000,-646697444,-885441210
6934,34110178000,-643482913,-882010919
6935,34110770000,-640282396,-878612774
6936,34111363000,-637092216,-875151889
6937,34111956000,-633839963,-871644068
6938,34112548000,-630600212,-868103009
6939,34113141000,-627366609,-864596678
6940,34113734000,-624107577,-861009128
6941,34114326000,-620872378,-857420566
6942,34114919000,-617596390,-853798840
6943,34115511000,-614296794,-850114718
6944,34116104000,-611039580,-846475163
6945,34116697000,-607725689,-842768970
6946,34117289000,-604468440,-839043969
6947,34117882000,-601158498,-835296985
6948,34118475000,-597838232,-831508187
6949,34119067000,-594495694,-827694290
6950,34119660000,-591155522,-823834544
6951,34120253000,-587821911,-819980276
6952,34120845000,-584491872,-816153689
6953,34121438000,-581112808,-812216991
6954,34122030000,-577754466,-808261338
6955,34122623000,-574414225,-804331390
6956,34123216000,-571004116,-800333383
6957,34123808000,-567628404,-796317044
6958,34124401000,-564248678,-792308861
6959,34124994000,-560831361,-788246494
6960,34125586000,-557397802,-784153972
6961,34126179000,-553986268,-780052877
6962,34126772000,-550561738,-775918768
6963,34127364000,-547153465,-771749983
6964,34127957000,-543651374,-767574027
6965,34128550000,-540271843,-763388988
6966,34129142000,-536774358,-759153125
6967,34129735000,-533315249,-754885935
6968,34130327000,-529872506,-750643604
6969,34130920000,-526350947,-746314420
6970,34131513000,-522859495,-741988582
6971,34132105000,-519372328,-737674605
6972,34132698000,-515838438,-733254635
6973,34133291000,-512367418,-728923695
6974,34133883000,-508863530,-724495178
6975,34134476000,-505323431,-720031416
6976,34135069000,-501798223,-715592012
6977,34135661000,-498261187,-711126711
6978,34136254000,-494696105,-706601554
6979,34136846000,-491156998,-702092127
6980,34137439000,-487613033,-697538618
6981,34138032000,-484053067,-692969731
6982,34138624000,-480480025,-688365914
6983,34139217000,-476882214,-683737795
6984,34139810000,-473300914,-679111342
6985,34140402000,-469712392,-674470863
6986,34140995000,-466138919,-669808661
6987,34141588000,-462512761,-665096446
6988,34142180000,-458896413,-660384026
6989,34142773000,-455296705,-655618514
6990,34143366000,-451680558,-650891606
6991,34143958000,-448034952,-646121043
6992,34144551000,-444400905,-641284912
6993,34145143000,-440755934,-636499038
6994,34145736000,-437127975,-631663583
6995,34146329000,-433461170,-626814819
6996,34146921000,-429831202,-621913455
6997,34147514000,-426156724,-617010686
6998,34148107000,-422476264,-612116144
6999,34148699000,-418758817,-607164400
7000,34149292000,-415107960,-602208848
7001,34149885000,-411442627,-597237814
7002,34150477000,-407722423,-592269714
7003,34151070000,-404005360,-587240785
7004,34151662000,-400302309,-582205301
7005,34152255000,-396598077,-577126979
7006,34152848000,-392882382,-572076013
7007,34153440000,-389152857,-567018948
7008,34154033000,-385460622,-561942391
7009,34154626000,-381724440,-556800155
7010,34155218000,-377970940,-551676163
7011,34155811000,-374221770,-546514655
7012,34156404000,-370501676,-541384143
7013,34156996000,-366722767,-536164977
7014,34157589000,-362975882,-530995186
7015,34158182000,-359196012,-525741865
7016,34158774000,-355453591,-520525184
7017,34159367000,-351657926,-515289796
7018,34159959000,-347874844,-509972967
7019,34160552000,-344092766,-504703001
7020,34161145000,-340337816,-499401363
7021,34161737000,-336526272,-494096924
7022,34162330000,-332704770,-488758976
7023,34162923000,-328916307,-483385762
7024,34163515000,-325115311,-478049110
7025,34164108000,-321317563,-472680671
7026,34164701000,-317489404,-467270160
7027,34165293000,-313684797,-461889961
7028,34165886000,-309826161,-456474170
7029,34166478000,-305991210,-451029467
7030,34167071000,-302194208,-445593680
7031,34167664000,-298317234,-440081686
7032,34168256000,-294505465,-434672635
7033,34168849000,-290631358,-429141963
7034,34169442000,-286819468,-423662616
7035,34170034000,-282984296,-418156539
7036,34170627000,-279085219,-412607775
7037,34171220000,-275224282,-407058656
7038,34171812000,-271334639,-401503961
7039,34172405000,-267498962,-395954457
7040,34172998000,-263608516,-390378734
7041,34173590000,-259718093,-384768063
7042,34174183000,-255881603,-379187791
7043,34174775000,-251991683,-373557675
7044,34175368000,-248082361,-367905613
7045,34175961000,-244207395,-362302176
7046,34176553000,-240325497,-356687247
7047,34177146000,-236421877,-351000714
7048,34177739000,-232533335,-345331742
7049,34178331000,-228586261,-339612985
7050,34178924000,-224701894,-333957833
7051,34179517000,-220824959,-328259467
7052,34180109000,-216882184,-322551259
7053,34180702000,-212989905,-316819376
7054,34181294000,-209044708,-311045323
7055,34181887000,-205119231,-305334100
7056,34182480000,-201225945,-299584036
7057,34183072000,-197257818,-293788272
7058,34183665000,-193351290,-288046469
7059,34184258000,-189424350,-282267452
7060,34184850000,-185444623,-276444784
7061,34185443000,-181515091,-270662899
7062,34186036000,-177589927,-264843705
7063,34186628000,-173662654,-259033999
7064,34187221000,-169693793,-253212434
7065,34187814000,-165749010,-247401686
7066,34188406000,-161797883,-241577604
7067,34188999000,-157851470,-235723334
7068,34189591000,-153891003,-229849074
7069,34190184000,-149951834,-223971917
7070,34190777000,-145997592,-218152686
7071,34191369000,-142015549,-212242469
7072,34191962000,-138082706,-206399619
7073,34192555000,-134113650,-200480508
7074,34193147000,-130151762,-194607546
7075,34193740000,-126151529,-188706432
7076,34194333000,-122179819,-182794048
7077,34194925000,-118238477,-176897941
7078,34195518000,-114261058,-170988505
7079,34196110000,-110248241,-165025791
7080,34196703000,-106276748,-159142408
7081,34197296000,-102327714,-153232512
7082,34197888000,-98363760,-147263807
7083,34198481000,-94394708,-141322503
7084,34199074000,-90376087,-135357777
7085,34199666000,-86401168,-129416538
7086,34200259000,-82381384,-123458541
7087,34200852000,-78412948,-117507728
7088,34201444000,-74465068,-111564821
7089,34202037000,-70477547,-105611154
7090,34202630000,-66452648,-99638232
7091,34203222000,-62475042,-93660106
7092,34203815000,-58480441,-87681380
7093,34204407000,-54494001,-81676331
7094,34205000000,-50512405,-75718160
7095,34205593000,-46503454,-69743462
7096,34206185000,-42502255,-63736676
7097,34206778000,-38517601,-57741122
7098,34207371000,-34508187,-51763777
7099,34207963000,-30548069,-45774019
7100,34208556000,-26542509,-39818542
7101,34209149000,-22545761,-33807219
7102,34209741000,-18552222,-27815708
7103,34210334000,-14541143,-21792353
7104,34210926000,-10551371,-15805388
7105,34211519000,-6546022,-9844757
7106,34212112000,-2565761,-3862267
7107,34212704000,1461602,2181133
7108,34213297000,5423590,8153548
7109,34213890000,9435131,14161570
7110,34214482000,13431217,20146747
7111,34215075000,17401823,26129723
7112,34215668000,21424927,32125397
7113,34216260000,25415541,38107690
7114,34216853000,29441188,44122094
7115,34217446000,33410698,50110174
7116,34218038000,37377265,56080150
7117,34218631000,41386635,62078472
7118,34219223000,45364553,68027673
7119,34219816000,49373559,74038951
7120,34220409000,53364879,80030315
7121,34221001000,57339803,85987868
7122,34221594000,61338122,91958268
7123,34222187000,65348658,97928722
7124,34222779000,69331699,103903528
7125,34223372000,73333551,109880979
7126,34223965000,77288260,115791019
7127,34224557000,81296189,121814953
7128,34225150000,85279515,127753107
7129,34225742000,89288720,133704202
7130,34226335000,93245175,139661939
7131,34226928000,97227595,145583598
7132,34227520000,101213063,151546480
7133,34228113000,105178407,157459817
7134,34228706000,109166276,163386631
7135,34229298000,113153104,169343383
7136,34229891000,117115835,175227504
7137,34230484000,121078624,181147543
7138,34231076000,125076821,187058949
7139,34231669000,129018638,192947388
7140,34232262000,132989713,198841240
7141,34232854000,136939792,204723150
7142,34233447000,140912215,210614071
7143,34234039000,144877689,216459773
7144,34234632000,148835402,222331278
7145,34235225000,152780233,228216765
7146,34235817000,156729977,234058275
7147,34236410000,160688018,239916485
7148,34237003000,164659838,245751406
7149,34237595000,168602630,251592419
7150,34238188000,172523097,257438109
7151,34238781000,176468565,263212321
7152,34239373000,180452361,269029698
7153,34239966000,184394073,274837434
7154,34240558000,188284682,280643906
7155,34241151000,192242594,286403724
7156,34241744000,196165858,292197430
7157,34242336000,200098408,297937921
7158,34242929000,204027395,303718622
7159,34243522000,207947695,309451664
7160,34244114000,211882313,315173919
7161,34244707000,215775501,320915766
7162,34245300000,219673627,326621625
7163,34245892000,223594869,332334396
7164,34246485000,227496255,338022819
7165,34247078000,231406313,343691864
7166,34247670000,235302378,349371027
7167,34248263000,239209231,355052368
7168,34248855000,243111054,360707573
7169,34249448000,246982718,366346147
7170,34250041000,250903865,371992749
7171,34250633000,254748481,377593042
7172,34251226000,258667372,383212983
7173,34251819000,262511057,388784259
7174,34252411000,266396742,394376162
7175,34253004000,270275218,399950717
7176,34253597000,274153130,405531703
7177,34254189000,277993607,411016697
7178,34254782000,281860995,416608071
7179,34255374000,285698475,422104542
7180,34255967000,289575864,427610857
7181,34256560000,293437686,433125908
7182,34257152000,297251622,438559171
7183,34257745000,301084629,444051200
7184,34258338000,304956467,449515250
7185,34258930000,308719783,454919727
7186,34259523000,312607261,460358697
7187,34260116000,316403985,465767761
7188,34260708000,320187927,471150541
7189,34261301000,324036758,476545866
7190,34261894000,327839596,481905500
7191,34262486000,331676774,487269249
7192,34263079000,335447471,492588906
7193,34263671000,339223315,497896458
7194,34264264000,343058385,503235015
7195,34264857000,346813670,508481121
7196,34265449000,350591901,513781806
7197,34266042000,354373885,519053254
7198,34266635000,358130336,524255699
7199,34267227000,361899657,529472083
7200,34267820000,365654605,534688297
7201,34268413000,369424156,539886531
7202,34269005000,373183751,545088513
7203,34269598000,376942950,550235012
7204,34270190000,380653959,555376266
7205,34270783000,384374593,560464418
7206,34271376000,388103691,565562950
7207,34271968000,391842667,570687931
7208,34272561000,395570076,575720885
7209,34273154000,399263079,580783499
7210,34273746000,402974552,585842141
7211,34274339000,406676536,590840281
7212,34274932000,410369475,595846482
7213,34275524000,414115093,600842320
7214,34276117000,417750468,605786475
7215,34276710000,421445825,610710322
7216,34277302000,425094014,615654217
7217,34277895000,428785455,620543436
7218,34278487000,432426157,625415373
7219,34279080000,436103734,630280205
7220,34279673000,439744609,635127682
7221,34280265000,443384041,639973737
7222,34280858000,447014239,644776953
7223,34281451000,450642939,649537893
7224,34282043000,454303688,654329143
7225,34282636000,457886454,659051902
7226,34283229000,461503431,663767533
7227,34283821000,465116998,668483652
7228,34284414000,468703135,673154756
7229,34285006000,472326675,677818020
7230,34285599000,475920825,682491724
7231,34286192000,479478257,687062438
7232,34286784000,483041725,691675821
7233,34287377000,486628091,696215535
7234,34287970000,490167123,700781547
7235,34288562000,493721973,705339813
7236,34289155000,497230198,709829037
7237,34289748000,500817086,714347057
7238,34290340000,504315824,718789042
7239,34290933000,507881837,723222327
7240,34291526000,511388359,727652603
7241,34292118000,514857193,732060257
7242,34292711000,518377538,736430158
7243,34293303000,521902050,740769005
7244,34293896000,525366128,745100356
7245,34294489000,528872120,749421807
7246,34295081000,532334575,753684379
7247,34295674000,535801237,757962596
7248,34296267000,539256564,762178263
7249,34296859000,542729289,766415948
7250,34297452000,546186081,770611230
7251,34298045000,549608699,774774334
7252,34298637000,552999969,778893090
7253,34299230000,556445250,783006464
7254,34299822000,559871390,787115688
7255,34300415000,563262248,791174579
7256,34301008000,566679329,795215928
7257,34301600000,570061544,799214013
7258,34302193000,573461036,803224668
7259,34302786000,576834315,807174271
7260,34303378000,580213190,811132736
7261,34303971000,583540767,815037231
7262,34304564000,586889282,818920937
7263,34305156000,590232876,822768356
7264,34305749000,593558092,826635521
7265,34306342000,596887585,830435159
7266,34306934000,600242080,834238313
7267,34307527000,603554775,837998770
7268,34308119000,606849049,841744680
7269,34308712000,610089314,845445835
7270,34309305000,613400595,849119384
7271,34309897000,616671338,852749006
7272,34310490000,619947760,856379751
7273,34311083000,623205963,860005810
7274,34311675000,626446542,863585036
7275,34312268000,629698101,867123159
7276,34312861000,632919381,870637380
7277,34313453000,636162592,874183600
7278,34314046000,639384867,877602310
7279,34314638000,642582368,881040854
7280,34315231000,645782224,884471839
7281,34315824000,648979381,887859464
7282,34316416000,652156573,891207963
7283,34317009000,655313293,894561639
7284,34317602000,658442824,897827464
7285,34318194000,661624669,901136545
7286,34318787000,664805799,904385556
7287,34319380000,667901372,907582580
7288,34319972000,671016673,910766012
7289,34320565000,674148776,913951028
7290,34321158000,677250250,917073901
7291,34321750000,680359338,920171284
7292,34322343000,683424293,923252491
7293,34322935000,686521593,926292333
7294,34323528000,689613451,929325238
7295,34324121000,692653799,932313433
7296,34324713000,695689355,935237571
7297,34325306000,698699987,938165707
7298,34325899000,701777566,941107251
7299,34326491000,704786777,943976031
7300,34327084000,707780883,946823912
7301,34327677000,710813678,949627414
7302,34328269000,713810822,952426689
7303,34328862000,716730932,955144972
7304,34329454000,719742073,957909119
7305,34330047000,722731668,960568624
7306,34330640000,725677170,963248819
7307,34331232000,728583040,965882898
7308,34331825000,731529139,968503780
7309,34332418000,734413736,971057353
7310,34333010000,737360184,973601527
7311,34333603000,740240568,976081415
7312,34334196000,743126931,978602647
7313,34334788000,746016372,981022206
7314,34335381000,748868605,983463090
7315,34335974000,751748870,985862340
7316,34336566000,754598954,988213323
7317,34337159000,757428022,990544464
7318,34337751000,760255895,992823759
7319,34338344000,763059624,995079629
7320,34338937000,765881465,997357283
7321,34339529000,768668321,999539452
7322,34340122000,771463468,1001734702
7323,34340715000,774224863,1003880454
7324,34341307000,776968048,1006008322
7325,34341900000,779748739,1008079806
7326,34342493000,782477992,1010087858
7327,34343085000,785252032,1012137810
7328,34343678000,787956760,1014115814
7329,34344270000,790645296,1016073505
7330,34344863000,793346949,1017992587
7331,34345456000,796032713,1019903035
7332,34346048000,798709860,1021746305
7333,34346641000,801398234,1023574592
7334,34347234000,804079027,1025397640
7335,34347826000,806705260,1027146601
7336,34348419000,809333214,1028881908
7337,34349012000,811967910,1030565784
7338,34349604000,814541183,1032256166
7339,34350197000,817164212,1033840448
7340,34350790000,819703537,1035456108
7341,34351382000,822300127,1037038698
7342,34351975000,824869966,1038591175
7343,34352567000,827430983,1040078739
7344,34353160000,829994914,1041571881
7345,34353753000,832496127,1042972772
7346,34354345000,835005390,1044391062
7347,34354938000,837545126,1045804981
7348,34355531000,840040547,1047148435
7349,34356123000,842498320,1048455852
7350,34356716000,844955930,1049707085
7351,34357309000,847449323,1050974932
7352,34357901000,849878893,1052158190
7353,34358494000,852310535,1053355698
7354,34359086000,854750792,1054508607
7355,34359679000,857151120,1055596698
7356,34360272000,859564788,1056694156
7357,34360864000,861939535,1057743042
7358,34361457000,864311763,1058754689
7359,34362050000,866654469,1059720362
7360,34362642000,869038703,1060698194
7361,34363235000,871401242,1061614088
7362,34363828000,873714788,1062508059
7363,34364420000,876038364,1063347992
7364,34365013000,878340308,1064157016
7365,34365606000,880603863,1064939081
7366,34366198000,882944243,1065695416
7367,34366791000,885178838,1066423206
7368,34367383000,887453588,1067065630
7369,34367976000,889667653,1067729731
7370,34368569000,891925100,1068356192
7371,34369161000,894138835,1068939117
7372,34369754000,896345894,1069510354
7373,34370347000,898540933,1070032322
7374,34370939000,900687157,1070485509
7375,34371532000,902904699,1070953642
7376,34372125000,905036301,1071375651
7377,34372717000,907201697,1071721910
7378,34373310000,909317286,1072110905
7379,34373902000,911446419,1072405289
7380,34374495000,913538568,1072692251
7381,34375088000,915626609,1072955582
7382,34375680000,917742729,1073178738
7383,34376273000,919791033,1073352670
7384,34376866000,921837917,1073467369
7385,34377458000,923886619,1073634867
7386,34378051000,925937931,1073676352
7387,34378644000,927933984,1073766441
7388,34379236000,929938292,1073771205
7389,34379829000,931912973,1073754183
7390,34380422000,933917752,1073693640
7391,34381014000,935850754,1073600665
7392,34381607000,937833825,1073502965
7393,34382199000,939757491,1073325674
7394,34382792000,941668092,1073165984
7395,34383385000,943600979,1072941808
7396,34383977000,945527393,1072704451
7397,34384570000,947369036,1072378389
7398,34385163000,949273218,1072106271
7399,34385755000,951120494,1071743113
7400,34386348000,952971166,1071354968
7401,34386941000,954814832,1070941156
7402,34387533000,956626506,1070485163
7403,34388126000,958451596,1070001832
7404,34388718000,960232029,1069476535
7405,34389311000,962037490,1068921549
7406,34389904000,963780209,1068339987
7407,34390496000,965566436,1067725249
7408,34391089000,967291414,1067083503
7409,34391682000,969020105,1066374260
7410,34392274000,970747397,1065643801
7411,34392867000,972439836,1064913707
7412,34393460000,974125350,1064112163
7413,34394052000,975807516,1063305382
7414,34394645000,977457382,1062458732
7415,34395238000,979111892,1061584818
7416,34395830000,980719392,1060644187
7417,34396423000,982360903,1059710350
7418,34397015000,983958401,1058712582
7419,34397608000,985563763,1057734620
7420,34398201000,987158315,1056655349
7421,34398793000,988738696,1055590188
7422,34399386000,990245488,1054469741
7423,34399979000,991794017,1053326166
7424,34400571000,993314921,1052111206
7425,34401164000,994841618,1050914062
7426,34401757000,996323965,1049665950
7427,34402349000,997805443,1048400991
7428,34402942000,999284143,1047073578
7429,34403534000,1000727903,1045707667
7430,34404127000,1002177789,1044362940
7431,34404720000,1003629353,1042966871
7432,34405312000,1005010854,1041468946
7433,34405905000,1006425201,1040020871
7434,34406498000,1007813296,1038523869
7435,34407090000,1009167787,1036974113
7436,34407683000,1010527713,1035408087
7437,34408276000,1011863650,1033774865
7438,34408868000,1013208146,1032194049
7439,34409461000,1014526614,1030458961
7440,34410054000,1015841079,1028807458
7441,34410646000,1017118504,1027075606
7442,34411239000,1018384390,1025315100
7443,34411831000,1019629257,1023478807
7444,34412424000,1020883364,1021663242
7445,34413017000,1022123500,1019818020
7446,34413609000,1023366420,1017923883
7447,34414202000,1024537261,1015967830
7448,34414795000,1025741938,1014042043
7449,34415387000,1026941201,1012061097
7450,34415980000,1028068760,1010028539
7451,34416573000,1029229211,1007989827
7452,34417165000,1030336937,1005910569
7453,34417758000,1031456143,1003796543
7454,34418350000,1032573225,1001638656
7455,34418943000,1033719999,999486964
7456,34419536000,1034732443,997256585
7457,34420128000,1035822508,995031173
7458,34420721000,1036858223,992761165
7459,34421314000,1037888356,990469952
7460,34421906000,1038874988,988109180
7461,34422499000,1039894285,985758601
7462,34423092000,1040866333,983394430
7463,34423684000,1041851858,980957845
7464,34424277000,1042803935,978469406
7465,34424870000,1043754838,975996363
7466,34425462000,1044693337,973501713
7467,34426055000,1045596571,970951290
7468,34426647000,1046506018,968377473
7469,34427240000,1047396416,965763389
7470,34427833000,1048271366,963147635
7471,34428425000,1049131890,960483509
7472,34429018000,1049958494,957784179
7473,34429611000,1050796432,955044815
7474,34430203000,1051619788,952303399
7475,34430796000,1052416250,949497490
7476,34431389000,1053222545,946723268
7477,34431981000,1053947966,943882382
7478,34432574000,1054710367,940975268
7479,34433166000,1055462950,938045867
7480,34433759000,1056200893,935121166
7481,34434352000,1056922630,932182395
7482,34434944000,1057595572,929201030
7483,34435537000,1058283061,926160828
7484,34436130000,1058948707,923125016
7485,34436722000,1059612735,920047890
7486,34437315000,1060268746,916948116
7487,34437908000,1060908450,913826130
7488,34438500000,1061489622,910639543
7489,34439093000,1062094644,907468578
7490,34439686000,1062684326,904204989
7491,34440278000,1063207251,901011294
7492,34440871000,1063780405,897682929
7493,34441463000,1064297536,894412579
7494,34442056000,1064843411,891083215
7495,34442649000,1065314943,887707128
7496,34443241000,1065808491,884319512
7497,34443834000,1066334903,880911232
7498,34444427000,1066758155,877451624
7499,34445019000,1067214590,873982490
7500,34445612000,1067648982,870514013
7501,34446205000,1068086612,866999308
7502,34446797000,1068446541,863422516
7503,34447390000,1068838695,859852064
7504,34447982000,1069233010,856223982
7505,34448575000,1069575547,852617188
7506,34449168000,1069938050,848964737
7507,34449760000,1070281158,845289692
7508,34450353000,1070581463,841547573
7509,34450946000,1070880663,837846225
7510,34451538000,1071190118,834059854
7511,34452131000,1071409669,830281968
7512,34452724000,1071692674,826471108
7513,34453316000,1071916234,822643752
7514,34453909000,1072193912,818789873
7515,34454502000,1072387421,814866896
7516,34455094000,1072569717,810973341
7517,34455687000,1072754035,807002740
7518,34456279000,1072888966,803036029
7519,34456872000,1073067378,799042076
7520,34457465000,1073206658,795040616
7521,34458057000,1073326012,790982512
7522,34458650000,1073427527,786935786
7523,34459243000,1073509515,782824384
7524,34459835000,1073560182,778676154
7525,34460428000,1073644833,774568305
7526,34461021000,1073698530,770429621
7527,34461613000,1073715646,766234807
7528,34462206000,1073760768,762022218
7529,34462798000,1073761366,757810553
7530,34463391000,1073755897,753503666
7531,34463984000,1073705681,749223506
7532,34464576000,1073674535,744934174
7533,34465169000,1073611466,740600151
7534,34465762000,1073532451,736247563
7535,34466354000,1073471471,731877942
7536,34466947000,1073357817,727472799
7537,34467540000,1073229170,723020503
7538,34468132000,1073073088,718616107
7539,34468725000,1072981889,714149689
7540,34469318000,1072796878,709672180
7541,34469910000,1072633490,705143201
7542,34470503000,1072412751,700620565
7543,34471095000,1072230195,696046560
7544,34471688000,1072000283,691482751
7545,34472281000,1071767748,686878515
7546,34472873000,1071509043,682264552
7547,34473466000,1071223558,677642405
7548,34474059000,1070969431,672956331
7549,34474651000,1070685356,668296605
7550,34475244000,1070344100,663577042
7551,34475837000,1070045221,658878812
7552,34476429000,1069677937,654101901
7553,34477022000,1069358261,649357927
7554,34477614000,1068955857,644576809
7555,34478207000,1068587499,639724842
7556,34478800000,1068190886,634917070
7557,34479392000,1067778442,630076324
7558,34479985000,1067362536,625204511
7559,34480578000,1066912219,620347592
7560,34481170000,1066463661,615440789
7561,34481763000,1065986677,610525740
7562,34482356000,1065490072,605563136
7563,34482948000,1065002111,600582221
7564,34483541000,1064457448,595650153
7565,34484134000,1063925787,590607659
7566,34484726000,1063397785,585594944
7567,34485319000,1062817162,580605813
7568,34485911000,1062257855,575535914
7569,34486504000,1061645088,570469481
7570,34487097000,1061065117,565333725
7571,34487689000,1060449802,560273685
7572,34488282000,1059820826,555183326
7573,34488875000,1059137179,550022403
7574,34489467000,1058512608,544864975
7575,34490060000,1057816436,539677788
7576,34490653000,1057126302,534503678
7577,34491245000,1056402342,529269930
7578,34491838000,1055708023,524059505
7579,34492430000,1054944955,518799699
7580,34493023000,1054203773,513544607
7581,34493616000,1053426451,508277272
7582,34494208000,1052643577,502998678
7583,34494801000,1051874902,497716239
7584,34495394000,1051034535,492377905
7585,34495986000,1050217372,487032673
7586,34496579000,1049372478,481672765
7587,34497172000,1048534796,476320126
7588,34497764000,1047644372,470960638
7589,34498357000,1046772373,465526363
7590,34498950000,1045898006,460158174
7591,34499542000,1044971510,454730067
7592,34500135000,1044034580,449244392
7593,34500727000,1043108523,443845909
7594,34501320000,1042146801,438342057
7595,34501913000,1041182135,432894653
7596,34502505000,1040184609,427402080
7597,34503098000,1039196184,421877638
7598,34503691000,1038177362,416344817
7599,34504283000,1037148973,410813412
7600,34504876000,1036094663,405251313
7601,34505469000,1035049392,399734963
7602,34506061000,1033992566,394154568
7603,34506654000,1032869251,388559757
7604,34507246000,1031817635,382978869
7605,34507839000,1030669310,377360346
7606,34508432000,1029570965,371757143
7607,34509024000,1028405027,366116011
7608,34509617000,1027278135,360471756
7609,34510210000,1026089541,354850263
7610,34510802000,1024903470,349153664
7611,34511395000,1023723331,343489923
7612,34511988000,1022512712,337831011
7613,34512580000,1021257523,332105453
7614,34513173000,1020041689,326394832
7615,34513766000,1018759325,320667409
7616,34514358000,1017516937,314978344
7617,34514951000,1016203472,309193127
7618,34515543000,1014910623,303464593
7619,34516136000,1013632795,297755652
7620,34516729000,1012281841,292003052
7621,34517321000,1010930117,286162091
7622,34517914000,1009602853,280407706
7623,34518507000,1008221727,274595142
7624,34519099000,1006846676,268850033
7625,34519692000,1005440757,263001551
7626,34520285000,1004032516,257187807
7627,34520877000,1002621899,251411869
7628,34521470000,1001168590,245523557
7629,34522062000,999717213,239691776
7630,34522655000,998225822,233839629
7631,34523248000,996778046,227980857
7632,34523840000,995284064,222124725
7633,34524433000,993788789,216226042
7634,34525026000,992253852,210369816
7635,34525618000,990705994,204505107
7636,34526211000,989161087,198608369
7637,34526804000,987611850,192702962
7638,34527396000,986022084,186792266
7639,34527989000,984454091,180906399
7640,34528582000,982825144,174973018
7641,34529174000,981218651,169069819
7642,34529767000,979591172,163136979
7643,34530359000,977977365,157228064
7644,34530952000,976261912,151278796
7645,34531545000,974624472,145352789
7646,34532137000,972929367,139404594
7647,34532730000,971243950,133452844
7648,34533323000,969529696,127494373
7649,34533915000,967804292,121580249
7650,34534508000,966092311,115595099
7651,34535101000,964322643,109620365
7652,34535693000,962552542,103678420
7653,34536286000,960756814,97689924
7654,34536878000,959004763,91731103
7655,34537471000,957158707,85761712
7656,34538064000,955346862,79771917
7657,34538656000,953533089,73751213
7658,34539249000,951680251,67803647
7659,34539842000,949842626,61827000
7660,34540434000,947960122,55866703
7661,34541027000,946069939,49848380
7662,34541620000,944166343,43878516
7663,34542212000,942299729,37866316
7664,34542805000,940328470,31867579
7665,34543398000,938420113,25887161
7666,34543990000,936479079,19902788
7667,34544583000,934507784,13917413
7668,34545175000,932546394,7903226
7669,34545768000,930524348,1904214
7670,34546361000,928522878,-4097972
7671,34546953000,926492658,-10093621
7672,34547546000,924507223,-16050013
7673,34548139000,922460232,-22098811
7674,34548731000,920406974,-28044389
7675,34549324000,918344703,-34061298
7676,34549917000,916261801,-40057830
7677,34550509000,914147713,-46052289
7678,34551102000,912067267,-52002709
7679,34551694000,909933872,-58002071
7680,34552287000,907793576,-64010508
7681,34552880000,905708487,-69990546
7682,34553472000,903537693,-75952866
7683,34554065000,901339856,-81958593
7684,34554658000,899177975,-87929891
7685,34555250000,897015264,-93878907
7686,34555843000,894779448,-99888855
7687,34556436000,892544358,-105826177
7688,34557028000,890339074,-111795993
7689,34557621000,888095983,-117768798
7690,34558214000,885870671,-123703556
7691,34558806000,883580999,-129666649
7692,34559399000,881351311,-135583072
7693,34559991000,879032058,-141584639
7694,34560584000,876711214,-147520659
7695,34561177000,874436855,-153409643
7696,34561769000,872100720,-159357040
7697,34562362000,869760987,-165271546
7698,34562955000,867410322,-171211834
7699,34563547000,865016519,-177129977
7700,34564140000,862656567,-183029718
7701,34564733000,860281706,-188968743
7702,34565325000,857889954,-194830714
7703,34565918000,855449897,-200733034
7704,34566510000,853049129,-206614503
7705,34567103000,850593309,-212512953
7706,34567696000,848168184,-218382329
7707,34568288000,845705848,-224217796
7708,34568881000,843225867,-230137846
7709,34569474000,840767894,-235974973
7710,34570066000,838255756,-241837928
7711,34570659000,835783732,-247658262
7712,34571252000,833242767,-253481335
7713,34571844000,830737152,-259295088
7714,34572437000,828182800,-265085610
7715,34573030000,825640685,-270901361
7716,34573622000,823085000,-276723695
7717,34574215000,820488669,-282475273
7718,34574807000,817922405,-288253781
7719,34575400000,815342945,-294066547
7720,34575993000,812712192,-299792650
7721,34576585000,810107795,-305559201
7722,34577178000,807453294,-311294041
7723,34577771000,804859671,-317039860
7724,34578363000,802192962,-322777178
7725,34578956000,799523010,-328467357
7726,34579549000,796848131,-334164443
7727,34580141000,794178419,-339859191
7728,34580734000,791470772,-345547262
7729,34581326000,788753425,-351213425
7730,34581919000,786062643,-356868815
7731,34582512000,783325162,-362509124
7732,34583104000,780570975,-368170110
7733,34583697000,777836835,-373789361
7734,34584290000,775059268,-379404803
7735,34584882000,772295070,-385019995
7736,34585475000,769526271,-390589575
7737,34586068000,766712109,-396165386
7738,34586660000,763912191,-401744842
7739,34587253000,761099263,-407260761
7740,34587846000,758272662,-412831732
7741,34588438000,755436329,-418339430
7742,34589031000,752605573,-423889784
7743,34589623000,749761869,-429370016
7744,34590216000,746894472,-434866007
7745,34590809000,743978403,-440340256
7746,34591401000,741111633,-445780972
7747,34591994000,738204986,-451256733
7748,34592587000,735311463,-456678904
7749,34593179000,732401279,-462076062
7750,34593772000,729453305,-467501586
7751,34594365000,726528365,-472896539
7752,34594957000,723602774,-478281270
7753,34595550000,720606455,-483631726
7754,34596142000,717655452,-488962938
7755,34596735000,714663749,-494320147
7756,34597328000,711657746,-499621053
7757,34597920000,708669598,-504937757
7758,34598513000,705683538,-510189599
7759,34599106000,702669263,-515447178
7760,34599698000,699608146,-520703184
7761,34600291000,696625812,-525946789
7762,34600884000,693574527,-531148198
7763,34601476000,690503433,-536389648
7764,34602069000,687426080,-541565578
7765,34602662000,684365437,-546720442
7766,34603254000,681270256,-551892890
7767,34603847000,678173408,-557006640
7768,34604439000,675070428,-562126556
7769,34605032000,672004066,-567209398
7770,34605625000,668844883,-572301571
7771,34606217000,665709675,-577386246
7772,34606810000,662579937,-582384107
7773,34607403000,659413553,-587440193
7774,34607995000,656264317,-592455431
7775,34608588000,653092581,-597441480
7776,34609181000,649906767,-602434399
7777,34609773000,646700385,-607359267
7778,34610366000,643539200,-612312326
7779,34610958000,640339237,-617206145
7780,34611551000,637110952,-622092690
7781,34612144000,633899325,-626998205
7782,34612736000,630679237,-631838754
7783,34613329000,627422871,-636683767
7784,34613922000,624195631,-641539261
7785,34614514000,620933720,-646302605
7786,34615107000,617657142,-651096367
7787,34615700000,614344395,-655849374
7788,34616292000,611091168,-660584931
7789,34616885000,607812602,-665277546
7790,34617478000,604537477,-669965451
7791,34618070000,601206006,-674652839
7792,34618663000,597892826,-679300082
7793,34619255000,594555431,-683952001
7794,34619848000,591247448,-688564571
7795,34620441000,587895700,-693191927
7796,34621033000,584576799,-697728517
7797,34621626000,581193817,-702277807
7798,34622219000,577844632,-706777194
7799,34622811000,574453520,-711292633
7800,34623404000,571074770,-715759766
7801,34623997000,567682478,-720230478
7802,34624589000,564295341,-724645762
7803,34625182000,560898827,-729078450
7804,34625774000,557459727,-733459268
7805,34626367000,554069570,-737807540
7806,34626960000,550607386,-742197624
7807,34627552000,547177330,-746490839
7808,34628145000,543756001,-750766964
7809,34628738000,540306629,-755067475
7810,34629330000,536854995,-759346022
7811,34629923000,533356033,-763543374
7812,34630516000,529919201,-767755182
7813,34631108000,526409332,-771946864
7814,34631701000,522931028,-776062769
7815,34632294000,519444817,-780218748
7816,34632886000,515964321,-784313163
7817,34633479000,512426482,-788411814
7818,34634071000,508930626,-792472434
7819,34634664000,505390776,-796500192
7820,34635257000,501836705,-800517869
7821,34635849000,498332520,-804508261
7822,34636442000,494754479,-808443856
7823,34637035000,491191656,-812380275
7824,34637627000,487682387,-816288866
7825,34638220000,484094256,-820156104
7826,34638813000,480548266,-824028538
7827,34639405000,476968145,-827831295
7828,34639998000,473384979,-831667261
7829,34640590000,469777591,-835458270
7830,34641183000,466175126,-839189230
7831,34641776000,462578499,-842911044
7832,34642368000,458988193,-846591987
7833,34642961000,455353434,-850301750
7834,34643554000,451717587,-853944432
7835,34644146000,448116945,-857588803
7836,34644739000,444486493,-861153188
7837,34645332000,440833692,-864714027
7838,34645924000,437232389,-868259957
7839,34646517000,433538061,-871779214
7840,34647110000,429867572,-875278342
7841,34647702000,426184121,-878720446
7842,34648295000,422491750,-882159179
7843,34648887000,418851002,-885518196
7844,34649480000,415150974,-888965381
7845,34650073000,411513518,-892255639
7846,34650665000,407769954,-895637036
7847,34651258000,404098744,-898896939
7848,34651851000,400424809,-902184591
7849,34652443000,396661064,-905401664
7850,34653036000,392949295,-908601160
7851,34653629000,389207479,-911802040
7852,34654221000,385479172,-914938540
7853,34654814000,381775279,-918059078
7854,34655406000,378056534,-921168435
7855,34655999000,374266574,-924249979
7856,34656592000,370535891,-927245274
7857,34657184000,366789235,-930279922
7858,34657777000,362999117,-933259305
7859,34658370000,359257270,-936253342
7860,34658962000,355474770,-939132876
7861,34659555000,351733789,-942042687
7862,34660148000,347925384,-944887786
7863,34660740000,344154887,-947723054
7864,34661333000,340362649,-950539851
7865,34661926000,336560563,-953308372
7866,34662518000,332776505,-956044474
7867,34663111000,328964573,-958743491
7868,34663703000,325181781,-961417201
7869,34664296000,321355593,-964090411
7870,34664889000,317548266,-966690380
7871,34665481000,313717904,-969283999
7872,34666074000,309900016,-971879475
7873,34666667000,306064384,-974423363
7874,34667259000,302242172,-976932099
7875,34667852000,298391306,-979403829
7876,34668445000,294568488,-981839041
7877,34669037000,290751555,-984247676
7878,34669630000,286863559,-986635767
7879,34670222000,282973181,-988991199
7880,34670815000,279160100,-991287378
7881,34671408000,275302933,-993587187
7882,34672000000,271410240,-995857076
7883,34672593000,267548326,-998073131
7884,34673186000,263681577,-1000245327
7885,34673778000,259792147,-1002404367
7886,34674371000,255921916,-1004527571
7887,34674964000,252052972,-1006642472
7888,34675556000,248182557,-1008736527
7889,34676149000,244295994,-1010757984
7890,34676742000,240369760,-1012769735
7891,34677334000,236491346,-1014750227
7892,34677927000,232571977,-1016685588
7893,34678519000,228672549,-1018606461
7894,34679112000,224781364,-1020502593
7895,34679705000,220862611,-1022329145
7896,34680297000,216960120,-1024154016
7897,34680890000,213034644,-1025966173
7898,34681483000,209106465,-1027711406
7899,34682075000,205204543,-1029428144
7900,34682668000,201266733,-1031116863
7901,34683261000,197361632,-1032754140
7902,34683853000,193415940,-1034383371
7903,34684446000,189485537,-1035970229
7904,34685038000,185574169,-1037527780
7905,34685631000,181635303,-1039089021
7906,34686224000,177672437,-1040548215
7907,34686816000,173720597,-1042000125
7908,34687409000,169765463,-1043480238
7909,34688002000,165796867,-1044836139
7910,34688594000,161882779,-1046228285
7911,34689187000,157926539,-1047550110
7912,34689780000,153973884,-1048858760
7913,34690372000,150010538,-1050100290
7914,34690965000,146052327,-1051375055
7915,34691558000,142129051,-1052569931
7916,34692150000,138132379,-1053756519
7917,34692743000,134131866,-1054877499
7918,34693335000,130189670,-1055974459
7919,34693928000,126217155,-1057022274
7920,34694521000,122264321,-1058070289
7921,34695113000,118297943,-1059101966
7922,34695706000,114327997,-1060046441
7923,34696299000,110353559,-1060995493
7924,34696891000,106389026,-1061915855
7925,34697484000,102392859,-1062735069
7926,34698077000,98400288,-1063636636
7927,34698669000,94424416,-1064405314
7928,34699262000,90448714,-1065205828
7929,34699854000,86454149,-1065950758
7930,34700447000,82462446,-1066629719
7931,34701040000,78524412,-1067322731
7932,34701632000,74513890,-1067964542
7933,34702225000,70534537,-1068559558
7934,34702818000,66539320,-1069121747
7935,34703410000,62554576,-1069681664
7936,34704003000,58559989,-1070190819
7937,34704596000,54549217,-1070669131
7938,34705188000,50562932,-1071075110
7939,34705781000,46593213,-1071507662
7940,34706374000,42544423,-1071871130
7941,34706966000,38582936,-1072212723
7942,34707559000,34606691,-1072494812
7943,34708151000,30616101,-1072774079
7944,34708744000,26597702,-1073034034
7945,34709337000,22623020,-1073225510
7946,34709929000,18594224,-1073408757
7947,34710522000,14612555,-1073538405
7948,34711115000,10612523,-1073632114
7949,34711707000,6662923,-1073709683
7950,34712300000,2645711,-1073756831
7951,34712893000,-1372470,-1073756619
7952,34713485000,-5352745,-1073743927
7953,34714078000,-9329340,-1073693446
7954,34714670000,-13353755,-1073585372
7955,34715263000,-17371965,-1073448837
7956,34715856000,-21374006,-1073288426
7957,34716448000,-25343819,-1073103787
7958,34717041000,-29323828,-1072833290
7959,34717634000,-33332360,-1072604669
7960,34718226000,-37349043,-1072298872
7961,34718819000,-41299717,-1071973056
7962,34719412000,-45322848,-1071620085
7963,34720004000,-49291809,-1071223735
7964,34720597000,-53324170,-1070756777
7965,34721190000,-57276359,-1070328500
7966,34721782000,-61300359,-1069851214
7967,34722375000,-65270227,-1069289262
7968,34722967000,-69229259,-1068754637
7969,34723560000,-73221093,-1068156861
7970,34724153000,-77242791,-1067497404
7971,34724745000,-81227918,-1066876892
7972,34725338000,-85218131,-1066175703
7973,34725931000,-89221689,-1065424076
7974,34726523000,-93168351,-1064660676
7975,34727116000,-97162218,-1063877667
7976,34727709000,-101142737,-1063024705
7977,34728301000,-105118657,-1062210780
7978,34728894000,-109114733,-1061269977
7979,34729486000,-113034588,-1060354179
7980,34730079000,-117031814,-1059386700
7981,34730672000,-121005651,-1058391776
7982,34731264000,-125016278,-1057385937
7983,34731857000,-128959274,-1056312877
7984,34732450000,-132912062,-1055188896
7985,34733042000,-136878537,-1054100701
7986,34733635000,-140844311,-1052953075
7987,34734228000,-144814384,-1051708743
7988,34734820000,-148762170,-1050540283
7989,34735413000,-152714051,-1049245280
7990,34736006000,-156664248,-1047966035
7991,34736598000,-160614799,-1046650667
7992,34737191000,-164551765,-1045305000
7993,34737783000,-168539745,-1043918673
7994,34738376000,-172514271,-1042489851
7995,34738969000,-176411091,-1041046422
7996,34739561000,-180371916,-1039514507
7997,34740154000,-184315604,-1038040951
7998,34740747000,-188240997,-1036474219
7999,34741339000,-192177192,-1034902796
8000,34741932000,-196084151,-1033273720
8001,34742525000,-200001813,-1031666523
8002,34743117000,-203946296,-1029943024
8003,34743710000,-207889946,-1028238396
8004,34744302000,-211790051,-1026506886
8005,34744895000,-215707104,-1024702560
8006,34745488000,-219622347,-1022918126
8007,34746080000,-223536699,-1021078495
8008,34746673000,-227449521,-1019195102
8009,34747266000,-231355294,-1017295827
8010,34747858000,-235241022,-1015377423
8011,34748451000,-239164266,-1013408455
8012,34749044000,-243058553,-1011421068
8013,34749636000,-246940782,-1009369415
8014,34750229000,-250841943,-1007326158
8015,34750822000,-254704431,-1005219373
8016,34751414000,-258591443,-1003092959
8017,34752007000,-262466056,-1000947746
8018,34752599000,-266341817,-998755233
8019,34753192000,-270212635,-996546697
8020,34753785000,-274094948,-994284662
8021,34754377000,-277967227,-992003090
8022,34754970000,-281803303,-989695433
8023,34755563000,-285638760,-987347003
8024,34756155000,-289500578,-984984693
8025,34756748000,-293350377,-982579496
8026,34757341000,-297167758,-980177248
8027,34757933000,-301010273,-977722211
8028,34758526000,-304867281,-975213020
8029,34759118000,-308677840,-972678802
8030,34759711000,-312498381,-970117236
8031,34760304000,-316369683,-967556934
8032,34760896000,-320173136,-964944207
8033,34761489000,-323983341,-962287793
8034,34762082000,-327759461,-959597664
8035,34762674000,-331587699,-956914937
8036,34763267000,-335390493,-954160181
8037,34763860000,-339172614,-951399652
8038,34764452000,-342963473,-948586789
8039,34765045000,-346751100,-945725083
8040,34765638000,-350547676,-942929860
8041,34766230000,-354297966,-940045936
8042,34766823000,-358064892,-937117021
8043,34767415000,-361855510,-934186764
8044,34768008000,-365579931,-931217908
8045,34768601000,-369336648,-928239570
8046,34769193000,-373106266,-925219883
8047,34769786000,-376860868,-922161938
8048,34770379000,-380613179,-919065011
8049,34770971000,-384329253,-915918076
8050,34771564000,-388034278,-912819157
8051,34772157000,-391755251,-909608280
8052,34772749000,-395500810,-906438580
8053,34773342000,-399204318,-903172029
8054,34773934000,-402914103,-899958364
8055,34774527000,-406610687,-896665991
8056,34775120000,-410315417,-893311322
8057,34775712000,-413997481,-890002310
8058,34776305000,-417677024,-886618273
8059,34776898000,-421357428,-883211118
8060,34777490000,-425054447,-879817578
8061,34778083000,-428740121,-876362697
8062,34778676000,-432401388,-872869973
8063,34779268000,-436052071,-869391596
8064,34779861000,-439692154,-865829425
8065,34780454000,-443306600,-862313241
8066,34781046000,-446977224,-858706131
8067,34781639000,-450572268,-855098573
8068,34782231000,-454197587,-851470676
8069,34782824000,-457805479,-847778280
8070,34783417000,-461468519,-844094034
8071,34784009000,-465076422,-840366949
8072,34784602000,-468641143,-836629881
8073,34785195000,-472238274,-832852610
8074,34785787000,-475862478,-829063953
8075,34786380000,-479388134,-825238328
8076,34786973000,-482979963,-821400940
8077,34787565000,-486535402,-817496408
8078,34788158000,-490088126,-813599493
8079,34788750000,-493661639,-809713752
8080,34789343000,-497178252,-805758171
8081,34789936000,-500759236,-801755060
8082,34790528000,-504271841,-797758371
8083,34791121000,-507806066,-793784947
8084,34791714000,-511299394,-789710001
8085,34792306000,-514818978,-785619192
8086,34792899000,-518313639,-781529438
8087,34793492000,-521842172,-777392330
8088,34794084000,-525338361,-773245635
8089,34794677000,-528800242,-769080732
8090,34795270000,-532270223,-764871516
8091,34795862000,-535754423,-760676807
8092,34796455000,-539207000,-756434202
8093,34797047000,-542678510,-752150602
8094,34797640000,-546106940,-747870132
8095,34798233000,-549520016,-743534107
8096,34798825000,-552964363,-739201170
8097,34799418000,-556391183,-734859637
8098,34800011000,-559789586,-730470674
8099,34800603000,-563213191,-726044421
8100,34801196000,-566621531,-721636327
8101,34801789000,-570005248,-717156302
8102,34802381000,-573394092,-712687875
8103,34802974000,-576757534,-708224673
8104,34803566000,-580144607,-703647078
8105,34804159000,-583493659,-699168448
8106,34804752000,-586850909,-694603908
8107,34805344000,-590176117,-689993931
8108,34805937000,-593523196,-685412424
8109,34806530000,-596880035,-680784996
8110,34807122000,-600167956,-676137613
8111,34807715000,-603474198,-671464897
8112,34808308000,-606808519,-666759979
8113,34808900000,-610085904,-662070872
8114,34809493000,-613344158,-657353964
8115,34810086000,-616608424,-652592453
8116,34810678000,-619880646,-647801232
8117,34811271000,-623154549,-643004484
8118,34811863000,-626395871,-638214439
8119,34812456000,-629641385,-633377165
8120,34813049000,-632871346,-628525082
8121,34813641000,-636068447,-623675891
8122,34814234000,-639299556,-618770835
8123,34814827000,-642535418,-613873818
8124,34815419000,-645721205,-608942040
8125,34816012000,-648904904,-604010862
8126,34816605000,-652098108,-599005486
8127,34817197000,-655245285,-594041400
8128,34817790000,-658425607,-589028281
8129,34818382000,-661597951,-583990520
8130,34818975000,-664734882,-578963597
8131,34819568000,-667850777,-573930433
8132,34820160000,-670942534,-568814778
8133,34820753000,-674081537,-563734769
8134,34821346000,-677206043,-558608495
8135,34821938000,-680297684,-553481505
8136,34822531000,-683401928,-548332777
8137,34823124000,-686456255,-543151302
8138,34823716000,-689524446,-538012355
8139,34824309000,-692585382,-532831676
8140,34824902000,-695666362,-527581885
8141,34825494000,-698665963,-522361969
8142,34826087000,-701704677,-517123181
8143,34826679000,-704716984,-511870638
8144,34827272000,-707734480,-506596464
8145,34827865000,-710742699,-501281548
8146,34828457000,-713754706,-495998193
8147,34829050000,-716739883,-490658309
8148,34829643000,-719686939,-485334716
8149,34830235000,-722647201,-479953408
8150,34830828000,-725600865,-474592126
8151,34831421000,-728552181,-469203293
8152,34832013000,-731469763,-463828682
8153,34832606000,-734377061,-458392697
8154,34833198000,-737287331,-452992991
8155,34833791000,-740180580,-447513193
8156,34834384000,-743075315,-442085749
8157,34834976000,-745981038,-436599324
8158,34835569000,-748831713,-431141772
8159,34836162000,-751699748,-425593128
8160,34836754000,-754554167,-420096555
8161,34837347000,-757382704,-414561111
8162,34837940000,-760206827,-409038791
8163,34838532000,-763014733,-403497388
8164,34839125000,-765818136,-397946684
8165,34839718000,-768619671,-392345803
8166,34840310000,-771435767,-386742926
8167,34840903000,-774199883,-381164025
8168,34841495000,-776967592,-375545993
8169,34842088000,-779690443,-369932317
8170,34842681000,-782445093,-364288989
8171,34843273000,-785197371,-358642821
8172,34843866000,-787897067,-352992264
8173,34844459000,-790631395,-347321246
8174,34845051000,-793335377,-341661058
8175,34845644000,-796011836,-335970465
8176,34846237000,-798666671,-330275391
8177,34846829000,-801330105,-324561826
8178,34847422000,-803987319,-318837227
8179,34848014000,-806644657,-313104740
8180,34848607000,-809269889,-307360374
8181,34849200000,-811929295,-301614720
8182,34849792000,-814507145,-295856551
8183,34850385000,-817116655,-290079080
8184,34850978000,-819691127,-284319561
8185,34851570000,-822286392,-278566215
8186,34852163000,-824851336,-272742912
8187,34852756000,-827364171,-266930386
8188,34853348000,-829927520,-261101706
8189,34853941000,-832441661,-255320727
8190,34854534000,-834984130,-249494503
8191,34855126000,-837468998,-243637088
