// Fractional-phase ASRC polyphase coefficients
// Generated by scripts/frac_asrc_coeffs.py
// Layout: row-major, sentinel = phase-0 left-shifted by one tap
// Cutoff (frac of Fs_in/2): 0.9
// Designed stopband attenuation: 100.0 dB
// Achieved passband ripple: 0.000 dB (0..0.0031 of Fs_in/2 * phases)
// Achieved stopband attenuation: 98.40 dB (>= 0.0039 of dense Nyquist)
// Quantisation noise floor estimate: -104.10 dBFS
// Phases: 256 (+1 sentinel), taps/phase: 64, coeff width: 18 bits signed two's complement
// Total entries: 16448
// --- phase 0 ---
00000
00000
00000
00002
3fff9
00010
3ffe2
00031
3ffbc
00053
3ffac
0003d
3ffff
3ff97
00105
3fe31
002b5
3fc6b
00440
3fb85
00404
3fd65
0000e
003bf
3f738
00ee5
3ea38
01d01
3dbf6
02a57
3d096
03314
1cccc
0312e
3d165
029f1
3dc22
01cf9
3ea29
00f01
3f717
003df
3fff2
3fd7c
003f3
3fb8f
0043b
3fc6c
002b7
3fe2e
00109
3ff94
00001
0003b
3ffad
00052
3ffbc
00031
3ffe2
00010
3fff9
00002
00000
00000
// --- phase 1 ---
00000
00000
00000
00002
3fff9
00010
3ffe2
00031
3ffbc
00054
3ffaa
0003f
3fffc
3ff9b
00101
3fe34
002b3
3fc6a
00445
3fb7b
00414
3fd4e
0002b
0039e
3f759
00ec9
3ea48
01d07
3dbcc
02abb
3cfc7
034fd
1ccc7
02f49
3d235
0298a
3dc4e
01cf1
3ea1b
00f1c
3f6f7
003ff
3ffd5
3fd93
003e3
3fb99
00436
3fc6d
002b8
3fe2a
0010d
3ff90
00004
00039
3ffae
00051
3ffbd
00030
3ffe2
00010
3fff9
00002
00000
00000
// --- phase 2 ---
00000
00000
00000
00002
3fff9
00010
3ffe2
00031
3ffbb
00054
3ffa9
00041
3fff9
3ff9f
000fe
3fe38
002b1
3fc6a
00449
3fb71
00424
3fd37
00048
0037d
3f77a
00eac
3ea59
01d0c
3dba3
02b1f
3cef9
036e9
1ccbe
02d67
3d305
02922
3dc7b
01ce8
3ea0d
00f36
3f6d7
0041f
3ffb9
3fda9
003d3
3fba4
00431
3fc6e
002ba
3fe27
00110
3ff8d
00007
00037
3ffb0
00051
3ffbd
00030
3ffe1
00011
3fff9
00002
00000
00000
// --- phase 3 ---
00000
3ffff
00000
00002
3fff9
00010
3ffe2
00031
3ffbb
00055
3ffa8
00043
3fff6
3ffa2
000fa
3fe3b
002af
3fc69
0044e
3fb67
00434
3fd21
00064
0035c
3f79c
00e8f
3ea6a
01d11
3db7a
02b82
3ce2c
038d6
1ccaf
02b87
3d3d6
028b9
3dcaa
01cdf
3ea00
00f50
3f6b8
0043f
3ff9c
3fdc0
003c2
3fbae
0042c
3fc6f
002bc
3fe24
00114
3ff8a
0000a
00035
3ffb1
00050
3ffbd
00030
3ffe1
00011
3fff9
00002
00000
00000
// --- phase 4 ---
00000
3ffff
00000
00002
3fff9
00010
3ffe2
00031
3ffbb
00056
3ffa6
00046
3fff3
3ffa6
000f6
3fe3f
002ac
3fc69
00452
3fb5e
00444
3fd0a
00081
0033b
3f7be
00e72
3ea7c
01d14
3db53
02be3
3cd5f
03ac6
1cc9c
029a9
3d4a8
02850
3dcd9
01cd4
3e9f3
00f6a
3f698
0045f
3ff80
3fdd7
003b1
3fbb9
00427
3fc70
002bd
3fe21
00117
3ff86
0000d
00033
3ffb3
0004f
3ffbe
00030
3ffe1
00011
3fff8
00002
00000
00000
// --- phase 5 ---
00000
3ffff
00000
00002
3fff9
00010
3ffe2
00031
3ffba
00057
3ffa5
00048
3fff0
3ffa9
000f2
3fe42
002aa
3fc69
00456
3fb54
00454
3fcf4
0009e
0031a
3f7e0
00e54
3ea8f
01d17
3db2d
02c44
3cc93
03cb8
1cc84
027ce
3d57a
027e5
3dd0a
01cc8
3e9e8
00f83
3f679
0047e
3ff64
3fdee
003a0
3fbc3
00421
3fc72
002bf
3fe1e
0011b
3ff83
00010
00030
3ffb4
0004e
3ffbe
00030
3ffe1
00011
3fff8
00002
00000
00000
// --- phase 6 ---
00000
3ffff
00000
00002
3fffa
00010
3ffe2
00031
3ffba
00057
3ffa4
0004a
3ffed
3ffad
000ee
3fe46
002a8
3fc69
0045a
3fb4b
00463
3fcdd
000bb
002f9
3f803
00e35
3eaa2
01d19
3db08
02ca3
3cbc8
03eac
1cc67
025f6
3d64d
02779
3dd3b
01cbc
3e9dd
00f9b
3f65b
0049d
3ff47
3fe05
00390
3fbce
0041c
3fc73
002c0
3fe1b
0011e
3ff7f
00013
0002e
3ffb5
0004d
3ffbe
00030
3ffe1
00011
3fff8
00003
00000
00000
// --- phase 7 ---
00000
3ffff
00000
00002
3fffa
00010
3ffe2
00031
3ffba
00058
3ffa2
0004c
3ffea
3ffb1
000ea
3fe4a
002a5
3fc69
0045e
3fb42
00473
3fcc7
000d7
002d7
3f826
00e16
3eab6
01d1a
3dae4
02d01
3cafe
040a2
1cc45
0241f
3d720
0270c
3dd6d
01cae
3e9d3
00fb3
3f63c
004bd
3ff2b
3fe1c
0037f
3fbd9
00416
3fc75
002c1
3fe18
00122
3ff7c
00015
0002c
3ffb7
0004c
3ffbf
00030
3ffe1
00011
3fff8
00003
00000
00000
// --- phase 8 ---
00000
3ffff
00000
00002
3fffa
0000f
3ffe2
00031
3ffb9
00059
3ffa1
0004e
3ffe7
3ffb4
000e6
3fe4d
002a3
3fc69
00462
3fb39
00482
3fcb0
000f4
002b6
3f849
00df6
3eacb
01d1a
3dac1
02d5e
3ca34
0429a
1cc1f
0224b
3d7f4
0269f
3dda1
01ca0
3e9c9
00fcb
3f61f
004db
3ff0f
3fe33
0036e
3fbe4
00410
3fc76
002c2
3fe16
00125
3ff79
00018
0002a
3ffb8
0004c
3ffbf
00030
3ffe1
00011
3fff8
00003
00000
00000
// --- phase 9 ---
00000
3ffff
00000
00001
3fffa
0000f
3ffe2
00031
3ffb9
00059
3ffa0
00050
3ffe4
3ffb8
000e2
3fe51
002a0
3fc69
00466
3fb30
00492
3fc9a
00111
00294
3f86c
00dd6
3eae0
01d19
3da9f
02dba
3c96c
04494
1cbf4
0207a
3d8c8
02630
3ddd5
01c91
3e9c1
00fe1
3f601
004fa
3fef3
3fe4b
0035c
3fbef
0040b
3fc78
002c3
3fe13
00129
3ff75
0001b
00028
3ffba
0004b
3ffc0
00030
3ffe1
00011
3fff8
00003
00000
00000
// --- phase 10 ---
00000
3ffff
00000
00001
3fffa
0000f
3ffe2
00031
3ffb9
0005a
3ff9e
00052
3ffe1
3ffbc
000de
3fe55
0029d
3fc69
00469
3fb27
004a1
3fc84
0012e
00272
3f890
00db6
3eaf7
01d17
3da7f
02e15
3c8a4
04690
1cbc4
01eab
3d99c
025c1
3de0a
01c81
3e9b9
00ff8
3f5e4
00519
3fed7
3fe62
0034b
3fbfb
00405
3fc7a
002c4
3fe10
0012c
3ff72
0001e
00026
3ffbb
0004a
3ffc0
0002f
3ffe1
00011
3fff8
00003
00000
00000
// --- phase 11 ---
00000
3ffff
00000
00001
3fffa
0000f
3ffe3
00031
3ffb9
0005b
3ff9d
00054
3ffdf
3ffbf
000da
3fe59
0029a
3fc6a
0046d
3fb1e
004b0
3fc6e
0014b
00250
3f8b4
00d95
3eb0e
01d14
3da5f
02e6e
3c7dd
0488e
1cb8f
01cdf
3da71
02551
3de41
01c70
3e9b1
0100d
3f5c7
00537
3febb
3fe79
0033a
3fc06
003fe
3fc7c
002c5
3fe0e
0012f
3ff6f
00021
00024
3ffbd
00049
3ffc1
0002f
3ffe1
00011
3fff8
00003
00000
00000
// --- phase 12 ---
00000
3ffff
00000
00001
3fffa
0000f
3ffe3
00031
3ffb8
0005c
3ff9c
00056
3ffdc
3ffc3
000d5
3fe5d
00298
3fc6a
00470
3fb16
004bf
3fc58
00168
0022e
3f8d8
00d73
3eb25
01d10
3da40
02ec7
3c718
04a8e
1cb55
01b15
3db46
024e0
3de78
01c5f
3e9ab
01023
3f5ab
00555
3fe9f
3fe90
00329
3fc11
003f8
3fc7e
002c6
3fe0b
00132
3ff6c
00023
00022
3ffbe
00048
3ffc1
0002f
3ffe1
00011
3fff8
00003
00000
00000
// --- phase 13 ---
00000
3ffff
00001
00001
3fffa
0000f
3ffe3
00031
3ffb8
0005c
3ff9a
00058
3ffd9
3ffc7
000d1
3fe61
00295
3fc6b
00473
3fb0e
004ce
3fc42
00184
0020c
3f8fd
00d51
3eb3e
01d0b
3da23
02f1e
3c653
04c90
1cb17
0194e
3dc1b
0246e
3deb0
01c4c
3e9a5
01037
3f58f
00573
3fe84
3fea7
00317
3fc1d
003f2
3fc80
002c7
3fe09
00136
3ff68
00026
0001f
3ffc0
00047
3ffc1
0002f
3ffe1
00011
3fff8
00003
00000
00000
// --- phase 14 ---
00000
3ffff
00001
00001
3fffa
0000f
3ffe3
00031
3ffb8
0005d
3ff99
0005a
3ffd6
3ffca
000cd
3fe65
00291
3fc6c
00476
3fb05
004dd
3fc2c
001a1
001e9
3f922
00d2f
3eb57
01d06
3da07
02f74
3c58f
04e94
1cad3
0178a
3dcf1
023fb
3dee9
01c39
3e9a0
0104c
3f573
00591
3fe68
3febe
00306
3fc29
003eb
3fc83
002c7
3fe06
00139
3ff65
00029
0001d
3ffc1
00047
3ffc2
0002f
3ffe1
00012
3fff8
00003
3ffff
00000
// --- phase 15 ---
00000
3ffff
00001
00001
3fffa
0000e
3ffe3
00031
3ffb8
0005d
3ff98
0005c
3ffd3
3ffce
000c9
3fe6a
0028e
3fc6d
00479
3fafd
004eb
3fc16
001be
001c7
3f947
00d0c
3eb70
01cff
3d9ec
02fc8
3c4cc
05099
1ca8b
015c8
3ddc7
02387
3df23
01c24
3e99b
0105f
3f557
005ae
3fe4c
3fed5
002f4
3fc34
003e5
3fc85
002c8
3fe04
0013c
3ff62
0002c
0001b
3ffc2
00046
3ffc2
0002f
3ffe1
00012
3fff8
00003
3ffff
00000
// --- phase 16 ---
00000
3ffff
00001
00001
3fffb
0000e
3ffe3
00031
3ffb8
0005e
3ff97
0005e
3ffd0
3ffd2
000c4
3fe6e
0028b
3fc6e
0047c
3faf5
004fa
3fc00
001db
001a4
3f96c
00ce8
3eb8b
01cf8
3d9d2
0301c
3c40a
052a1
1ca3f
01409
3de9d
02313
3df5e
01c0f
3e997
01072
3f53c
005cb
3fe31
3feec
002e3
3fc40
003de
3fc88
002c8
3fe02
0013f
3ff5f
0002e
00019
3ffc4
00045
3ffc3
0002f
3ffe1
00012
3fff8
00003
3ffff
00000
// --- phase 17 ---
00000
3ffff
00001
00001
3fffb
0000e
3ffe3
00031
3ffb7
0005f
3ff96
00060
3ffcd
3ffd6
000c0
3fe72
00288
3fc6f
0047e
3faee
00508
3fbeb
001f8
00182
3f992
00cc4
3eba6
01cf0
3d9b9
0306e
3c349
054aa
1c9ed
0124c
3df73
0229e
3df99
01bf9
3e994
01085
3f522
005e8
3fe16
3ff04
002d1
3fc4c
003d7
3fc8a
002c9
3fe00
00142
3ff5c
00031
00017
3ffc5
00044
3ffc3
0002e
3ffe1
00012
3fff7
00003
3ffff
00000
// --- phase 18 ---
00000
3ffff
00001
00001
3fffb
0000e
3ffe3
00031
3ffb7
0005f
3ff94
00062
3ffca
3ffda
000bc
3fe77
00284
3fc70
00481
3fae6
00516
3fbd5
00215
0015f
3f9b8
00ca0
3ebc1
01ce6
3d9a1
030bf
3c28a
056b5
1c997
01092
3e049
02228
3dfd6
01be3
3e992
01097
3f508
00605
3fdfa
3ff1b
002bf
3fc58
003d0
3fc8d
002c9
3fdfd
00145
3ff59
00034
00015
3ffc7
00043
3ffc4
0002e
3ffe1
00012
3fff7
00003
3ffff
00000
// --- phase 19 ---
00000
3ffff
00001
00001
3fffb
0000e
3ffe3
00031
3ffb7
00060
3ff93
00064
3ffc7
3ffdd
000b7
3fe7b
00281
3fc71
00483
3fade
00524
3fbc0
00231
0013c
3f9de
00c7b
3ebde
01cdc
3d98a
0310e
3c1cb
058c2
1c93c
00edb
3e120
021b1
3e013
01bcb
3e990
010a8
3f4ee
00621
3fddf
3ff32
002ad
3fc65
003c9
3fc90
002c9
3fdfb
00148
3ff56
00037
00013
3ffc8
00042
3ffc4
0002e
3ffe1
00012
3fff7
00003
3ffff
00000
// --- phase 20 ---
00000
3ffff
00001
00001
3fffb
0000e
3ffe4
00031
3ffb7
00060
3ff92
00066
3ffc4
3ffe1
000b3
3fe7f
0027d
3fc73
00485
3fad7
00532
3fbaa
0024e
00119
3fa05
00c56
3ebfb
01cd1
3d975
0315d
3c10e
05ad0
1c8dc
00d27
3e1f7
0213a
3e052
01bb3
3e98f
010b9
3f4d4
0063e
3fdc4
3ff49
0029c
3fc71
003c2
3fc93
002c9
3fdf9
0014b
3ff53
00039
00011
3ffca
00041
3ffc5
0002e
3ffe1
00012
3fff7
00003
3ffff
00000
// --- phase 21 ---
00000
3ffff
00001
00001
3fffb
0000e
3ffe4
00031
3ffb7
00061
3ff91
00068
3ffc1
3ffe5
000ae
3fe84
00279
3fc74
00487
3fad0
00540
3fb95
0026b
000f6
3fa2b
00c30
3ec19
01cc5
3d961
031a9
3c052
05ce0
1c877
00b75
3e2ce
020c2
3e091
01b99
3e98f
010c9
3f4bb
0065a
3fda9
3ff60
0028a
3fc7d
003bb
3fc96
002c9
3fdf8
0014e
3ff50
0003c
0000f
3ffcb
00040
3ffc5
0002e
3ffe1
00012
3fff7
00003
3ffff
00000
// --- phase 22 ---
00000
3ffff
00001
00000
3fffb
0000d
3ffe4
00031
3ffb6
00062
3ff8f
0006a
3ffbe
3ffe9
000aa
3fe89
00276
3fc76
00489
3fac9
0054d
3fb80
00288
000d3
3fa52
00c0a
3ec37
01cb8
3d94e
031f5
3bf97
05ef2
1c80e
009c6
3e3a5
02049
3e0d1
01b7f
3e98f
010d9
3f4a3
00676
3fd8e
3ff77
00278
3fc8a
003b4
3fc99
002c9
3fdf6
00150
3ff4d
0003f
0000c
3ffcd
0003f
3ffc6
0002d
3ffe1
00012
3fff7
00003
3ffff
00000
// --- phase 23 ---
00000
3ffff
00001
00000
3fffb
0000d
3ffe4
00031
3ffb6
00062
3ff8e
0006c
3ffbb
3ffed
000a5
3fe8d
00272
3fc78
0048b
3fac2
0055b
3fb6b
002a4
000af
3fa79
00be3
3ec57
01caa
3d93c
0323f
3bedd
06105
1c7a0
0081a
3e47c
01fd0
3e112
01b65
3e991
010e8
3f48b
00691
3fd74
3ff8e
00266
3fc96
003ac
3fc9c
002c9
3fdf4
00153
3ff4a
00041
0000a
3ffce
0003e
3ffc6
0002d
3ffe1
00012
3fff7
00003
3ffff
00000
// --- phase 24 ---
00000
3ffff
00001
00000
3fffc
0000d
3ffe4
00031
3ffb6
00063
3ff8d
0006e
3ffb8
3fff1
000a1
3fe92
0026e
3fc7a
0048c
3fabb
00568
3fb56
002c1
0008c
3faa1
00bbc
3ec76
01c9b
3d92b
03288
3be25
0631a
1c72d
00671
3e553
01f56
3e153
01b49
3e992
010f7
3f473
006ac
3fd59
3ffa5
00254
3fca3
003a5
3fca0
002c9
3fdf2
00156
3ff47
00044
00008
3ffd0
0003d
3ffc7
0002d
3ffe1
00012
3fff7
00004
3ffff
00000
// --- phase 25 ---
00000
3ffff
00001
00000
3fffc
0000d
3ffe4
00031
3ffb6
00063
3ff8c
00070
3ffb5
3fff5
0009c
3fe97
0026a
3fc7c
0048e
3fab5
00575
3fb41
002de
00069
3fac8
00b95
3ec97
01c8c
3d91b
032d0
3bd6d
06531
1c6b6
004cb
3e62a
01edb
3e196
01b2c
3e995
01105
3f45b
006c8
3fd3f
3ffbc
00242
3fcaf
0039d
3fca3
002c8
3fdf1
00158
3ff44
00046
00006
3ffd1
0003c
3ffc7
0002d
3ffe1
00012
3fff7
00004
3ffff
00000
// --- phase 26 ---
00000
3ffff
00001
00000
3fffc
0000d
3ffe5
00030
3ffb6
00064
3ff8b
00072
3ffb3
3fff8
00097
3fe9c
00266
3fc7e
0048f
3faae
00582
3fb2d
002fa
00045
3faf0
00b6d
3ecb8
01c7b
3d90d
03316
3bcb7
06749
1c63a
00327
3e701
01e60
3e1d9
01b0f
3e998
01113
3f444
006e2
3fd24
3ffd3
0022f
3fcbc
00395
3fca7
002c8
3fdef
0015b
3ff41
00049
00004
3ffd3
0003c
3ffc8
0002d
3ffe1
00012
3fff7
00004
3ffff
00000
// --- phase 27 ---
00000
3ffff
00001
00000
3fffc
0000d
3ffe5
00030
3ffb6
00064
3ff8a
00074
3ffb0
3fffc
00093
3fea0
00262
3fc80
00490
3faa8
0058f
3fb18
00317
00022
3fb18
00b45
3ecda
01c69
3d900
0335a
3bc03
06962
1c5b9
00187
3e7d8
01de4
3e21d
01af1
3e99c
01120
3f42e
006fd
3fd0a
3ffea
0021d
3fcc9
0038d
3fcaa
002c7
3fdee
0015d
3ff3e
0004c
00002
3ffd4
0003b
3ffc8
0002c
3ffe2
00012
3fff7
00004
3ffff
00000
// --- phase 28 ---
00000
3ffff
00001
00000
3fffc
0000d
3ffe5
00030
3ffb6
00065
3ff89
00076
3ffad
00000
0008e
3fea5
0025d
3fc83
00491
3faa2
0059c
3fb04
00333
3fffe
3fb41
00b1c
3ecfc
01c57
3d8f4
0339e
3bb50
06b7d
1c534
3ffe9
3e8af
01d67
3e262
01ad2
3e9a1
0112c
3f417
00717
3fcf0
00001
0020b
3fcd6
00385
3fcae
002c7
3fdec
00160
3ff3c
0004e
00000
3ffd6
0003a
3ffc9
0002c
3ffe2
00012
3fff7
00004
3ffff
00000
// --- phase 29 ---
00000
3ffff
00001
00000
3fffc
0000c
3ffe5
00030
3ffb6
00065
3ff88
00078
3ffaa
00004
00089
3feaa
00259
3fc85
00492
3fa9c
005a9
3faef
0034f
3ffda
3fb69
00af3
3ed1f
01c43
3d8e9
033e0
3ba9e
06d9a
1c4a9
3fe4e
3e985
01cea
3e2a8
01ab3
3e9a6
01138
3f401
00731
3fcd6
00018
001f9
3fce3
0037d
3fcb2
002c6
3fdeb
00162
3ff39
00051
3fffe
3ffd7
00039
3ffc9
0002c
3ffe2
00012
3fff7
00004
3ffff
00000
// --- phase 30 ---
00000
3ffff
00001
00000
3fffc
0000c
3ffe5
00030
3ffb5
00066
3ff86
0007a
3ffa7
00008
00085
3feaf
00254
3fc88
00493
3fa96
005b5
3fadb
0036c
3ffb7
3fb92
00ac9
3ed43
01c2f
3d8df
03420
3b9ed
06fb7
1c41b
3fcb7
3ea5c
01c6c
3e2ee
01a92
3e9ac
01143
3f3ec
0074b
3fcbd
0002f
001e6
3fcf0
00375
3fcb6
002c5
3fde9
00165
3ff36
00053
3fffc
3ffd9
00038
3ffca
0002c
3ffe2
00012
3fff7
00004
3ffff
00000
// --- phase 31 ---
00000
3ffff
00001
00000
3fffc
0000c
3ffe5
00030
3ffb5
00066
3ff85
0007c
3ffa4
0000c
00080
3feb4
00250
3fc8a
00494
3fa90
005c1
3fac7
00388
3ff93
3fbbb
00a9f
3ed68
01c1a
3d8d7
0345f
3b93f
071d6
1c387
3fb22
3eb33
01bee
3e335
01a71
3e9b3
0114e
3f3d7
00764
3fca3
00046
001d4
3fcfd
0036d
3fcba
002c4
3fde8
00167
3ff33
00056
3fffa
3ffda
00037
3ffca
0002b
3ffe2
00012
3fff7
00004
3ffff
00000
// --- phase 32 ---
00000
3ffff
00001
00000
3fffd
0000c
3ffe6
00030
3ffb5
00067
3ff84
0007e
3ffa1
00010
0007b
3feba
0024b
3fc8d
00494
3fa8b
005cd
3fab3
003a4
3ff6f
3fbe4
00a75
3ed8d
01c03
3d8d0
0349d
3b891
073f7
1c2ef
3f990
3ec09
01b6f
3e37d
01a4f
3e9ba
01158
3f3c2
0077e
3fc89
0005d
001c2
3fd0b
00365
3fcbe
002c3
3fde7
00169
3ff31
00058
3fff8
3ffdc
00036
3ffcb
0002b
3ffe2
00012
3fff7
00004
3ffff
00000
// --- phase 33 ---
00000
3ffff
00001
00000
3fffd
0000c
3ffe6
00030
3ffb5
00067
3ff83
00080
3ff9e
00014
00076
3febf
00247
3fc90
00494
3fa86
005d9
3fa9f
003c0
3ff4b
3fc0e
00a4a
3edb3
01bec
3d8ca
034d9
3b7e5
07618
1c252
3f801
3ecdf
01af0
3e3c6
01a2c
3e9c2
01162
3f3ae
00797
3fc70
00073
001af
3fd18
0035c
3fcc2
002c2
3fde6
0016c
3ff2e
0005b
3fff6
3ffdd
00035
3ffcb
0002b
3ffe2
00012
3fff7
00004
3ffff
00000
// --- phase 34 ---
00000
3ffff
00001
00000
3fffd
0000b
3ffe6
00030
3ffb5
00068
3ff82
00082
3ff9b
00018
00071
3fec4
00242
3fc93
00495
3fa80
005e5
3fa8c
003dc
3ff27
3fc37
00a1f
3edd9
01bd4
3d8c5
03513
3b73b
0783b
1c1b1
3f676
3edb5
01a70
3e40f
01a09
3e9cb
0116b
3f39b
007af
3fc57
0008a
0019d
3fd25
00354
3fcc7
002c1
3fde5
0016e
3ff2c
0005d
3fff4
3ffdf
00034
3ffcc
0002b
3ffe2
00012
3fff6
00004
3ffff
00000
// --- phase 35 ---
00000
3ffff
00001
3ffff
3fffd
0000b
3ffe6
0002f
3ffb5
00068
3ff81
00084
3ff98
0001c
0006c
3fec9
0023d
3fc96
00495
3fa7b
005f1
3fa78
003f8
3ff04
3fc61
009f3
3ee00
01bbb
3d8c2
0354c
3b692
07a5f
1c10b
3f4ed
3ee8b
019f0
3e459
019e5
3e9d5
01174
3f387
007c8
3fc3e
000a1
0018b
3fd33
0034b
3fccb
002c0
3fde4
00170
3ff29
00060
3fff1
3ffe0
00033
3ffcc
0002a
3ffe2
00012
3fff6
00004
3ffff
00000
// --- phase 36 ---
00000
3ffff
00001
3ffff
3fffd
0000b
3ffe6
0002f
3ffb5
00068
3ff80
00085
3ff96
00020
00068
3fecf
00238
3fc9a
00495
3fa77
005fc
3fa65
00414
3fee0
3fc8b
009c7
3ee28
01ba1
3d8bf
03584
3b5ea
07c84
1c061
3f367
3ef60
0196f
3e4a4
019c0
3e9df
0117c
3f374
007e0
3fc25
000b7
00178
3fd40
00342
3fccf
002bf
3fde3
00172
3ff26
00062
3ffef
3ffe2
00032
3ffcd
0002a
3ffe2
00012
3fff6
00004
3ffff
00000
// --- phase 37 ---
00000
3ffff
00002
3ffff
3fffd
0000b
3ffe7
0002f
3ffb5
00069
3ff7f
00087
3ff93
00024
00063
3fed4
00233
3fc9d
00494
3fa72
00607
3fa52
00430
3febc
3fcb5
0099b
3ee50
01b87
3d8be
035ba
3b545
07eab
1bfb1
3f1e5
3f035
018ee
3e4f0
0199a
3e9ea
01183
3f362
007f8
3fc0c
000ce
00166
3fd4e
00339
3fcd4
002bd
3fde2
00174
3ff24
00065
3ffed
3ffe3
00031
3ffce
0002a
3ffe2
00012
3fff6
00004
3ffff
00000
// --- phase 38 ---
00000
3ffff
00002
3ffff
3fffd
0000b
3ffe7
0002f
3ffb5
00069
3ff7e
00089
3ff90
00028
0005e
3fed9
0022e
3fca1
00494
3fa6d
00612
3fa3f
0044c
3fe98
3fcdf
0096e
3ee79
01b6b
3d8be
035ee
3b4a1
080d2
1befe
3f065
3f10a
0186c
3e53c
01974
3e9f5
0118a
3f350
0080f
3fbf4
000e4
00153
3fd5c
00331
3fcd9
002bc
3fde2
00176
3ff21
00067
3ffeb
3ffe5
00030
3ffce
0002a
3ffe2
00012
3fff6
00004
3ffff
00000
// --- phase 39 ---
00000
3ffff
00002
3ffff
3fffd
0000b
3ffe7
0002f
3ffb5
0006a
3ff7d
0008b
3ff8d
0002c
00059
3fedf
00229
3fca4
00493
3fa69
0061d
3fa2c
00467
3fe74
3fd09
00941
3eea2
01b4e
3d8c0
03621
3b3fe
082fb
1be46
3eee9
3f1df
017ea
3e589
0194d
3ea01
01190
3f33e
00826
3fbdb
000fb
00141
3fd69
00328
3fcde
002ba
3fde1
00178
3ff1f
00069
3ffe9
3ffe6
0002f
3ffcf
00029
3ffe2
00012
3fff6
00004
3ffff
00000
// --- phase 40 ---
00000
3ffff
00002
3ffff
3fffe
0000a
3ffe7
0002f
3ffb5
0006a
3ff7c
0008d
3ff8a
00030
00054
3fee4
00224
3fca8
00493
3fa65
00628
3fa19
00483
3fe50
3fd34
00914
3eecd
01b31
3d8c2
03653
3b35d
08524
1bd89
3ed70
3f2b3
01767
3e5d6
01925
3ea0e
01196
3f32d
0083d
3fbc3
00111
0012e
3fd77
0031f
3fce2
002b9
3fde0
0017a
3ff1d
0006c
3ffe7
3ffe8
0002e
3ffcf
00029
3ffe2
00012
3fff6
00004
3ffff
00000
// --- phase 41 ---
00000
3ffff
00002
3ffff
3fffe
0000a
3ffe7
0002e
3ffb5
0006a
3ff7b
0008e
3ff87
00034
0004f
3feea
0021e
3fcac
00492
3fa61
00633
3fa06
0049e
3fe2c
3fd5f
008e6
3eef7
01b12
3d8c6
03683
3b2be
0874f
1bcc7
3ebfa
3f386
016e5
3e624
018fc
3ea1c
0119b
3f31c
00854
3fbab
00127
0011c
3fd85
00315
3fce7
002b7
3fde0
0017c
3ff1a
0006e
3ffe5
3ffe9
0002d
3ffd0
00029
3ffe3
00012
3fff6
00004
3ffff
00000
// --- phase 42 ---
00000
3ffff
00002
3ffff
3fffe
0000a
3ffe8
0002e
3ffb5
0006b
3ff7a
00090
3ff84
00038
0004a
3feef
00219
3fcb0
00491
3fa5d
0063d
3f9f4
004ba
3fe08
3fd8a
008b8
3ef23
01af3
3d8cb
036b1
3b221
0897b
1bc02
3ea87
3f45a
01661
3e673
018d3
3ea2a
011a0
3f30c
0086a
3fb93
0013d
00109
3fd93
0030c
3fcec
002b5
3fddf
0017e
3ff18
00070
3ffe3
3ffeb
0002c
3ffd0
00029
3ffe3
00012
3fff6
00004
3ffff
00000
// --- phase 43 ---
00001
3ffff
00002
3ffff
3fffe
0000a
3ffe8
0002e
3ffb5
0006b
3ff7a
00092
3ff82
0003c
00045
3fef5
00214
3fcb4
00490
3fa5a
00647
3f9e2
004d5
3fde4
3fdb5
00889
3ef4f
01ad2
3d8d2
036de
3b185
08ba7
1bb37
3e917
3f52d
015de
3e6c3
018a9
3ea39
011a4
3f2fc
00880
3fb7b
00153
000f7
3fda1
00303
3fcf2
002b3
3fddf
0017f
3ff16
00073
3ffe1
3ffec
0002b
3ffd1
00028
3ffe3
00012
3fff6
00004
3ffff
00000
// --- phase 44 ---
00001
3ffff
00002
3ffff
3fffe
0000a
3ffe8
0002e
3ffb5
0006b
3ff79
00094
3ff7f
00040
00040
3fefb
0020e
3fcb8
0048f
3fa56
00651
3f9d0
004f0
3fdc0
3fde0
0085b
3ef7b
01ab1
3d8d9
03709
3b0eb
08dd5
1ba69
3e7aa
3f5ff
0155a
3e713
0187e
3ea48
011a7
3f2ec
00896
3fb64
00169
000e4
3fdaf
002fa
3fcf7
002b1
3fddf
00181
3ff13
00075
3ffdf
3ffee
0002a
3ffd2
00028
3ffe3
00012
3fff6
00004
3ffff
00000
// --- phase 45 ---
00001
3ffff
00002
3ffff
3fffe
00009
3ffe8
0002e
3ffb5
0006c
3ff78
00095
3ff7c
00044
0003b
3ff01
00208
3fcbc
0048d
3fa53
0065b
3f9be
0050b
3fd9c
3fe0b
0082b
3efa8
01a8f
3d8e2
03733
3b053
09003
1b995
3e641
3f6d1
014d6
3e763
01853
3ea58
011aa
3f2dd
008ac
3fb4d
0017f
000d2
3fdbd
002f0
3fcfc
002af
3fdde
00183
3ff11
00077
3ffde
3ffef
00029
3ffd2
00028
3ffe3
00012
3fff6
00004
3ffff
00000
// --- phase 46 ---
00001
3ffff
00002
3fffe
3fffe
00009
3ffe9
0002d
3ffb5
0006c
3ff77
00097
3ff79
00048
00036
3ff06
00203
3fcc1
0048c
3fa50
00665
3f9ac
00526
3fd78
3fe36
007fc
3efd6
01a6c
3d8ec
0375a
3afbd
09232
1b8be
3e4db
3f7a3
01451
3e7b4
01827
3ea69
011ac
3f2cf
008c1
3fb35
00195
000bf
3fdcb
002e7
3fd02
002ad
3fdde
00184
3ff0f
0007a
3ffdc
3fff1
00028
3ffd3
00027
3ffe3
00012
3fff6
00004
3ffff
00000
// --- phase 47 ---
00001
3ffff
00002
3fffe
3ffff
00009
3ffe9
0002d
3ffb5
0006c
3ff76
00099
3ff76
0004c
00031
3ff0c
001fd
3fcc5
0048a
3fa4d
0066e
3f99a
00541
3fd54
3fe62
007cc
3f005
01a48
3d8f7
03781
3af29
09462
1b7e1
3e378
3f874
013cd
3e806
017fa
3ea7a
011ae
3f2c0
008d6
3fb1e
001ab
000ad
3fdd9
002dd
3fd07
002ab
3fdde
00186
3ff0d
0007c
3ffda
3fff2
00027
3ffd3
00027
3ffe3
00012
3fff6
00004
3ffff
00000
// --- phase 48 ---
00001
3ffff
00002
3fffe
3ffff
00009
3ffe9
0002d
3ffb5
0006c
3ff75
0009b
3ff74
00050
0002b
3ff12
001f7
3fcca
00488
3fa4a
00678
3f989
0055b
3fd30
3fe8e
0079c
3f034
01a23
3d904
037a6
3ae96
09693
1b701
3e218
3f944
01348
3e859
017cd
3ea8c
011af
3f2b3
008ea
3fb08
001c1
0009a
3fde7
002d3
3fd0d
002a9
3fdde
00187
3ff0b
0007e
3ffd8
3fff4
00026
3ffd4
00027
3ffe3
00012
3fff6
00005
3fffe
00000
// --- phase 49 ---
00001
3ffff
00002
3fffe
3ffff
00009
3ffe9
0002d
3ffb5
0006d
3ff74
0009c
3ff71
00054
00026
3ff18
001f1
3fccf
00486
3fa47
00681
3f978
00576
3fd0d
3feb9
0076b
3f063
019fe
3d912
037c9
3ae06
098c4
1b61c
3e0bc
3fa14
012c2
3e8ac
0179f
3ea9f
011b0
3f2a5
008fe
3faf1
001d6
00088
3fdf5
002ca
3fd12
002a6
3fdde
00189
3ff08
00080
3ffd6
3fff5
00025
3ffd5
00026
3ffe3
00012
3fff6
00005
3fffe
00000
// --- phase 50 ---
00001
3ffff
00002
3fffe
3ffff
00008
3ffea
0002d
3ffb6
0006d
3ff74
0009e
3ff6e
00057
00021
3ff1e
001eb
3fcd3
00484
3fa45
0068a
3f966
00590
3fce9
3fee5
0073b
3f093
019d7
3d921
037ea
3ad77
09af6
1b533
3df63
3fae3
0123d
3e8ff
01770
3eab2
011b0
3f298
00912
3fadb
001ec
00075
3fe04
002c0
3fd18
002a4
3fdde
0018a
3ff06
00082
3ffd4
3fff7
00024
3ffd5
00026
3ffe4
00012
3fff6
00005
3fffe
00000
// --- phase 51 ---
00001
3ffff
00002
3fffe
3ffff
00008
3ffea
0002c
3ffb6
0006d
3ff73
000a0
3ff6b
0005b
0001c
3ff24
001e5
3fcd8
00482
3fa43
00692
3f956
005ab
3fcc5
3ff11
0070a
3f0c4
019b0
3d931
0380a
3acea
09d29
1b445
3de0d
3fbb2
011b7
3e953
01741
3eac6
011b0
3f28c
00926
3fac4
00201
00063
3fe12
002b6
3fd1e
002a1
3fdde
0018c
3ff04
00085
3ffd2
3fff8
00023
3ffd6
00026
3ffe4
00012
3fff6
00005
3fffe
00000
// --- phase 52 ---
00001
3ffff
00002
3fffe
3ffff
00008
3ffea
0002c
3ffb6
0006d
3ff72
000a1
3ff69
0005f
00017
3ff2a
001df
3fcdd
0047f
3fa41
0069b
3f945
005c5
3fca1
3ff3d
006d8
3f0f5
01987
3d943
03828
3ac60
09f5c
1b353
3dcbb
3fc80
01131
3e9a8
01711
3eadb
011af
3f280
00939
3faae
00217
00051
3fe20
002ac
3fd24
0029f
3fdde
0018d
3ff02
00087
3ffd0
3fffa
00022
3ffd7
00025
3ffe4
00012
3fff6
00005
3fffe
00000
// --- phase 53 ---
00001
3ffff
00002
3fffe
3ffff
00008
3ffea
0002c
3ffb6
0006d
3ff71
000a3
3ff66
00063
00012
3ff30
001d9
3fce3
0047d
3fa3f
006a3
3f934
005df
3fc7e
3ff6a
006a6
3f127
0195e
3d956
03844
3abd7
0a190
1b25c
3db6c
3fd4d
010ab
3e9fd
016e0
3eaf0
011ad
3f274
0094c
3fa99
0022c
0003e
3fe2f
002a2
3fd2a
0029c
3fddf
0018e
3ff00
00089
3ffce
3fffb
00021
3ffd7
00025
3ffe4
00012
3fff6
00005
3fffe
00000
// --- phase 54 ---
00001
3ffff
00002
3fffe
00000
00007
3ffeb
0002c
3ffb6
0006e
3ff70
000a4
3ff63
00067
0000c
3ff36
001d3
3fce8
0047a
3fa3d
006ab
3f924
005f8
3fc5a
3ff96
00674
3f159
01934
3d96a
0385f
3ab50
0a3c5
1b162
3da20
3fe1a
01025
3ea52
016af
3eb06
011ab
3f269
0095f
3fa83
00241
0002c
3fe3d
00298
3fd30
00299
3fddf
0018f
3fefe
0008b
3ffcc
3fffc
00020
3ffd8
00025
3ffe4
00012
3fff6
00005
3fffe
00000
// --- phase 55 ---
00001
3ffff
00002
3fffe
00000
00007
3ffeb
0002b
3ffb6
0006e
3ff70
000a6
3ff61
0006b
00007
3ff3c
001cc
3fced
00477
3fa3b
006b3
3f914
00612
3fc37
3ffc2
00642
3f18c
01909
3d97f
03878
3aacc
0a5fa
1b063
3d8d7
3fee6
00f9f
3eaa9
0167d
3eb1d
011a9
3f25f
00971
3fa6e
00256
00019
3fe4c
0028e
3fd36
00296
3fddf
00190
3fefd
0008d
3ffca
3fffe
0001f
3ffd8
00024
3ffe4
00012
3fff6
00005
3fffe
00000
// --- phase 56 ---
00001
3ffff
00002
3fffe
00000
00007
3ffeb
0002b
3ffb6
0006e
3ff6f
000a8
3ff5e
0006f
00002
3ff42
001c6
3fcf3
00474
3fa3a
006bb
3f904
0062c
3fc13
3ffef
00610
3f1c0
018dd
3d996
0388f
3aa49
0a82f
1af5f
3d792
3ffb1
00f18
3eaff
0164b
3eb34
011a6
3f255
00983
3fa58
0026b
00007
3fe5a
00284
3fd3c
00294
3fde0
00191
3fefb
0008f
3ffc9
3ffff
0001e
3ffd9
00024
3ffe4
00012
3fff6
00005
3fffe
00000
// --- phase 57 ---
00001
3ffff
00002
3fffe
00000
00007
3ffeb
0002b
3ffb6
0006e
3ff6e
000a9
3ff5b
00073
3fffd
3ff48
001bf
3fcf8
00471
3fa39
006c2
3f8f4
00645
3fbf0
0001b
005dd
3f1f4
018b0
3d9ae
038a5
3a9c9
0aa65
1ae58
3d650
0007c
00e91
3eb56
01618
3eb4b
011a2
3f24b
00995
3fa43
00280
3fff5
3fe69
00279
3fd42
00291
3fde0
00193
3fef9
00091
3ffc7
00001
0001d
3ffda
00024
3ffe5
00012
3fff6
00005
3fffe
00000
// --- phase 58 ---
00001
3ffff
00002
3fffd
00000
00007
3ffec
0002a
3ffb7
0006e
3ff6e
000ab
3ff59
00077
3fff8
3ff4f
001b9
3fcfe
0046e
3fa38
006ca
3f8e4
0065e
3fbcc
00048
005aa
3f228
01883
3d9c7
038b9
3a94a
0ac9b
1ad4c
3d512
00145
00e0b
3ebae
015e4
3eb64
0119e
3f241
009a6
3fa2f
00295
3ffe3
3fe77
0026f
3fd49
0028e
3fde1
00193
3fef7
00093
3ffc5
00002
0001c
3ffda
00023
3ffe5
00012
3fff6
00005
3fffe
00000
// --- phase 59 ---
00001
3fffe
00002
3fffd
00000
00006
3ffec
0002a
3ffb7
0006e
3ff6d
000ac
3ff56
0007b
3fff2
3ff55
001b2
3fd04
0046a
3fa37
006d1
3f8d5
00677
3fba9
00074
00576
3f25d
01854
3d9e1
038cb
3a8ce
0aed2
1ac3c
3d3d7
0020e
00d84
3ec06
015b0
3eb7d
01199
3f239
009b7
3fa1a
002a9
3ffd0
3fe86
00265
3fd4f
0028a
3fde2
00194
3fef5
00095
3ffc3
00004
0001a
3ffdb
00023
3ffe5
00012
3fff6
00005
3fffe
00000
// --- phase 60 ---
00001
3fffe
00003
3fffd
00001
00006
3ffec
0002a
3ffb7
0006e
3ff6c
000ae
3ff53
0007f
3ffed
3ff5b
001ac
3fd0a
00467
3fa36
006d8
3f8c6
00690
3fb86
000a1
00543
3f293
01825
3d9fd
038dc
3a854
0b109
1ab28
3d2a0
002d7
00cfd
3ec5e
0157b
3eb96
01193
3f230
009c8
3fa06
002be
3ffbe
3fe94
0025a
3fd56
00287
3fde2
00195
3fef4
00097
3ffc1
00005
00019
3ffdc
00023
3ffe5
00012
3fff6
00005
3fffe
00000
// --- phase 61 ---
00001
3fffe
00003
3fffd
00001
00006
3ffed
0002a
3ffb7
0006f
3ff6c
000af
3ff51
00083
3ffe8
3ff62
001a5
3fd10
00463
3fa36
006df
3f8b7
006a9
3fb63
000ce
0050f
3f2c9
017f5
3da1a
038eb
3a7dc
0b340
1aa0f
3d16b
0039e
00c76
3ecb7
01546
3ebb0
0118d
3f228
009d8
3f9f2
002d2
3ffac
3fea3
00250
3fd5c
00284
3fde3
00196
3fef2
00099
3ffc0
00007
00018
3ffdc
00022
3ffe5
00012
3fff6
00005
3fffe
00000
// --- phase 62 ---
00001
3fffe
00003
3fffd
00001
00006
3ffed
00029
3ffb7
0006f
3ff6b
000b0
3ff4e
00087
3ffe3
3ff68
0019e
3fd16
0045f
3fa36
006e5
3f8a8
006c2
3fb40
000fb
004db
3f2ff
017c4
3da38
038f8
3a767
0b577
1a8f3
3d03b
00465
00bef
3ed10
01510
3ebcb
01187
3f221
009e8
3f9de
002e6
3ff9a
3feb1
00245
3fd63
00281
3fde4
00197
3fef0
0009b
3ffbe
00008
00017
3ffdd
00022
3ffe5
00012
3fff6
00005
3fffe
00000
// --- phase 63 ---
00001
3fffe
00003
3fffd
00001
00005
3ffed
00029
3ffb8
0006f
3ff6a
000b2
3ff4c
0008b
3ffdd
3ff6e
00197
3fd1c
0045b
3fa36
006eb
3f89a
006da
3fb1d
00128
004a6
3f337
01792
3da57
03903
3a6f4
0b7af
1a7d2
3cf0d
0052a
00b68
3ed6a
014d9
3ebe6
01180
3f219
009f8
3f9ca
002fa
3ff88
3fec0
0023a
3fd6a
0027d
3fde5
00198
3feef
0009d
3ffbc
0000a
00016
3ffde
00022
3ffe5
00012
3fff6
00005
3fffe
00000
// --- phase 64 ---
00001
3fffe
00003
3fffd
00001
00005
3ffee
00029
3ffb8
0006f
3ff6a
000b3
3ff49
0008f
3ffd8
3ff75
00190
3fd22
00457
3fa36
006f2
3f88b
006f2
3fafa
00154
00472
3f36e
0175f
3da78
0390c
3a683
0b9e7
1a6ad
3cde3
005ef
00ae1
3edc4
014a2
3ec02
01179
3f213
00a07
3f9b7
0030e
3ff76
3fecf
00230
3fd71
0027a
3fde6
00198
3feed
0009f
3ffba
0000b
00015
3ffde
00021
3ffe6
00012
3fff6
00005
3fffe
00000
// --- phase 65 ---
00001
3fffe
00003
3fffd
00001
00005
3ffee
00028
3ffb8
0006f
3ff69
000b5
3ff46
00093
3ffd3
3ff7b
00189
3fd29
00453
3fa36
006f7
3f87d
0070a
3fad7
00181
0043d
3f3a6
0172c
3da9a
03914
3a614
0bc1f
1a584
3ccbd
006b3
00a5a
3ee1e
0146b
3ec1f
01171
3f20d
00a16
3f9a3
00322
3ff64
3fedd
00225
3fd77
00276
3fde7
00199
3feec
000a0
3ffb8
0000c
00014
3ffdf
00021
3ffe6
00012
3fff6
00005
3fffe
00000
// --- phase 66 ---
00001
3fffe
00003
3fffd
00001
00005
3ffee
00028
3ffb8
0006f
3ff69
000b6
3ff44
00096
3ffcd
3ff82
00182
3fd2f
0044e
3fa36
006fd
3f86f
00722
3fab5
001ae
00408
3f3df
016f7
3dabd
0391a
3a5a7
0be57
1a457
3cb9a
00776
009d3
3ee79
01432
3ec3c
01168
3f207
00a25
3f990
00336
3ff52
3feec
0021a
3fd7e
00273
3fde8
00199
3feea
000a2
3ffb7
0000e
00013
3ffe0
00020
3ffe6
00012
3fff6
00005
3fffe
00000
// --- phase 67 ---
00001
3fffe
00003
3fffd
00002
00004
3ffee
00028
3ffb9
0006f
3ff68
000b7
3ff41
0009a
3ffc8
3ff88
0017b
3fd36
0044a
3fa37
00703
3f861
0073a
3fa92
001db
003d3
3f418
016c2
3dae2
0391e
3a53d
0c08f
1a326
3ca7a
00838
0094c
3eed4
013fa
3ec59
0115f
3f202
00a33
3f97e
0034a
3ff40
3fefb
0020f
3fd85
0026f
3fde9
0019a
3fee9
000a4
3ffb5
0000f
00012
3ffe0
00020
3ffe6
00012
3fff6
00005
3fffe
00000
// --- phase 68 ---
00001
3fffe
00003
3fffd
00002
00004
3ffef
00027
3ffb9
0006f
3ff68
000b9
3ff3f
0009e
3ffc3
3ff8f
00174
3fd3d
00445
3fa38
00708
3f854
00751
3fa70
00208
0039d
3f451
0168c
3db07
03921
3a4d5
0c2c7
1a1f1
3c95e
008f9
008c5
3ef2f
013c1
3ec77
01155
3f1fd
00a41
3f96b
0035d
3ff2e
3ff09
00205
3fd8c
0026b
3fdea
0019a
3fee7
000a6
3ffb3
00011
00011
3ffe1
00020
3ffe6
00012
3fff6
00005
3fffe
00000
// --- phase 69 ---
00001
3fffe
00003
3fffc
00002
00004
3ffef
00027
3ffb9
0006f
3ff67
000ba
3ff3d
000a2
3ffbd
3ff95
0016d
3fd43
00440
3fa39
0070d
3f847
00768
3fa4e
00235
00368
3f48b
01655
3db2e
03921
3a470
0c500
1a0b8
3c846
009b9
0083f
3ef8b
01387
3ec96
0114b
3f1f8
00a4f
3f959
00370
3ff1c
3ff18
001fa
3fd94
00267
3fdec
0019b
3fee6
000a7
3ffb2
00012
00010
3ffe2
0001f
3ffe7
00012
3fff6
00005
3fffe
00000
// --- phase 70 ---
00001
3fffe
00003
3fffc
00002
00004
3ffef
00027
3ffb9
0006f
3ff67
000bb
3ff3a
000a6
3ffb8
3ff9c
00166
3fd4a
0043b
3fa3a
00712
3f83a
0077f
3fa2b
00262
00332
3f4c6
0161e
3db56
03920
3a40d
0c738
19f7b
3c731
00a79
007b8
3efe7
0134d
3ecb5
01140
3f1f4
00a5c
3f947
00384
3ff0a
3ff27
001ef
3fd9b
00263
3fded
0019b
3fee5
000a9
3ffb0
00013
0000f
3ffe2
0001f
3ffe7
00011
3fff6
00005
3fffe
00000
// --- phase 71 ---
00001
3fffe
00003
3fffc
00002
00004
3fff0
00026
3ffba
0006f
3ff66
000bd
3ff38
000aa
3ffb3
3ffa2
0015e
3fd51
00436
3fa3b
00716
3f82d
00796
3fa09
0028f
002fc
3f501
015e5
3db80
0391d
3a3ac
0c970
19e3a
3c61f
00b37
00731
3f044
01312
3ecd5
01135
3f1f1
00a69
3f935
00397
3fef9
3ff35
001e4
3fda2
0025f
3fdef
0019c
3fee3
000ab
3ffae
00015
0000e
3ffe3
0001f
3ffe7
00011
3fff6
00005
3fffe
00001
// --- phase 72 ---
00001
3fffe
00003
3fffc
00002
00003
3fff0
00026
3ffba
0006f
3ff66
000be
3ff35
000ae
3ffad
3ffa9
00157
3fd58
00430
3fa3d
0071b
3f820
007ad
3f9e8
002bc
002c5
3f53c
015ac
3dbab
03919
3a34e
0cba8
19cf5
3c511
00bf4
006ab
3f0a0
012d7
3ecf6
01129
3f1ee
00a76
3f923
003a9
3fee7
3ff44
001d9
3fda9
0025b
3fdf0
0019c
3fee2
000ad
3ffad
00016
0000d
3ffe4
0001e
3ffe7
00011
3fff6
00005
3fffe
00001
// --- phase 73 ---
00001
3fffe
00003
3fffc
00003
00003
3fff0
00025
3ffba
0006f
3ff65
000bf
3ff33
000b1
3ffa8
3ffb0
0014f
3fd60
0042b
3fa3f
0071f
3f814
007c3
3f9c6
002e9
0028f
3f578
01572
3dbd6
03912
3a2f3
0cddf
19bac
3c406
00cb0
00625
3f0fd
0129b
3ed17
0111d
3f1eb
00a82
3f912
003bc
3fed6
3ff53
001ce
3fdb1
00257
3fdf2
0019c
3fee1
000ae
3ffab
00018
0000c
3ffe4
0001e
3ffe7
00011
3fff6
00005
3fffe
00001
// --- phase 74 ---
00001
3fffe
00003
3fffc
00003
00003
3fff1
00025
3ffbb
0006f
3ff65
000c0
3ff30
000b5
3ffa3
3ffb6
00148
3fd67
00425
3fa41
00723
3f808
007da
3f9a4
00316
00258
3f5b4
01537
3dc04
0390a
3a29a
0d017
19a5f
3c2ff
00d6b
0059f
3f15b
0125f
3ed38
01110
3f1e9
00a8e
3f901
003cf
3fec4
3ff61
001c3
3fdb8
00253
3fdf3
0019c
3fee0
000b0
3ffa9
00019
0000b
3ffe5
0001d
3ffe7
00011
3fff6
00005
3fffe
00001
// --- phase 75 ---
00001
3fffe
00003
3fffc
00003
00003
3fff1
00025
3ffbb
0006e
3ff65
000c2
3ff2e
000b9
3ff9e
3ffbd
00140
3fd6e
00420
3fa43
00727
3f7fc
007f0
3f983
00343
00222
3f5f1
014fc
3dc32
038ff
3a243
0d24e
1990f
3c1fc
00e25
00519
3f1b8
01222
3ed5a
01103
3f1e7
00a99
3f8f0
003e1
3feb3
3ff70
001b7
3fdc0
0024f
3fdf5
0019c
3fede
000b1
3ffa8
0001a
0000a
3ffe6
0001d
3ffe8
00011
3fff6
00005
3fffe
00001
// --- phase 76 ---
00001
3fffe
00003
3fffc
00003
00002
3fff1
00024
3ffbb
0006e
3ff64
000c3
3ff2c
000bd
3ff98
3ffc4
00139
3fd76
0041a
3fa45
0072a
3f7f0
00806
3f962
00370
001eb
3f62e
014bf
3dc62
038f3
3a1ef
0d485
197ba
3c0fc
00edd
00493
3f216
011e5
3ed7c
010f5
3f1e6
00aa5
3f8e0
003f4
3fea1
3ff7f
001ac
3fdc7
0024a
3fdf7
0019c
3fedd
000b3
3ffa6
0001c
00009
3ffe6
0001d
3ffe8
00011
3fff6
00005
3fffe
00001
// --- phase 77 ---
00001
3fffe
00003
3fffc
00003
00002
3fff2
00024
3ffbc
0006e
3ff64
000c4
3ff2a
000c0
3ff93
3ffcb
00131
3fd7d
00414
3fa47
0072e
3f7e5
0081b
3f940
0039c
001b4
3f66c
01482
3dc93
038e6
3a19d
0d6bc
19662
3bfff
00f95
0040d
3f274
011a8
3ed9f
010e7
3f1e5
00aaf
3f8cf
00406
3fe90
3ff8e
001a1
3fdcf
00246
3fdf8
0019c
3fedc
000b4
3ffa5
0001d
00008
3ffe7
0001c
3ffe8
00011
3fff6
00005
3fffe
00001
// --- phase 78 ---
00001
3fffe
00003
3fffc
00003
00002
3fff2
00023
3ffbc
0006e
3ff64
000c5
3ff27
000c4
3ff8e
3ffd1
00129
3fd85
0040e
3fa4a
00731
3f7da
00830
3f920
003c9
0017d
3f6aa
01444
3dcc5
038d6
3a14e
0d8f2
19506
3bf06
0104b
00388
3f2d2
0116a
3edc3
010d8
3f1e5
00aba
3f8bf
00418
3fe7f
3ff9c
00196
3fdd6
00242
3fdfa
0019c
3fedb
000b6
3ffa3
0001e
00007
3ffe8
0001c
3ffe8
00011
3fff6
00005
3fffe
00001
// --- phase 79 ---
00001
3fffe
00003
3fffc
00004
00002
3fff2
00023
3ffbc
0006e
3ff63
000c6
3ff25
000c8
3ff88
3ffd8
00122
3fd8d
00407
3fa4d
00734
3f7cf
00846
3f8ff
003f6
00145
3f6e8
01406
3dcf8
038c4
3a102
0db28
193a6
3be11
01101
00303
3f331
0112b
3ede7
010c9
3f1e5
00ac4
3f8af
0042a
3fe6e
3ffab
0018a
3fdde
0023d
3fdfc
0019c
3feda
000b7
3ffa2
00020
00006
3ffe9
0001b
3ffe8
00011
3fff6
00005
3fffe
00001
// --- phase 80 ---
00001
3fffe
00003
3fffc
00004
00001
3fff3
00023
3ffbd
0006e
3ff63
000c7
3ff23
000cb
3ff83
3ffdf
0011a
3fd95
00401
3fa50
00736
3f7c4
0085b
3f8de
00423
0010e
3f727
013c6
3dd2c
038b1
3a0b8
0dd5e
19242
3bd1f
011b5
0027e
3f38f
010ed
3ee0c
010b9
3f1e5
00ace
3f8a0
0043b
3fe5d
3ffb9
0017f
3fde6
00239
3fdfe
0019c
3fed9
000b9
3ffa0
00021
00005
3ffe9
0001b
3ffe9
00011
3fff6
00005
3fffe
00001
// --- phase 81 ---
00001
3fffe
00003
3fffb
00004
00001
3fff3
00022
3ffbd
0006d
3ff63
000c8
3ff21
000cf
3ff7e
3ffe6
00112
3fd9d
003fa
3fa53
00739
3f7b9
0086f
3f8be
0044f
000d6
3f766
01386
3dd62
0389c
3a071
0df93
190db
3bc30
01268
001f9
3f3ee
010ad
3ee31
010a9
3f1e6
00ad7
3f890
0044d
3fe4c
3ffc8
00174
3fdee
00234
3fe00
0019c
3fed8
000ba
3ff9e
00022
00004
3ffea
0001b
3ffe9
00011
3fff6
00005
3fffe
00001
// --- phase 82 ---
00001
3fffe
00003
3fffb
00004
00001
3fff4
00022
3ffbe
0006d
3ff62
000c9
3ff1e
000d3
3ff78
3ffed
0010a
3fda5
003f4
3fa57
0073b
3f7af
00884
3f89d
0047c
0009e
3f7a5
01345
3dd99
03885
3a02d
0e1c7
18f70
3bb45
0131a
00175
3f44d
0106e
3ee56
01098
3f1e7
00ae0
3f881
0045e
3fe3b
3ffd7
00169
3fdf6
0022f
3fe02
0019c
3fed7
000bc
3ff9d
00024
00003
3ffeb
0001a
3ffe9
00011
3fff6
00005
3fffe
00001
// --- phase 83 ---
00001
3fffe
00003
3fffb
00004
00000
3fff4
00021
3ffbe
0006d
3ff62
000ca
3ff1c
000d6
3ff73
3fff3
00102
3fdad
003ed
3fa5a
0073d
3f7a5
00898
3f87d
004a8
00067
3f7e5
01303
3ddd1
0386c
39feb
0e3fb
18e01
3ba5e
013ca
000f1
3f4ac
0102e
3ee7c
01086
3f1e9
00ae9
3f872
00470
3fe2a
3ffe5
0015d
3fdfe
0022a
3fe04
0019b
3fed7
000bd
3ff9b
00025
00002
3ffeb
0001a
3ffe9
00010
3fff6
00005
3fffe
00001
// --- phase 84 ---
00001
3fffe
00004
3fffb
00004
00000
3fff4
00021
3ffbe
0006d
3ff62
000cb
3ff1a
000da
3ff6e
3fffa
000fa
3fdb5
003e6
3fa5e
0073f
3f79b
008ac
3f85d
004d5
0002f
3f826
012c1
3de0b
03851
39fac
0e62f
18c8f
3b97a
0147a
0006d
3f50c
00fed
3eea3
01075
3f1eb
00af2
3f864
00481
3fe19
3fff4
00152
3fe06
00226
3fe07
0019b
3fed6
000bf
3ff9a
00026
00001
3ffec
00019
3ffea
00010
3fff6
00005
3fffe
00001
// --- phase 85 ---
00001
3fffe
00004
3fffb
00004
00000
3fff5
00020
3ffbf
0006d
3ff62
000cc
3ff18
000de
3ff69
00001
000f2
3fdbd
003df
3fa62
00740
3f792
008c0
3f83e
00501
3fff7
3f866
0127e
3de45
03835
39f70
0e862
18b19
3b89a
01528
3ffea
3f56b
00fad
3eeca
01062
3f1ee
00afa
3f856
00491
3fe08
00002
00146
3fe0e
00221
3fe09
0019a
3fed5
000c0
3ff99
00028
00000
3ffed
00019
3ffea
00010
3fff6
00005
3fffe
00001
// --- phase 86 ---
00001
3fffe
00004
3fffb
00005
00000
3fff5
00020
3ffbf
0006c
3ff62
000cd
3ff16
000e1
3ff63
00008
000ea
3fdc6
003d8
3fa66
00741
3f789
008d3
3f81e
0052d
3ffbf
3f8a7
0123a
3de81
03816
39f36
0ea94
189a0
3b7be
015d4
3ff67
3f5cb
00f6c
3eef1
01050
3f1f1
00b01
3f848
004a2
3fdf8
00011
0013b
3fe16
0021c
3fe0b
0019a
3fed4
000c1
3ff97
00029
3ffff
3ffed
00018
3ffea
00010
3fff6
00005
3fffe
00001
// --- phase 87 ---
00001
3fffe
00004
3fffb
00005
3ffff
3fff5
00020
3ffc0
0006c
3ff61
000ce
3ff14
000e5
3ff5e
0000f
000e2
3fdce
003d0
3fa6a
00743
3f780
008e7
3f7ff
00559
3ff86
3f8e8
011f6
3debe
037f6
39eff
0ecc5
18823
3b6e5
01680
3fee4
3f62a
00f2a
3ef19
0103c
3f1f5
00b09
3f83a
004b3
3fde7
0001f
0012f
3fe1e
00217
3fe0e
0019a
3fed4
000c2
3ff96
0002a
3fffe
3ffee
00018
3ffea
00010
3fff6
00005
3fffe
00001
// --- phase 88 ---
00001
3fffe
00004
3fffb
00005
3ffff
3fff6
0001f
3ffc0
0006c
3ff61
000cf
3ff12
000e8
3ff59
00016
000da
3fdd7
003c9
3fa6f
00743
3f777
008fa
3f7e0
00586
3ff4e
3f92a
011b0
3defc
037d4
39ecb
0eef6
186a2
3b60f
0172a
3fe62
3f68a
00ee8
3ef42
01029
3f1f9
00b10
3f82c
004c3
3fdd7
0002e
00124
3fe26
00212
3fe10
00199
3fed3
000c4
3ff94
0002b
3fffd
3ffef
00018
3ffea
00010
3fff6
00005
3fffe
00001
// --- phase 89 ---
00001
3fffe
00004
3fffb
00005
3ffff
3fff6
0001f
3ffc1
0006c
3ff61
000d0
3ff10
000ec
3ff54
0001d
000d2
3fddf
003c1
3fa73
00744
3f76e
0090c
3f7c1
005b1
3ff16
3f96c
0116a
3df3c
037b0
39e9a
0f126
1851e
3b53d
017d3
3fde0
3f6ea
00ea6
3ef6b
01014
3f1fd
00b16
3f81f
004d3
3fdc7
0003c
00118
3fe2e
0020d
3fe13
00198
3fed2
000c5
3ff93
0002d
3fffc
3ffef
00017
3ffeb
00010
3fff6
00005
3fffe
00001
// --- phase 90 ---
00001
3fffe
00004
3fffb
00005
3ffff
3fff7
0001e
3ffc1
0006b
3ff61
000d1
3ff0e
000ef
3ff4e
00024
000c9
3fde8
003b9
3fa78
00744
3f766
0091f
3f7a2
005dd
3fedd
3f9af
01124
3df7c
0378a
39e6b
0f355
18396
3b46f
0187b
3fd5f
3f74a
00e63
3ef94
01000
3f202
00b1c
3f812
004e3
3fdb7
0004b
0010d
3fe36
00208
3fe15
00198
3fed2
000c6
3ff92
0002e
3fffb
3fff0
00017
3ffeb
00010
3fff6
00005
3fffe
00001
// --- phase 91 ---
00001
3fffe
00004
3fffb
00005
3fffe
3fff7
0001e
3ffc2
0006b
3ff61
000d2
3ff0c
000f3
3ff49
0002b
000c1
3fdf1
003b2
3fa7d
00745
3f75e
00931
3f784
00609
3fea5
3f9f1
010dc
3dfbe
03763
39e40
0f584
1820b
3b3a4
01921
3fcde
3f7aa
00e21
3efbe
00feb
3f207
00b22
3f805
004f3
3fda7
00059
00101
3fe3f
00202
3fe18
00197
3fed1
000c7
3ff90
0002f
3fffa
3fff1
00016
3ffeb
00010
3fff6
00005
3fffe
00001
// --- phase 92 ---
00001
3fffe
00004
3fffb
00006
3fffe
3fff7
0001d
3ffc2
0006b
3ff61
000d3
3ff0a
000f6
3ff44
00032
000b9
3fdfa
003aa
3fa83
00745
3f756
00943
3f765
00635
3fe6c
3fa34
01095
3e001
03739
39e17
0f7b1
1807d
3b2dd
019c6
3fc5d
3f80a
00ddd
3efe8
00fd5
3f20d
00b28
3f7f9
00503
3fd97
00067
000f6
3fe47
001fd
3fe1a
00196
3fed1
000c8
3ff8f
00030
3fff9
3fff1
00016
3ffeb
00010
3fff6
00005
3fffe
00001
// --- phase 93 ---
00001
3fffe
00004
3fffa
00006
3fffe
3fff8
0001d
3ffc3
0006a
3ff61
000d3
3ff08
000fa
3ff3f
00039
000b0
3fe03
003a1
3fa88
00744
3f74f
00955
3f747
00660
3fe34
3fa77
0104c
3e045
0370e
39df1
0f9de
17eeb
3b219
01a69
3fbdd
3f86b
00d9a
3f012
00fbf
3f213
00b2d
3f7ed
00512
3fd87
00076
000ea
3fe4f
001f8
3fe1d
00195
3fed0
000c9
3ff8e
00032
3fff8
3fff2
00015
3ffec
00010
3fff6
00005
3fffe
00001
// --- phase 94 ---
00001
3fffe
00004
3fffa
00006
3fffe
3fff8
0001c
3ffc3
0006a
3ff61
000d4
3ff06
000fd
3ff3a
0003f
000a8
3fe0c
00399
3fa8e
00744
3f748
00966
3f729
0068c
3fdfb
3fabb
01003
3e08a
036e0
39dce
0fc09
17d56
3b159
01b0b
3fb5d
3f8cb
00d56
3f03e
00fa8
3f21a
00b32
3f7e1
00521
3fd77
00084
000df
3fe58
001f2
3fe20
00195
3fed0
000cb
3ff8c
00033
3fff7
3fff3
00015
3ffec
0000f
3fff6
00005
3fffe
00001
// --- phase 95 ---
00001
3fffe
00004
3fffa
00006
3fffd
3fff8
0001c
3ffc4
00069
3ff61
000d5
3ff04
00100
3ff35
00046
0009f
3fe15
00391
3fa93
00743
3f741
00977
3f70c
006b7
3fdc2
3faff
00fb9
3e0d1
036b1
39dae
0fe34
17bbd
3b09d
01bac
3fade
3f92b
00d12
3f069
00f91
3f221
00b36
3f7d5
00531
3fd67
00092
000d3
3fe60
001ed
3fe23
00194
3fed0
000cc
3ff8b
00034
3fff6
3fff4
00015
3ffec
0000f
3fff6
00005
3fffe
00001
// --- phase 96 ---
00001
3fffe
00004
3fffa
00006
3fffd
3fff9
0001b
3ffc4
00069
3ff61
000d6
3ff02
00104
3ff2f
0004d
00097
3fe1e
00388
3fa99
00742
3f73a
00988
3f6ee
006e2
3fd8a
3fb43
00f6e
3e118
03680
39d91
1005d
17a22
3afe4
01c4b
3fa5f
3f98b
00cce
3f095
00f7a
3f228
00b3a
3f7ca
0053f
3fd58
000a0
000c8
3fe69
001e8
3fe26
00193
3fecf
000cd
3ff8a
00035
3fff5
3fff4
00014
3ffec
0000f
3fff6
00005
3fffe
00001
// --- phase 97 ---
00001
3fffe
00004
3fffa
00006
3fffd
3fff9
0001b
3ffc5
00069
3ff61
000d6
3ff00
00107
3ff2a
00054
0008e
3fe27
00380
3fa9f
00741
3f734
00999
3f6d1
0070d
3fd51
3fb87
00f23
3e161
0364d
39d77
10286
17883
3af2f
01ce9
3f9e1
3f9eb
00c89
3f0c1
00f62
3f230
00b3e
3f7bf
0054e
3fd48
000af
000bc
3fe71
001e2
3fe29
00192
3fecf
000ce
3ff88
00036
3fff4
3fff5
00014
3ffed
0000f
3fff6
00005
3fffe
00001
// --- phase 98 ---
00001
3fffe
00004
3fffa
00007
3fffc
3fffa
0001a
3ffc5
00068
3ff61
000d7
3feff
0010a
3ff25
0005b
00086
3fe30
00377
3faa6
0073f
3f72e
009a9
3f6b4
00738
3fd18
3fbcc
00ed7
3e1ab
03618
39d60
104ad
176e0
3ae7d
01d85
3f963
3fa4c
00c44
3f0ee
00f4a
3f238
00b41
3f7b4
0055d
3fd39
000bd
000b0
3fe7a
001dd
3fe2c
00191
3fecf
000cf
3ff87
00038
3fff3
3fff6
00013
3ffed
0000f
3fff6
00005
3fffe
00001
// --- phase 99 ---
00001
3fffe
00004
3fffa
00007
3fffc
3fffa
0001a
3ffc6
00068
3ff61
000d8
3fefd
0010e
3ff20
00062
0007d
3fe3a
0036e
3faac
0073e
3f728
009b9
3f698
00762
3fce0
3fc11
00e8a
3e1f5
035e2
39d4c
106d3
1753b
3adcf
01e20
3f8e6
3faac
00bff
3f11b
00f31
3f241
00b44
3f7aa
0056b
3fd2a
000cb
000a5
3fe82
001d7
3fe2f
00190
3fece
000d0
3ff86
00039
3fff2
3fff6
00013
3ffed
0000f
3fff6
00005
3fffe
00001
// --- phase 100 ---
00001
3fffe
00004
3fffa
00007
3fffc
3fffa
00019
3ffc6
00067
3ff61
000d8
3fefb
00111
3ff1b
00069
00075
3fe43
00365
3fab3
0073c
3f722
009c9
3f67b
0078d
3fca7
3fc56
00e3d
3e242
035a9
39d3a
108f8
17392
3ad24
01eb9
3f869
3fb0c
00bb9
3f149
00f18
3f24a
00b47
3f79f
00579
3fd1a
000d9
00099
3fe8b
001d1
3fe32
0018f
3fece
000d1
3ff85
0003a
3fff1
3fff7
00012
3ffed
0000f
3fff6
00005
3fffe
00001
// --- phase 101 ---
00001
3fffe
00004
3fffa
00007
3fffc
3fffb
00019
3ffc7
00067
3ff61
000d9
3fef9
00114
3ff16
00070
0006c
3fe4d
0035c
3faba
0073a
3f71d
009d9
3f65f
007b7
3fc6e
3fc9b
00df0
3e28f
0356f
39d2c
10b1c
171e6
3ac7d
01f51
3f7ed
3fb6c
00b74
3f176
00efe
3f253
00b49
3f795
00587
3fd0b
000e7
0008e
3fe94
001cc
3fe35
0018d
3fece
000d1
3ff84
0003b
3fff0
3fff8
00012
3ffed
0000f
3fff6
00005
3fffe
00001
// --- phase 102 ---
00001
3fffe
00004
3fffa
00007
3fffb
3fffb
00018
3ffc8
00066
3ff61
000d9
3fef8
00117
3ff11
00077
00063
3fe56
00353
3fac1
00738
3f718
009e8
3f643
007e1
3fc36
3fce1
00da1
3e2dd
03533
39d21
10d3e
17037
3abd9
01fe8
3f771
3fbcc
00b2e
3f1a5
00ee4
3f25d
00b4b
3f78c
00595
3fcfc
000f5
00082
3fe9c
001c6
3fe38
0018c
3fece
000d2
3ff83
0003c
3ffef
3fff8
00012
3ffee
0000f
3fff6
00005
3fffe
00001
// --- phase 103 ---
00001
3fffe
00004
3fffa
00007
3fffb
3fffc
00018
3ffc8
00066
3ff61
000da
3fef6
0011b
3ff0c
0007e
0005b
3fe60
00349
3fac8
00735
3f713
009f7
3f628
0080b
3fbfd
3fd27
00d53
3e32c
034f5
39d19
10f60
16e85
3ab3a
0207c
3f6f6
3fc2c
00ae8
3f1d3
00eca
3f268
00b4d
3f782
005a3
3fcee
00102
00076
3fea5
001c0
3fe3b
0018b
3fece
000d3
3ff81
0003d
3ffee
3fff9
00011
3ffee
0000e
3fff7
00005
3fffe
00001
// --- phase 104 ---
00001
3fffe
00004
3fffa
00008
3fffb
3fffc
00017
3ffc9
00065
3ff62
000da
3fef5
0011e
3ff07
00085
00052
3fe6a
00340
3facf
00732
3f70f
00a06
3f60c
00835
3fbc4
3fd6d
00d03
3e37d
034b5
39d14
1117f
16cd0
3aa9d
02110
3f67c
3fc8c
00aa1
3f202
00eaf
3f272
00b4e
3f779
005b0
3fcdf
00110
0006b
3feae
001ba
3fe3f
0018a
3fece
000d4
3ff80
0003f
3ffed
3fffa
00011
3ffee
0000e
3fff7
00005
3fffe
00001
// --- phase 105 ---
00001
3fffe
00004
3fff9
00008
3fffb
3fffd
00017
3ffc9
00065
3ff62
000db
3fef3
00121
3ff02
0008c
00049
3fe74
00336
3fad7
0072f
3f70a
00a14
3f5f1
0085e
3fb8c
3fdb3
00cb3
3e3ce
03473
39d12
1139e
16b18
3aa04
021a2
3f602
3fcec
00a5b
3f232
00e93
3f27e
00b4f
3f770
005bd
3fcd1
0011e
0005f
3feb6
001b4
3fe42
00188
3fece
000d5
3ff7f
00040
3ffec
3fffa
00010
3ffee
0000e
3fff7
00005
3fffe
00001
// --- phase 106 ---
00001
3fffe
00004
3fff9
00008
3fffa
3fffd
00016
3ffca
00064
3ff62
000db
3fef1
00124
3fefd
00093
00040
3fe7e
0032c
3fade
0072c
3f706
00a22
3f5d7
00888
3fb53
3fdfa
00c62
3e421
0342f
39d13
115bb
1695d
3a96f
02232
3f589
3fd4c
00a14
3f261
00e78
3f289
00b50
3f768
005ca
3fcc2
0012c
00054
3febf
001ae
3fe45
00187
3fece
000d5
3ff7e
00041
3ffec
3fffb
00010
3ffef
0000e
3fff7
00005
3fffe
00001
// --- phase 107 ---
00001
3fffe
00004
3fff9
00008
3fffa
3fffd
00015
3ffcb
00064
3ff62
000dc
3fef0
00127
3fef8
0009a
00038
3fe88
00322
3fae6
00728
3f703
00a30
3f5bc
008b1
3fb1b
3fe40
00c11
3e475
033ea
39d17
117d7
1679f
3a8dd
022c1
3f510
3fdab
009cd
3f291
00e5c
3f295
00b50
3f760
005d7
3fcb4
00139
00048
3fec8
001a8
3fe49
00185
3fece
000d6
3ff7d
00042
3ffeb
3fffc
0000f
3ffef
0000e
3fff7
00005
3fffe
00001
// --- phase 108 ---
00001
3fffe
00004
3fff9
00008
3fffa
3fffe
00015
3ffcb
00063
3ff63
000dc
3feee
0012a
3fef3
000a1
0002f
3fe92
00319
3faee
00725
3f6ff
00a3d
3f5a2
008da
3fae2
3fe87
00bc0
3e4ca
033a2
39d1f
119f1
165de
3a84f
0234e
3f498
3fe0b
00986
3f2c2
00e3f
3f2a1
00b50
3f758
005e3
3fca6
00147
0003d
3fed1
001a2
3fe4c
00184
3fece
000d7
3ff7c
00043
3ffea
3fffc
0000f
3ffef
0000e
3fff7
00005
3fffe
00001
// --- phase 109 ---
00001
3fffe
00004
3fff9
00008
3fff9
3fffe
00014
3ffcc
00063
3ff63
000dd
3feed
0012d
3feee
000a8
00026
3fe9c
0030e
3faf7
00721
3f6fc
00a4b
3f588
00903
3faaa
3fece
00b6d
3e520
03359
39d29
11c09
1641a
3a7c4
023d9
3f421
3fe6a
0093f
3f2f2
00e22
3f2ae
00b4f
3f750
005f0
3fc98
00154
00031
3feda
0019c
3fe50
00182
3fece
000d8
3ff7b
00044
3ffe9
3fffd
0000e
3ffef
0000e
3fff7
00005
3fffe
00001
// --- phase 110 ---
00001
3fffe
00004
3fff9
00008
3fff9
3ffff
00014
3ffcc
00062
3ff63
000dd
3feeb
00130
3fee9
000af
0001d
3fea6
00304
3faff
0071c
3f6f9
00a57
3f56e
0092b
3fa72
3ff16
00b1b
3e577
0330e
39d37
11e20
16253
3a73d
02463
3f3ab
3fec9
008f7
3f324
00e05
3f2bb
00b4e
3f748
005fc
3fc8a
00162
00026
3fee3
00196
3fe53
00181
3fece
000d8
3ff7a
00045
3ffe8
3fffe
0000e
3fff0
0000e
3fff7
00005
3fffe
00001
// --- phase 111 ---
00001
3fffe
00004
3fff9
00009
3fff9
3ffff
00013
3ffcd
00061
3ff63
000dd
3feea
00133
3fee5
000b6
00014
3feb0
002fa
3fb07
00718
3f6f7
00a64
3f555
00953
3fa39
3ff5d
00ac7
3e5ce
032c1
39d48
12036
16089
3a6b9
024ec
3f335
3ff28
008b0
3f355
00de7
3f2c9
00b4d
3f741
00608
3fc7c
0016f
0001a
3feec
00190
3fe57
0017f
3fecf
000d9
3ff79
00046
3ffe7
3fffe
0000e
3fff0
0000d
3fff7
00005
3fffe
00001
// --- phase 112 ---
00001
3fffe
00004
3fff9
00009
3fff9
3ffff
00013
3ffce
00061
3ff64
000de
3fee9
00136
3fee0
000bd
0000b
3feba
002f0
3fb10
00713
3f6f4
00a70
3f53c
0097b
3fa01
3ffa4
00a74
3e627
03272
39d5c
1224a
15ebd
3a639
02572
3f2c0
3ff87
00868
3f387
00dc9
3f2d7
00b4b
3f73a
00614
3fc6e
0017c
0000f
3fef4
0018a
3fe5b
0017d
3fecf
000d9
3ff78
00047
3ffe6
3ffff
0000d
3fff0
0000d
3fff7
00005
3fffe
00001
// --- phase 113 ---
00001
3fffe
00004
3fff9
00009
3fff8
00000
00012
3ffce
00060
3ff64
000de
3fee7
00139
3fedb
000c4
00002
3fec5
002e5
3fb19
0070f
3f6f2
00a7c
3f523
009a3
3f9c9
3ffec
00a1f
3e682
03222
39d73
1245c
15cee
3a5bd
025f8
3f24b
3ffe6
00820
3f3b9
00daa
3f2e5
00b49
3f734
0061f
3fc61
0018a
00003
3fefd
00184
3fe5e
0017c
3fecf
000da
3ff77
00048
3ffe5
00000
0000d
3fff1
0000d
3fff7
00005
3fffe
00001
// --- phase 114 ---
00001
3fffe
00005
3fff9
00009
3fff8
00000
00011
3ffcf
0005f
3ff64
000de
3fee6
0013b
3fed6
000cb
3fffa
3fecf
002da
3fb22
00709
3f6f1
00a88
3f50b
009cb
3f991
00034
009cb
3e6dd
031cf
39d8e
1266c
15b1c
3a543
0267b
3f1d7
00044
007d8
3f3eb
00d8b
3f2f4
00b47
3f72e
0062a
3fc53
00197
3fff8
3ff06
0017e
3fe62
0017a
3fed0
000da
3ff76
00049
3ffe4
00000
0000c
3fff1
0000d
3fff7
00005
3fffe
00001
// --- phase 115 ---
00001
3fffe
00005
3fff9
00009
3fff8
00001
00011
3ffd0
0005f
3ff65
000de
3fee5
0013e
3fed1
000d2
3fff1
3fed9
002d0
3fb2b
00704
3f6ef
00a93
3f4f2
009f2
3f959
0007c
00975
3e739
0317b
39dab
1287b
15947
3a4ce
026fd
3f164
000a2
00790
3f41d
00d6c
3f303
00b44
3f728
00636
3fc46
001a4
3ffec
3ff0f
00177
3fe66
00178
3fed0
000db
3ff75
0004a
3ffe4
00001
0000c
3fff1
0000d
3fff7
00005
3fffe
00001
// --- phase 116 ---
00001
3fffe
00005
3fff9
00009
3fff8
00001
00010
3ffd1
0005e
3ff65
000df
3fee4
00141
3fecd
000d8
3ffe8
3fee4
002c5
3fb35
006fe
3f6ee
00a9e
3f4db
00a19
3f922
000c4
00920
3e796
03125
39dcc
12a88
15770
3a45c
0277d
3f0f2
00101
00748
3f450
00d4d
3f312
00b41
3f722
00640
3fc39
001b1
3ffe1
3ff18
00171
3fe6a
00176
3fed0
000db
3ff74
0004b
3ffe3
00002
0000b
3fff1
0000d
3fff7
00005
3fffe
00001
// --- phase 117 ---
00001
3fffe
00005
3fff9
0000a
3fff7
00002
00010
3ffd1
0005d
3ff66
000df
3fee2
00144
3fec8
000df
3ffdf
3feee
002ba
3fb3e
006f9
3f6ed
00aa9
3f4c3
00a40
3f8ea
0010c
008c9
3e7f4
030cd
39df0
12c93
15596
3a3ed
027fc
3f081
0015e
00700
3f483
00d2d
3f322
00b3e
3f71c
0064b
3fc2c
001be
3ffd6
3ff21
0016b
3fe6e
00174
3fed1
000dc
3ff73
0004c
3ffe2
00002
0000b
3fff2
0000d
3fff7
00005
3fffe
00001
// --- phase 118 ---
00001
3fffe
00005
3fff8
0000a
3fff7
00002
0000f
3ffd2
0005d
3ff66
000df
3fee1
00146
3fec3
000e6
3ffd6
3fef9
002af
3fb48
006f3
3f6ec
00ab3
3f4ac
00a67
3f8b3
00154
00873
3e853
03073
39e18
12e9c
153ba
3a382
02878
3f010
001bc
006b8
3f4b7
00d0c
3f333
00b3a
3f717
00656
3fc1f
001cb
3ffca
3ff2a
00164
3fe72
00173
3fed1
000dc
3ff73
0004d
3ffe1
00003
0000a
3fff2
0000c
3fff7
00005
3fffe
00001
// --- phase 119 ---
00001
3fffe
00005
3fff8
0000a
3fff7
00002
0000e
3ffd3
0005c
3ff67
000df
3fee0
00149
3febf
000ed
3ffcd
3ff04
002a4
3fb52
006ec
3f6ec
00abd
3f495
00a8d
3f87b
0019c
0081c
3e8b3
03018
39e43
130a3
151db
3a31a
028f4
3efa0
00219
0066f
3f4eb
00ceb
3f343
00b36
3f712
00660
3fc13
001d7
3ffbf
3ff33
0015e
3fe76
00171
3fed2
000dd
3ff72
0004e
3ffe0
00004
0000a
3fff2
0000c
3fff7
00005
3fffe
00001
// --- phase 120 ---
00001
3fffe
00005
3fff8
0000a
3fff6
00003
0000e
3ffd3
0005b
3ff67
000df
3fedf
0014c
3feba
000f4
3ffc4
3ff0e
00298
3fb5c
006e6
3f6ec
00ac7
3f47e
00ab3
3f844
001e5
007c4
3e914
02fbb
39e71
132a9
14ff9
3a2b6
0296d
3ef31
00276
00627
3f51e
00cca
3f354
00b32
3f70e
0066a
3fc06
001e4
3ffb4
3ff3c
00157
3fe7a
0016f
3fed2
000dd
3ff71
0004f
3ffdf
00004
0000a
3fff2
0000c
3fff7
00005
3fffe
00001
// --- phase 121 ---
00001
3fffe
00005
3fff8
0000a
3fff6
00003
0000d
3ffd4
0005b
3ff68
000df
3fede
0014e
3feb6
000fb
3ffbb
3ff19
0028d
3fb66
006df
3f6ec
00ad1
3f468
00ad9
3f80d
0022d
0076c
3e976
02f5b
39ea2
134ac
14e15
3a255
029e5
3eec2
002d3
005de
3f553
00ca9
3f366
00b2d
3f70a
00674
3fbfa
001f1
3ffa8
3ff45
00151
3fe7e
0016d
3fed3
000dd
3ff70
00050
3ffde
00005
00009
3fff3
0000c
3fff7
00005
3fffe
00001
// --- phase 122 ---
00001
3fffe
00005
3fff8
0000a
3fff6
00004
0000d
3ffd5
0005a
3ff68
000df
3fedd
00151
3feb1
00101
3ffb2
3ff24
00282
3fb71
006d8
3f6ed
00ada
3f452
00aff
3f7d6
00276
00714
3e9d9
02efa
39ed7
136ad
14c2e
3a1f8
02a5b
3ee55
00330
00595
3f587
00c87
3f377
00b28
3f706
0067d
3fbed
001fd
3ff9d
3ff4e
0014a
3fe82
0016a
3fed4
000de
3ff6f
00051
3ffde
00006
00009
3fff3
0000c
3fff8
00005
3fffe
00001
// --- phase 123 ---
00001
3fffe
00005
3fff8
0000a
3fff6
00004
0000c
3ffd6
00059
3ff69
000df
3fedc
00153
3fead
00108
3ffa9
3ff2f
00276
3fb7b
006d1
3f6ee
00ae3
3f43c
00b24
3f7a0
002be
006bb
3ea3d
02e98
39f0f
138ad
14a45
3a19e
02acf
3ede8
0038c
0054d
3f5bc
00c65
3f389
00b23
3f702
00687
3fbe1
0020a
3ff92
3ff57
00144
3fe86
00168
3fed4
000de
3ff6f
00052
3ffdd
00006
00008
3fff3
0000c
3fff8
00005
3fffe
00001
// --- phase 124 ---
00001
3fffe
00005
3fff8
0000b
3fff5
00005
0000b
3ffd6
00058
3ff69
000df
3fedb
00156
3fea8
0010f
3ffa0
3ff39
0026a
3fb86
006ca
3f6ef
00aeb
3f427
00b49
3f769
00307
00662
3eaa2
02e33
39f4a
13aaa
1485a
3a148
02b42
3ed7c
003e8
00504
3f5f1
00c43
3f39c
00b1d
3f6ff
00690
3fbd5
00216
3ff87
3ff60
0013d
3fe8a
00166
3fed5
000de
3ff6e
00052
3ffdc
00007
00008
3fff3
0000c
3fff8
00005
3fffe
00001
// --- phase 125 ---
00001
3fffe
00005
3fff8
0000b
3fff5
00005
0000b
3ffd7
00057
3ff6a
000df
3feda
00158
3fea4
00116
3ff97
3ff44
0025f
3fb91
006c2
3f6f0
00af3
3f412
00b6d
3f733
00350
00609
3eb07
02dcd
39f89
13ca5
1466c
3a0f5
02bb3
3ed11
00443
004bb
3f626
00c20
3f3af
00b17
3f6fb
00699
3fbca
00222
3ff7c
3ff69
00137
3fe8e
00164
3fed6
000de
3ff6d
00053
3ffdb
00008
00007
3fff4
0000b
3fff8
00005
3fffe
00001
// --- phase 126 ---
00001
3fffe
00005
3fff8
0000b
3fff5
00006
0000a
3ffd8
00057
3ff6b
000df
3fed9
0015b
3fe9f
0011c
3ff8e
3ff4f
00253
3fb9c
006ba
3f6f2
00afb
3f3fe
00b92
3f6fd
00398
005af
3eb6e
02d65
39fcb
13e9e
1447c
3a0a5
02c22
3eca7
0049f
00473
3f65b
00bfd
3f3c2
00b10
3f6f9
006a2
3fbbe
0022f
3ff70
3ff72
00130
3fe92
00162
3fed6
000df
3ff6c
00054
3ffda
00008
00007
3fff4
0000b
3fff8
00005
3fffe
00001
// --- phase 127 ---
00001
3fffe
00005
3fff8
0000b
3fff5
00006
0000a
3ffd9
00056
3ff6b
000df
3fed8
0015d
3fe9b
00123
3ff84
3ff5a
00247
3fba7
006b2
3f6f4
00b02
3f3e9
00bb6
3f6c7
003e1
00554
3ebd5
02cfb
3a010
14095
1428a
3a059
02c8f
3ec3e
004fa
0042a
3f691
00bd9
3f3d6
00b09
3f6f6
006aa
3fbb2
0023b
3ff65
3ff7b
0012a
3fe97
0015f
3fed7
000df
3ff6c
00055
3ffda
00009
00006
3fff4
0000b
3fff8
00005
3fffe
00001
// --- phase 128 ---
00001
3fffe
00005
3fff8
0000b
3fff4
00006
00009
3ffda
00055
3ff6c
000df
3fed7
0015f
3fe97
0012a
3ff7b
3ff65
0023b
3fbb2
006aa
3f6f6
00b09
3f3d6
00bd9
3f691
0042a
004fa
3ec3e
02c8f
3a059
1428a
14095
3a010
02cfb
3ebd5
00554
003e1
3f6c7
00bb6
3f3e9
00b02
3f6f4
006b2
3fba7
00247
3ff5a
3ff84
00123
3fe9b
0015d
3fed8
000df
3ff6b
00056
3ffd9
0000a
00006
3fff5
0000b
3fff8
00005
3fffe
00001
// --- phase 129 ---
00001
3fffe
00005
3fff8
0000b
3fff4
00007
00008
3ffda
00054
3ff6c
000df
3fed6
00162
3fe92
00130
3ff72
3ff70
0022f
3fbbe
006a2
3f6f9
00b10
3f3c2
00bfd
3f65b
00473
0049f
3eca7
02c22
3a0a5
1447c
13e9e
39fcb
02d65
3eb6e
005af
00398
3f6fd
00b92
3f3fe
00afb
3f6f2
006ba
3fb9c
00253
3ff4f
3ff8e
0011c
3fe9f
0015b
3fed9
000df
3ff6b
00057
3ffd8
0000a
00006
3fff5
0000b
3fff8
00005
3fffe
00001
// --- phase 130 ---
00001
3fffe
00005
3fff8
0000b
3fff4
00007
00008
3ffdb
00053
3ff6d
000de
3fed6
00164
3fe8e
00137
3ff69
3ff7c
00222
3fbca
00699
3f6fb
00b17
3f3af
00c20
3f626
004bb
00443
3ed11
02bb3
3a0f5
1466c
13ca5
39f89
02dcd
3eb07
00609
00350
3f733
00b6d
3f412
00af3
3f6f0
006c2
3fb91
0025f
3ff44
3ff97
00116
3fea4
00158
3feda
000df
3ff6a
00057
3ffd7
0000b
00005
3fff5
0000b
3fff8
00005
3fffe
00001
// --- phase 131 ---
00001
3fffe
00005
3fff8
0000c
3fff3
00008
00007
3ffdc
00052
3ff6e
000de
3fed5
00166
3fe8a
0013d
3ff60
3ff87
00216
3fbd5
00690
3f6ff
00b1d
3f39c
00c43
3f5f1
00504
003e8
3ed7c
02b42
3a148
1485a
13aaa
39f4a
02e33
3eaa2
00662
00307
3f769
00b49
3f427
00aeb
3f6ef
006ca
3fb86
0026a
3ff39
3ffa0
0010f
3fea8
00156
3fedb
000df
3ff69
00058
3ffd6
0000b
00005
3fff5
0000b
3fff8
00005
3fffe
00001
// --- phase 132 ---
00001
3fffe
00005
3fff8
0000c
3fff3
00008
00006
3ffdd
00052
3ff6f
000de
3fed4
00168
3fe86
00144
3ff57
3ff92
0020a
3fbe1
00687
3f702
00b23
3f389
00c65
3f5bc
0054d
0038c
3ede8
02acf
3a19e
14a45
138ad
39f0f
02e98
3ea3d
006bb
002be
3f7a0
00b24
3f43c
00ae3
3f6ee
006d1
3fb7b
00276
3ff2f
3ffa9
00108
3fead
00153
3fedc
000df
3ff69
00059
3ffd6
0000c
00004
3fff6
0000a
3fff8
00005
3fffe
00001
// --- phase 133 ---
00001
3fffe
00005
3fff8
0000c
3fff3
00009
00006
3ffde
00051
3ff6f
000de
3fed4
0016a
3fe82
0014a
3ff4e
3ff9d
001fd
3fbed
0067d
3f706
00b28
3f377
00c87
3f587
00595
00330
3ee55
02a5b
3a1f8
14c2e
136ad
39ed7
02efa
3e9d9
00714
00276
3f7d6
00aff
3f452
00ada
3f6ed
006d8
3fb71
00282
3ff24
3ffb2
00101
3feb1
00151
3fedd
000df
3ff68
0005a
3ffd5
0000d
00004
3fff6
0000a
3fff8
00005
3fffe
00001
// --- phase 134 ---
00001
3fffe
00005
3fff7
0000c
3fff3
00009
00005
3ffde
00050
3ff70
000dd
3fed3
0016d
3fe7e
00151
3ff45
3ffa8
001f1
3fbfa
00674
3f70a
00b2d
3f366
00ca9
3f553
005de
002d3
3eec2
029e5
3a255
14e15
134ac
39ea2
02f5b
3e976
0076c
0022d
3f80d
00ad9
3f468
00ad1
3f6ec
006df
3fb66
0028d
3ff19
3ffbb
000fb
3feb6
0014e
3fede
000df
3ff68
0005b
3ffd4
0000d
00003
3fff6
0000a
3fff8
00005
3fffe
00001
// --- phase 135 ---
00001
3fffe
00005
3fff7
0000c
3fff2
0000a
00004
3ffdf
0004f
3ff71
000dd
3fed2
0016f
3fe7a
00157
3ff3c
3ffb4
001e4
3fc06
0066a
3f70e
00b32
3f354
00cca
3f51e
00627
00276
3ef31
0296d
3a2b6
14ff9
132a9
39e71
02fbb
3e914
007c4
001e5
3f844
00ab3
3f47e
00ac7
3f6ec
006e6
3fb5c
00298
3ff0e
3ffc4
000f4
3feba
0014c
3fedf
000df
3ff67
0005b
3ffd3
0000e
00003
3fff6
0000a
3fff8
00005
3fffe
00001
// --- phase 136 ---
00001
3fffe
00005
3fff7
0000c
3fff2
0000a
00004
3ffe0
0004e
3ff72
000dd
3fed2
00171
3fe76
0015e
3ff33
3ffbf
001d7
3fc13
00660
3f712
00b36
3f343
00ceb
3f4eb
0066f
00219
3efa0
028f4
3a31a
151db
130a3
39e43
03018
3e8b3
0081c
0019c
3f87b
00a8d
3f495
00abd
3f6ec
006ec
3fb52
002a4
3ff04
3ffcd
000ed
3febf
00149
3fee0
000df
3ff67
0005c
3ffd3
0000e
00002
3fff7
0000a
3fff8
00005
3fffe
00001
// --- phase 137 ---
00001
3fffe
00005
3fff7
0000c
3fff2
0000a
00003
3ffe1
0004d
3ff73
000dc
3fed1
00173
3fe72
00164
3ff2a
3ffca
001cb
3fc1f
00656
3f717
00b3a
3f333
00d0c
3f4b7
006b8
001bc
3f010
02878
3a382
153ba
12e9c
39e18
03073
3e853
00873
00154
3f8b3
00a67
3f4ac
00ab3
3f6ec
006f3
3fb48
002af
3fef9
3ffd6
000e6
3fec3
00146
3fee1
000df
3ff66
0005d
3ffd2
0000f
00002
3fff7
0000a
3fff8
00005
3fffe
00001
// --- phase 138 ---
00001
3fffe
00005
3fff7
0000d
3fff2
0000b
00002
3ffe2
0004c
3ff73
000dc
3fed1
00174
3fe6e
0016b
3ff21
3ffd6
001be
3fc2c
0064b
3f71c
00b3e
3f322
00d2d
3f483
00700
0015e
3f081
027fc
3a3ed
15596
12c93
39df0
030cd
3e7f4
008c9
0010c
3f8ea
00a40
3f4c3
00aa9
3f6ed
006f9
3fb3e
002ba
3feee
3ffdf
000df
3fec8
00144
3fee2
000df
3ff66
0005d
3ffd1
00010
00002
3fff7
0000a
3fff9
00005
3fffe
00001
// --- phase 139 ---
00001
3fffe
00005
3fff7
0000d
3fff1
0000b
00002
3ffe3
0004b
3ff74
000db
3fed0
00176
3fe6a
00171
3ff18
3ffe1
001b1
3fc39
00640
3f722
00b41
3f312
00d4d
3f450
00748
00101
3f0f2
0277d
3a45c
15770
12a88
39dcc
03125
3e796
00920
000c4
3f922
00a19
3f4db
00a9e
3f6ee
006fe
3fb35
002c5
3fee4
3ffe8
000d8
3fecd
00141
3fee4
000df
3ff65
0005e
3ffd1
00010
00001
3fff8
00009
3fff9
00005
3fffe
00001
// --- phase 140 ---
00001
3fffe
00005
3fff7
0000d
3fff1
0000c
00001
3ffe4
0004a
3ff75
000db
3fed0
00178
3fe66
00177
3ff0f
3ffec
001a4
3fc46
00636
3f728
00b44
3f303
00d6c
3f41d
00790
000a2
3f164
026fd
3a4ce
15947
1287b
39dab
0317b
3e739
00975
0007c
3f959
009f2
3f4f2
00a93
3f6ef
00704
3fb2b
002d0
3fed9
3fff1
000d2
3fed1
0013e
3fee5
000de
3ff65
0005f
3ffd0
00011
00001
3fff8
00009
3fff9
00005
3fffe
00001
// --- phase 141 ---
00001
3fffe
00005
3fff7
0000d
3fff1
0000c
00000
3ffe4
00049
3ff76
000da
3fed0
0017a
3fe62
0017e
3ff06
3fff8
00197
3fc53
0062a
3f72e
00b47
3f2f4
00d8b
3f3eb
007d8
00044
3f1d7
0267b
3a543
15b1c
1266c
39d8e
031cf
3e6dd
009cb
00034
3f991
009cb
3f50b
00a88
3f6f1
00709
3fb22
002da
3fecf
3fffa
000cb
3fed6
0013b
3fee6
000de
3ff64
0005f
3ffcf
00011
00000
3fff8
00009
3fff9
00005
3fffe
00001
// --- phase 142 ---
00001
3fffe
00005
3fff7
0000d
3fff1
0000d
00000
3ffe5
00048
3ff77
000da
3fecf
0017c
3fe5e
00184
3fefd
00003
0018a
3fc61
0061f
3f734
00b49
3f2e5
00daa
3f3b9
00820
3ffe6
3f24b
025f8
3a5bd
15cee
1245c
39d73
03222
3e682
00a1f
3ffec
3f9c9
009a3
3f523
00a7c
3f6f2
0070f
3fb19
002e5
3fec5
00002
000c4
3fedb
00139
3fee7
000de
3ff64
00060
3ffce
00012
00000
3fff8
00009
3fff9
00004
3fffe
00001
// --- phase 143 ---
00001
3fffe
00005
3fff7
0000d
3fff0
0000d
3ffff
3ffe6
00047
3ff78
000d9
3fecf
0017d
3fe5b
0018a
3fef4
0000f
0017c
3fc6e
00614
3f73a
00b4b
3f2d7
00dc9
3f387
00868
3ff87
3f2c0
02572
3a639
15ebd
1224a
39d5c
03272
3e627
00a74
3ffa4
3fa01
0097b
3f53c
00a70
3f6f4
00713
3fb10
002f0
3feba
0000b
000bd
3fee0
00136
3fee9
000de
3ff64
00061
3ffce
00013
3ffff
3fff9
00009
3fff9
00004
3fffe
00001
// --- phase 144 ---
00001
3fffe
00005
3fff7
0000d
3fff0
0000e
3fffe
3ffe7
00046
3ff79
000d9
3fecf
0017f
3fe57
00190
3feec
0001a
0016f
3fc7c
00608
3f741
00b4d
3f2c9
00de7
3f355
008b0
3ff28
3f335
024ec
3a6b9
16089
12036
39d48
032c1
3e5ce
00ac7
3ff5d
3fa39
00953
3f555
00a64
3f6f7
00718
3fb07
002fa
3feb0
00014
000b6
3fee5
00133
3feea
000dd
3ff63
00061
3ffcd
00013
3ffff
3fff9
00009
3fff9
00004
3fffe
00001
// --- phase 145 ---
00001
3fffe
00005
3fff7
0000e
3fff0
0000e
3fffe
3ffe8
00045
3ff7a
000d8
3fece
00181
3fe53
00196
3fee3
00026
00162
3fc8a
005fc
3f748
00b4e
3f2bb
00e05
3f324
008f7
3fec9
3f3ab
02463
3a73d
16253
11e20
39d37
0330e
3e577
00b1b
3ff16
3fa72
0092b
3f56e
00a57
3f6f9
0071c
3faff
00304
3fea6
0001d
000af
3fee9
00130
3feeb
000dd
3ff63
00062
3ffcc
00014
3ffff
3fff9
00008
3fff9
00004
3fffe
00001
// --- phase 146 ---
00001
3fffe
00005
3fff7
0000e
3ffef
0000e
3fffd
3ffe9
00044
3ff7b
000d8
3fece
00182
3fe50
0019c
3feda
00031
00154
3fc98
005f0
3f750
00b4f
3f2ae
00e22
3f2f2
0093f
3fe6a
3f421
023d9
3a7c4
1641a
11c09
39d29
03359
3e520
00b6d
3fece
3faaa
00903
3f588
00a4b
3f6fc
00721
3faf7
0030e
3fe9c
00026
000a8
3feee
0012d
3feed
000dd
3ff63
00063
3ffcc
00014
3fffe
3fff9
00008
3fff9
00004
3fffe
00001
// --- phase 147 ---
00001
3fffe
00005
3fff7
0000e
3ffef
0000f
3fffc
3ffea
00043
3ff7c
000d7
3fece
00184
3fe4c
001a2
3fed1
0003d
00147
3fca6
005e3
3f758
00b50
3f2a1
00e3f
3f2c2
00986
3fe0b
3f498
0234e
3a84f
165de
119f1
39d1f
033a2
3e4ca
00bc0
3fe87
3fae2
008da
3f5a2
00a3d
3f6ff
00725
3faee
00319
3fe92
0002f
000a1
3fef3
0012a
3feee
000dc
3ff63
00063
3ffcb
00015
3fffe
3fffa
00008
3fff9
00004
3fffe
00001
// --- phase 148 ---
00001
3fffe
00005
3fff7
0000e
3ffef
0000f
3fffc
3ffeb
00042
3ff7d
000d6
3fece
00185
3fe49
001a8
3fec8
00048
00139
3fcb4
005d7
3f760
00b50
3f295
00e5c
3f291
009cd
3fdab
3f510
022c1
3a8dd
1679f
117d7
39d17
033ea
3e475
00c11
3fe40
3fb1b
008b1
3f5bc
00a30
3f703
00728
3fae6
00322
3fe88
00038
0009a
3fef8
00127
3fef0
000dc
3ff62
00064
3ffcb
00015
3fffd
3fffa
00008
3fff9
00004
3fffe
00001
// --- phase 149 ---
00001
3fffe
00005
3fff7
0000e
3ffef
00010
3fffb
3ffec
00041
3ff7e
000d5
3fece
00187
3fe45
001ae
3febf
00054
0012c
3fcc2
005ca
3f768
00b50
3f289
00e78
3f261
00a14
3fd4c
3f589
02232
3a96f
1695d
115bb
39d13
0342f
3e421
00c62
3fdfa
3fb53
00888
3f5d7
00a22
3f706
0072c
3fade
0032c
3fe7e
00040
00093
3fefd
00124
3fef1
000db
3ff62
00064
3ffca
00016
3fffd
3fffa
00008
3fff9
00004
3fffe
00001
// --- phase 150 ---
00001
3fffe
00005
3fff7
0000e
3ffee
00010
3fffa
3ffec
00040
3ff7f
000d5
3fece
00188
3fe42
001b4
3feb6
0005f
0011e
3fcd1
005bd
3f770
00b4f
3f27e
00e93
3f232
00a5b
3fcec
3f602
021a2
3aa04
16b18
1139e
39d12
03473
3e3ce
00cb3
3fdb3
3fb8c
0085e
3f5f1
00a14
3f70a
0072f
3fad7
00336
3fe74
00049
0008c
3ff02
00121
3fef3
000db
3ff62
00065
3ffc9
00017
3fffd
3fffb
00008
3fff9
00004
3fffe
00001
// --- phase 151 ---
00001
3fffe
00005
3fff7
0000e
3ffee
00011
3fffa
3ffed
0003f
3ff80
000d4
3fece
0018a
3fe3f
001ba
3feae
0006b
00110
3fcdf
005b0
3f779
00b4e
3f272
00eaf
3f202
00aa1
3fc8c
3f67c
02110
3aa9d
16cd0
1117f
39d14
034b5
3e37d
00d03
3fd6d
3fbc4
00835
3f60c
00a06
3f70f
00732
3facf
00340
3fe6a
00052
00085
3ff07
0011e
3fef5
000da
3ff62
00065
3ffc9
00017
3fffc
3fffb
00008
3fffa
00004
3fffe
00001
// --- phase 152 ---
00001
3fffe
00005
3fff7
0000e
3ffee
00011
3fff9
3ffee
0003d
3ff81
000d3
3fece
0018b
3fe3b
001c0
3fea5
00076
00102
3fcee
005a3
3f782
00b4d
3f268
00eca
3f1d3
00ae8
3fc2c
3f6f6
0207c
3ab3a
16e85
10f60
39d19
034f5
3e32c
00d53
3fd27
3fbfd
0080b
3f628
009f7
3f713
00735
3fac8
00349
3fe60
0005b
0007e
3ff0c
0011b
3fef6
000da
3ff61
00066
3ffc8
00018
3fffc
3fffb
00007
3fffa
00004
3fffe
00001
// --- phase 153 ---
00001
3fffe
00005
3fff6
0000f
3ffee
00012
3fff8
3ffef
0003c
3ff83
000d2
3fece
0018c
3fe38
001c6
3fe9c
00082
000f5
3fcfc
00595
3f78c
00b4b
3f25d
00ee4
3f1a5
00b2e
3fbcc
3f771
01fe8
3abd9
17037
10d3e
39d21
03533
3e2dd
00da1
3fce1
3fc36
007e1
3f643
009e8
3f718
00738
3fac1
00353
3fe56
00063
00077
3ff11
00117
3fef8
000d9
3ff61
00066
3ffc8
00018
3fffb
3fffb
00007
3fffa
00004
3fffe
00001
// --- phase 154 ---
00001
3fffe
00005
3fff6
0000f
3ffed
00012
3fff8
3fff0
0003b
3ff84
000d1
3fece
0018d
3fe35
001cc
3fe94
0008e
000e7
3fd0b
00587
3f795
00b49
3f253
00efe
3f176
00b74
3fb6c
3f7ed
01f51
3ac7d
171e6
10b1c
39d2c
0356f
3e28f
00df0
3fc9b
3fc6e
007b7
3f65f
009d9
3f71d
0073a
3faba
0035c
3fe4d
0006c
00070
3ff16
00114
3fef9
000d9
3ff61
00067
3ffc7
00019
3fffb
3fffc
00007
3fffa
00004
3fffe
00001
// --- phase 155 ---
00001
3fffe
00005
3fff6
0000f
3ffed
00012
3fff7
3fff1
0003a
3ff85
000d1
3fece
0018f
3fe32
001d1
3fe8b
00099
000d9
3fd1a
00579
3f79f
00b47
3f24a
00f18
3f149
00bb9
3fb0c
3f869
01eb9
3ad24
17392
108f8
39d3a
035a9
3e242
00e3d
3fc56
3fca7
0078d
3f67b
009c9
3f722
0073c
3fab3
00365
3fe43
00075
00069
3ff1b
00111
3fefb
000d8
3ff61
00067
3ffc6
00019
3fffa
3fffc
00007
3fffa
00004
3fffe
00001
// --- phase 156 ---
00001
3fffe
00005
3fff6
0000f
3ffed
00013
3fff6
3fff2
00039
3ff86
000d0
3fece
00190
3fe2f
001d7
3fe82
000a5
000cb
3fd2a
0056b
3f7aa
00b44
3f241
00f31
3f11b
00bff
3faac
3f8e6
01e20
3adcf
1753b
106d3
39d4c
035e2
3e1f5
00e8a
3fc11
3fce0
00762
3f698
009b9
3f728
0073e
3faac
0036e
3fe3a
0007d
00062
3ff20
0010e
3fefd
000d8
3ff61
00068
3ffc6
0001a
3fffa
3fffc
00007
3fffa
00004
3fffe
00001
// --- phase 157 ---
00001
3fffe
00005
3fff6
0000f
3ffed
00013
3fff6
3fff3
00038
3ff87
000cf
3fecf
00191
3fe2c
001dd
3fe7a
000b0
000bd
3fd39
0055d
3f7b4
00b41
3f238
00f4a
3f0ee
00c44
3fa4c
3f963
01d85
3ae7d
176e0
104ad
39d60
03618
3e1ab
00ed7
3fbcc
3fd18
00738
3f6b4
009a9
3f72e
0073f
3faa6
00377
3fe30
00086
0005b
3ff25
0010a
3feff
000d7
3ff61
00068
3ffc5
0001a
3fffa
3fffc
00007
3fffa
00004
3fffe
00001
// --- phase 158 ---
00001
3fffe
00005
3fff6
0000f
3ffed
00014
3fff5
3fff4
00036
3ff88
000ce
3fecf
00192
3fe29
001e2
3fe71
000bc
000af
3fd48
0054e
3f7bf
00b3e
3f230
00f62
3f0c1
00c89
3f9eb
3f9e1
01ce9
3af2f
17883
10286
39d77
0364d
3e161
00f23
3fb87
3fd51
0070d
3f6d1
00999
3f734
00741
3fa9f
00380
3fe27
0008e
00054
3ff2a
00107
3ff00
000d6
3ff61
00069
3ffc5
0001b
3fff9
3fffd
00006
3fffa
00004
3fffe
00001
// --- phase 159 ---
00001
3fffe
00005
3fff6
0000f
3ffec
00014
3fff4
3fff5
00035
3ff8a
000cd
3fecf
00193
3fe26
001e8
3fe69
000c8
000a0
3fd58
0053f
3f7ca
00b3a
3f228
00f7a
3f095
00cce
3f98b
3fa5f
01c4b
3afe4
17a22
1005d
39d91
03680
3e118
00f6e
3fb43
3fd8a
006e2
3f6ee
00988
3f73a
00742
3fa99
00388
3fe1e
00097
0004d
3ff2f
00104
3ff02
000d6
3ff61
00069
3ffc4
0001b
3fff9
3fffd
00006
3fffa
00004
3fffe
00001
// --- phase 160 ---
00001
3fffe
00005
3fff6
0000f
3ffec
00015
3fff4
3fff6
00034
3ff8b
000cc
3fed0
00194
3fe23
001ed
3fe60
000d3
00092
3fd67
00531
3f7d5
00b36
3f221
00f91
3f069
00d12
3f92b
3fade
01bac
3b09d
17bbd
0fe34
39dae
036b1
3e0d1
00fb9
3faff
3fdc2
006b7
3f70c
00977
3f741
00743
3fa93
00391
3fe15
0009f
00046
3ff35
00100
3ff04
000d5
3ff61
00069
3ffc4
0001c
3fff8
3fffd
00006
3fffa
00004
3fffe
00001
// --- phase 161 ---
00001
3fffe
00005
3fff6
0000f
3ffec
00015
3fff3
3fff7
00033
3ff8c
000cb
3fed0
00195
3fe20
001f2
3fe58
000df
00084
3fd77
00521
3f7e1
00b32
3f21a
00fa8
3f03e
00d56
3f8cb
3fb5d
01b0b
3b159
17d56
0fc09
39dce
036e0
3e08a
01003
3fabb
3fdfb
0068c
3f729
00966
3f748
00744
3fa8e
00399
3fe0c
000a8
0003f
3ff3a
000fd
3ff06
000d4
3ff61
0006a
3ffc3
0001c
3fff8
3fffe
00006
3fffa
00004
3fffe
00001
// --- phase 162 ---
00001
3fffe
00005
3fff6
00010
3ffec
00015
3fff2
3fff8
00032
3ff8e
000c9
3fed0
00195
3fe1d
001f8
3fe4f
000ea
00076
3fd87
00512
3f7ed
00b2d
3f213
00fbf
3f012
00d9a
3f86b
3fbdd
01a69
3b219
17eeb
0f9de
39df1
0370e
3e045
0104c
3fa77
3fe34
00660
3f747
00955
3f74f
00744
3fa88
003a1
3fe03
000b0
00039
3ff3f
000fa
3ff08
000d3
3ff61
0006a
3ffc3
0001d
3fff8
3fffe
00006
3fffa
00004
3fffe
00001
// --- phase 163 ---
00001
3fffe
00005
3fff6
00010
3ffeb
00016
3fff1
3fff9
00030
3ff8f
000c8
3fed1
00196
3fe1a
001fd
3fe47
000f6
00067
3fd97
00503
3f7f9
00b28
3f20d
00fd5
3efe8
00ddd
3f80a
3fc5d
019c6
3b2dd
1807d
0f7b1
39e17
03739
3e001
01095
3fa34
3fe6c
00635
3f765
00943
3f756
00745
3fa83
003aa
3fdfa
000b9
00032
3ff44
000f6
3ff0a
000d3
3ff61
0006b
3ffc2
0001d
3fff7
3fffe
00006
3fffb
00004
3fffe
00001
// --- phase 164 ---
00001
3fffe
00005
3fff6
00010
3ffeb
00016
3fff1
3fffa
0002f
3ff90
000c7
3fed1
00197
3fe18
00202
3fe3f
00101
00059
3fda7
004f3
3f805
00b22
3f207
00feb
3efbe
00e21
3f7aa
3fcde
01921
3b3a4
1820b
0f584
39e40
03763
3dfbe
010dc
3f9f1
3fea5
00609
3f784
00931
3f75e
00745
3fa7d
003b2
3fdf1
000c1
0002b
3ff49
000f3
3ff0c
000d2
3ff61
0006b
3ffc2
0001e
3fff7
3fffe
00005
3fffb
00004
3fffe
00001
// --- phase 165 ---
00001
3fffe
00005
3fff6
00010
3ffeb
00017
3fff0
3fffb
0002e
3ff92
000c6
3fed2
00198
3fe15
00208
3fe36
0010d
0004b
3fdb7
004e3
3f812
00b1c
3f202
01000
3ef94
00e63
3f74a
3fd5f
0187b
3b46f
18396
0f355
39e6b
0378a
3df7c
01124
3f9af
3fedd
005dd
3f7a2
0091f
3f766
00744
3fa78
003b9
3fde8
000c9
00024
3ff4e
000ef
3ff0e
000d1
3ff61
0006b
3ffc1
0001e
3fff7
3ffff
00005
3fffb
00004
3fffe
00001
// --- phase 166 ---
00001
3fffe
00005
3fff6
00010
3ffeb
00017
3ffef
3fffc
0002d
3ff93
000c5
3fed2
00198
3fe13
0020d
3fe2e
00118
0003c
3fdc7
004d3
3f81f
00b16
3f1fd
01014
3ef6b
00ea6
3f6ea
3fde0
017d3
3b53d
1851e
0f126
39e9a
037b0
3df3c
0116a
3f96c
3ff16
005b1
3f7c1
0090c
3f76e
00744
3fa73
003c1
3fddf
000d2
0001d
3ff54
000ec
3ff10
000d0
3ff61
0006c
3ffc1
0001f
3fff6
3ffff
00005
3fffb
00004
3fffe
00001
// --- phase 167 ---
00001
3fffe
00005
3fff6
00010
3ffea
00018
3ffef
3fffd
0002b
3ff94
000c4
3fed3
00199
3fe10
00212
3fe26
00124
0002e
3fdd7
004c3
3f82c
00b10
3f1f9
01029
3ef42
00ee8
3f68a
3fe62
0172a
3b60f
186a2
0eef6
39ecb
037d4
3defc
011b0
3f92a
3ff4e
00586
3f7e0
008fa
3f777
00743
3fa6f
003c9
3fdd7
000da
00016
3ff59
000e8
3ff12
000cf
3ff61
0006c
3ffc0
0001f
3fff6
3ffff
00005
3fffb
00004
3fffe
00001
// --- phase 168 ---
00001
3fffe
00005
3fff6
00010
3ffea
00018
3ffee
3fffe
0002a
3ff96
000c2
3fed4
0019a
3fe0e
00217
3fe1e
0012f
0001f
3fde7
004b3
3f83a
00b09
3f1f5
0103c
3ef19
00f2a
3f62a
3fee4
01680
3b6e5
18823
0ecc5
39eff
037f6
3debe
011f6
3f8e8
3ff86
00559
3f7ff
008e7
3f780
00743
3fa6a
003d0
3fdce
000e2
0000f
3ff5e
000e5
3ff14
000ce
3ff61
0006c
3ffc0
00020
3fff5
3ffff
00005
3fffb
00004
3fffe
00001
// --- phase 169 ---
00001
3fffe
00005
3fff6
00010
3ffea
00018
3ffed
3ffff
00029
3ff97
000c1
3fed4
0019a
3fe0b
0021c
3fe16
0013b
00011
3fdf8
004a2
3f848
00b01
3f1f1
01050
3eef1
00f6c
3f5cb
3ff67
015d4
3b7be
189a0
0ea94
39f36
03816
3de81
0123a
3f8a7
3ffbf
0052d
3f81e
008d3
3f789
00741
3fa66
003d8
3fdc6
000ea
00008
3ff63
000e1
3ff16
000cd
3ff62
0006c
3ffbf
00020
3fff5
00000
00005
3fffb
00004
3fffe
00001
// --- phase 170 ---
00001
3fffe
00005
3fff6
00010
3ffea
00019
3ffed
00000
00028
3ff99
000c0
3fed5
0019a
3fe09
00221
3fe0e
00146
00002
3fe08
00491
3f856
00afa
3f1ee
01062
3eeca
00fad
3f56b
3ffea
01528
3b89a
18b19
0e862
39f70
03835
3de45
0127e
3f866
3fff7
00501
3f83e
008c0
3f792
00740
3fa62
003df
3fdbd
000f2
00001
3ff69
000de
3ff18
000cc
3ff62
0006d
3ffbf
00020
3fff5
00000
00004
3fffb
00004
3fffe
00001
// --- phase 171 ---
00001
3fffe
00005
3fff6
00010
3ffea
00019
3ffec
00001
00026
3ff9a
000bf
3fed6
0019b
3fe07
00226
3fe06
00152
3fff4
3fe19
00481
3f864
00af2
3f1eb
01075
3eea3
00fed
3f50c
0006d
0147a
3b97a
18c8f
0e62f
39fac
03851
3de0b
012c1
3f826
0002f
004d5
3f85d
008ac
3f79b
0073f
3fa5e
003e6
3fdb5
000fa
3fffa
3ff6e
000da
3ff1a
000cb
3ff62
0006d
3ffbe
00021
3fff4
00000
00004
3fffb
00004
3fffe
00001
// --- phase 172 ---
00001
3fffe
00005
3fff6
00010
3ffe9
0001a
3ffeb
00002
00025
3ff9b
000bd
3fed7
0019b
3fe04
0022a
3fdfe
0015d
3ffe5
3fe2a
00470
3f872
00ae9
3f1e9
01086
3ee7c
0102e
3f4ac
000f1
013ca
3ba5e
18e01
0e3fb
39feb
0386c
3ddd1
01303
3f7e5
00067
004a8
3f87d
00898
3f7a5
0073d
3fa5a
003ed
3fdad
00102
3fff3
3ff73
000d6
3ff1c
000ca
3ff62
0006d
3ffbe
00021
3fff4
00000
00004
3fffb
00003
3fffe
00001
// --- phase 173 ---
00001
3fffe
00005
3fff6
00011
3ffe9
0001a
3ffeb
00003
00024
3ff9d
000bc
3fed7
0019c
3fe02
0022f
3fdf6
00169
3ffd7
3fe3b
0045e
3f881
00ae0
3f1e7
01098
3ee56
0106e
3f44d
00175
0131a
3bb45
18f70
0e1c7
3a02d
03885
3dd99
01345
3f7a5
0009e
0047c
3f89d
00884
3f7af
0073b
3fa57
003f4
3fda5
0010a
3ffed
3ff78
000d3
3ff1e
000c9
3ff62
0006d
3ffbe
00022
3fff4
00001
00004
3fffb
00003
3fffe
00001
// --- phase 174 ---
00001
3fffe
00005
3fff6
00011
3ffe9
0001b
3ffea
00004
00022
3ff9e
000ba
3fed8
0019c
3fe00
00234
3fdee
00174
3ffc8
3fe4c
0044d
3f890
00ad7
3f1e6
010a9
3ee31
010ad
3f3ee
001f9
01268
3bc30
190db
0df93
3a071
0389c
3dd62
01386
3f766
000d6
0044f
3f8be
0086f
3f7b9
00739
3fa53
003fa
3fd9d
00112
3ffe6
3ff7e
000cf
3ff21
000c8
3ff63
0006d
3ffbd
00022
3fff3
00001
00004
3fffb
00003
3fffe
00001
// --- phase 175 ---
00001
3fffe
00005
3fff6
00011
3ffe9
0001b
3ffe9
00005
00021
3ffa0
000b9
3fed9
0019c
3fdfe
00239
3fde6
0017f
3ffb9
3fe5d
0043b
3f8a0
00ace
3f1e5
010b9
3ee0c
010ed
3f38f
0027e
011b5
3bd1f
19242
0dd5e
3a0b8
038b1
3dd2c
013c6
3f727
0010e
00423
3f8de
0085b
3f7c4
00736
3fa50
00401
3fd95
0011a
3ffdf
3ff83
000cb
3ff23
000c7
3ff63
0006e
3ffbd
00023
3fff3
00001
00004
3fffc
00003
3fffe
00001
// --- phase 176 ---
00001
3fffe
00005
3fff6
00011
3ffe8
0001b
3ffe9
00006
00020
3ffa2
000b7
3feda
0019c
3fdfc
0023d
3fdde
0018a
3ffab
3fe6e
0042a
3f8af
00ac4
3f1e5
010c9
3ede7
0112b
3f331
00303
01101
3be11
193a6
0db28
3a102
038c4
3dcf8
01406
3f6e8
00145
003f6
3f8ff
00846
3f7cf
00734
3fa4d
00407
3fd8d
00122
3ffd8
3ff88
000c8
3ff25
000c6
3ff63
0006e
3ffbc
00023
3fff2
00002
00004
3fffc
00003
3fffe
00001
// --- phase 177 ---
00001
3fffe
00005
3fff6
00011
3ffe8
0001c
3ffe8
00007
0001e
3ffa3
000b6
3fedb
0019c
3fdfa
00242
3fdd6
00196
3ff9c
3fe7f
00418
3f8bf
00aba
3f1e5
010d8
3edc3
0116a
3f2d2
00388
0104b
3bf06
19506
0d8f2
3a14e
038d6
3dcc5
01444
3f6aa
0017d
003c9
3f920
00830
3f7da
00731
3fa4a
0040e
3fd85
00129
3ffd1
3ff8e
000c4
3ff27
000c5
3ff64
0006e
3ffbc
00023
3fff2
00002
00003
3fffc
00003
3fffe
00001
// --- phase 178 ---
00001
3fffe
00005
3fff6
00011
3ffe8
0001c
3ffe7
00008
0001d
3ffa5
000b4
3fedc
0019c
3fdf8
00246
3fdcf
001a1
3ff8e
3fe90
00406
3f8cf
00aaf
3f1e5
010e7
3ed9f
011a8
3f274
0040d
00f95
3bfff
19662
0d6bc
3a19d
038e6
3dc93
01482
3f66c
001b4
0039c
3f940
0081b
3f7e5
0072e
3fa47
00414
3fd7d
00131
3ffcb
3ff93
000c0
3ff2a
000c4
3ff64
0006e
3ffbc
00024
3fff2
00002
00003
3fffc
00003
3fffe
00001
// --- phase 179 ---
00001
3fffe
00005
3fff6
00011
3ffe8
0001d
3ffe6
00009
0001c
3ffa6
000b3
3fedd
0019c
3fdf7
0024a
3fdc7
001ac
3ff7f
3fea1
003f4
3f8e0
00aa5
3f1e6
010f5
3ed7c
011e5
3f216
00493
00edd
3c0fc
197ba
0d485
3a1ef
038f3
3dc62
014bf
3f62e
001eb
00370
3f962
00806
3f7f0
0072a
3fa45
0041a
3fd76
00139
3ffc4
3ff98
000bd
3ff2c
000c3
3ff64
0006e
3ffbb
00024
3fff1
00002
00003
3fffc
00003
3fffe
00001
// --- phase 180 ---
00001
3fffe
00005
3fff6
00011
3ffe8
0001d
3ffe6
0000a
0001a
3ffa8
000b1
3fede
0019c
3fdf5
0024f
3fdc0
001b7
3ff70
3feb3
003e1
3f8f0
00a99
3f1e7
01103
3ed5a
01222
3f1b8
00519
00e25
3c1fc
1990f
0d24e
3a243
038ff
3dc32
014fc
3f5f1
00222
00343
3f983
007f0
3f7fc
00727
3fa43
00420
3fd6e
00140
3ffbd
3ff9e
000b9
3ff2e
000c2
3ff65
0006e
3ffbb
00025
3fff1
00003
00003
3fffc
00003
3fffe
00001
// --- phase 181 ---
00001
3fffe
00005
3fff6
00011
3ffe7
0001d
3ffe5
0000b
00019
3ffa9
000b0
3fee0
0019c
3fdf3
00253
3fdb8
001c3
3ff61
3fec4
003cf
3f901
00a8e
3f1e9
01110
3ed38
0125f
3f15b
0059f
00d6b
3c2ff
19a5f
0d017
3a29a
0390a
3dc04
01537
3f5b4
00258
00316
3f9a4
007da
3f808
00723
3fa41
00425
3fd67
00148
3ffb6
3ffa3
000b5
3ff30
000c0
3ff65
0006f
3ffbb
00025
3fff1
00003
00003
3fffc
00003
3fffe
00001
// --- phase 182 ---
00001
3fffe
00005
3fff6
00011
3ffe7
0001e
3ffe4
0000c
00018
3ffab
000ae
3fee1
0019c
3fdf2
00257
3fdb1
001ce
3ff53
3fed6
003bc
3f912
00a82
3f1eb
0111d
3ed17
0129b
3f0fd
00625
00cb0
3c406
19bac
0cddf
3a2f3
03912
3dbd6
01572
3f578
0028f
002e9
3f9c6
007c3
3f814
0071f
3fa3f
0042b
3fd60
0014f
3ffb0
3ffa8
000b1
3ff33
000bf
3ff65
0006f
3ffba
00025
3fff0
00003
00003
3fffc
00003
3fffe
00001
// --- phase 183 ---
00001
3fffe
00005
3fff6
00011
3ffe7
0001e
3ffe4
0000d
00016
3ffad
000ad
3fee2
0019c
3fdf0
0025b
3fda9
001d9
3ff44
3fee7
003a9
3f923
00a76
3f1ee
01129
3ecf6
012d7
3f0a0
006ab
00bf4
3c511
19cf5
0cba8
3a34e
03919
3dbab
015ac
3f53c
002c5
002bc
3f9e8
007ad
3f820
0071b
3fa3d
00430
3fd58
00157
3ffa9
3ffad
000ae
3ff35
000be
3ff66
0006f
3ffba
00026
3fff0
00003
00002
3fffc
00003
3fffe
00001
// --- phase 184 ---
00001
3fffe
00005
3fff6
00011
3ffe7
0001f
3ffe3
0000e
00015
3ffae
000ab
3fee3
0019c
3fdef
0025f
3fda2
001e4
3ff35
3fef9
00397
3f935
00a69
3f1f1
01135
3ecd5
01312
3f044
00731
00b37
3c61f
19e3a
0c970
3a3ac
0391d
3db80
015e5
3f501
002fc
0028f
3fa09
00796
3f82d
00716
3fa3b
00436
3fd51
0015e
3ffa2
3ffb3
000aa
3ff38
000bd
3ff66
0006f
3ffba
00026
3fff0
00004
00002
3fffc
00003
3fffe
00001
// --- phase 185 ---
00000
3fffe
00005
3fff6
00011
3ffe7
0001f
3ffe2
0000f
00013
3ffb0
000a9
3fee5
0019b
3fded
00263
3fd9b
001ef
3ff27
3ff0a
00384
3f947
00a5c
3f1f4
01140
3ecb5
0134d
3efe7
007b8
00a79
3c731
19f7b
0c738
3a40d
03920
3db56
0161e
3f4c6
00332
00262
3fa2b
0077f
3f83a
00712
3fa3a
0043b
3fd4a
00166
3ff9c
3ffb8
000a6
3ff3a
000bb
3ff67
0006f
3ffb9
00027
3ffef
00004
00002
3fffc
00003
3fffe
00001
// --- phase 186 ---
00000
3fffe
00005
3fff6
00012
3ffe7
0001f
3ffe2
00010
00012
3ffb2
000a7
3fee6
0019b
3fdec
00267
3fd94
001fa
3ff18
3ff1c
00370
3f959
00a4f
3f1f8
0114b
3ec96
01387
3ef8b
0083f
009b9
3c846
1a0b8
0c500
3a470
03921
3db2e
01655
3f48b
00368
00235
3fa4e
00768
3f847
0070d
3fa39
00440
3fd43
0016d
3ff95
3ffbd
000a2
3ff3d
000ba
3ff67
0006f
3ffb9
00027
3ffef
00004
00002
3fffc
00003
3fffe
00001
// --- phase 187 ---
00000
3fffe
00005
3fff6
00012
3ffe6
00020
3ffe1
00011
00011
3ffb3
000a6
3fee7
0019a
3fdea
0026b
3fd8c
00205
3ff09
3ff2e
0035d
3f96b
00a41
3f1fd
01155
3ec77
013c1
3ef2f
008c5
008f9
3c95e
1a1f1
0c2c7
3a4d5
03921
3db07
0168c
3f451
0039d
00208
3fa70
00751
3f854
00708
3fa38
00445
3fd3d
00174
3ff8f
3ffc3
0009e
3ff3f
000b9
3ff68
0006f
3ffb9
00027
3ffef
00004
00002
3fffd
00003
3fffe
00001
// --- phase 188 ---
00000
3fffe
00005
3fff6
00012
3ffe6
00020
3ffe0
00012
0000f
3ffb5
000a4
3fee9
0019a
3fde9
0026f
3fd85
0020f
3fefb
3ff40
0034a
3f97e
00a33
3f202
0115f
3ec59
013fa
3eed4
0094c
00838
3ca7a
1a326
0c08f
3a53d
0391e
3dae2
016c2
3f418
003d3
001db
3fa92
0073a
3f861
00703
3fa37
0044a
3fd36
0017b
3ff88
3ffc8
0009a
3ff41
000b7
3ff68
0006f
3ffb9
00028
3ffee
00004
00002
3fffd
00003
3fffe
00001
// --- phase 189 ---
00000
3fffe
00005
3fff6
00012
3ffe6
00020
3ffe0
00013
0000e
3ffb7
000a2
3feea
00199
3fde8
00273
3fd7e
0021a
3feec
3ff52
00336
3f990
00a25
3f207
01168
3ec3c
01432
3ee79
009d3
00776
3cb9a
1a457
0be57
3a5a7
0391a
3dabd
016f7
3f3df
00408
001ae
3fab5
00722
3f86f
006fd
3fa36
0044e
3fd2f
00182
3ff82
3ffcd
00096
3ff44
000b6
3ff69
0006f
3ffb8
00028
3ffee
00005
00001
3fffd
00003
3fffe
00001
// --- phase 190 ---
00000
3fffe
00005
3fff6
00012
3ffe6
00021
3ffdf
00014
0000c
3ffb8
000a0
3feec
00199
3fde7
00276
3fd77
00225
3fedd
3ff64
00322
3f9a3
00a16
3f20d
01171
3ec1f
0146b
3ee1e
00a5a
006b3
3ccbd
1a584
0bc1f
3a614
03914
3da9a
0172c
3f3a6
0043d
00181
3fad7
0070a
3f87d
006f7
3fa36
00453
3fd29
00189
3ff7b
3ffd3
00093
3ff46
000b5
3ff69
0006f
3ffb8
00028
3ffee
00005
00001
3fffd
00003
3fffe
00001
// --- phase 191 ---
00000
3fffe
00005
3fff6
00012
3ffe6
00021
3ffde
00015
0000b
3ffba
0009f
3feed
00198
3fde6
0027a
3fd71
00230
3fecf
3ff76
0030e
3f9b7
00a07
3f213
01179
3ec02
014a2
3edc4
00ae1
005ef
3cde3
1a6ad
0b9e7
3a683
0390c
3da78
0175f
3f36e
00472
00154
3fafa
006f2
3f88b
006f2
3fa36
00457
3fd22
00190
3ff75
3ffd8
0008f
3ff49
000b3
3ff6a
0006f
3ffb8
00029
3ffee
00005
00001
3fffd
00003
3fffe
00001
// --- phase 192 ---
00000
3fffe
00005
3fff6
00012
3ffe5
00022
3ffde
00016
0000a
3ffbc
0009d
3feef
00198
3fde5
0027d
3fd6a
0023a
3fec0
3ff88
002fa
3f9ca
009f8
3f219
01180
3ebe6
014d9
3ed6a
00b68
0052a
3cf0d
1a7d2
0b7af
3a6f4
03903
3da57
01792
3f337
004a6
00128
3fb1d
006da
3f89a
006eb
3fa36
0045b
3fd1c
00197
3ff6e
3ffdd
0008b
3ff4c
000b2
3ff6a
0006f
3ffb8
00029
3ffed
00005
00001
3fffd
00003
3fffe
00001
// --- phase 193 ---
00000
3fffe
00005
3fff6
00012
3ffe5
00022
3ffdd
00017
00008
3ffbe
0009b
3fef0
00197
3fde4
00281
3fd63
00245
3feb1
3ff9a
002e6
3f9de
009e8
3f221
01187
3ebcb
01510
3ed10
00bef
00465
3d03b
1a8f3
0b577
3a767
038f8
3da38
017c4
3f2ff
004db
000fb
3fb40
006c2
3f8a8
006e5
3fa36
0045f
3fd16
0019e
3ff68
3ffe3
00087
3ff4e
000b0
3ff6b
0006f
3ffb7
00029
3ffed
00006
00001
3fffd
00003
3fffe
00001
// --- phase 194 ---
00000
3fffe
00005
3fff6
00012
3ffe5
00022
3ffdc
00018
00007
3ffc0
00099
3fef2
00196
3fde3
00284
3fd5c
00250
3fea3
3ffac
002d2
3f9f2
009d8
3f228
0118d
3ebb0
01546
3ecb7
00c76
0039e
3d16b
1aa0f
0b340
3a7dc
038eb
3da1a
017f5
3f2c9
0050f
000ce
3fb63
006a9
3f8b7
006df
3fa36
00463
3fd10
001a5
3ff62
3ffe8
00083
3ff51
000af
3ff6c
0006f
3ffb7
0002a
3ffed
00006
00001
3fffd
00003
3fffe
00001
// --- phase 195 ---
00000
3fffe
00005
3fff6
00012
3ffe5
00023
3ffdc
00019
00005
3ffc1
00097
3fef4
00195
3fde2
00287
3fd56
0025a
3fe94
3ffbe
002be
3fa06
009c8
3f230
01193
3eb96
0157b
3ec5e
00cfd
002d7
3d2a0
1ab28
0b109
3a854
038dc
3d9fd
01825
3f293
00543
000a1
3fb86
00690
3f8c6
006d8
3fa36
00467
3fd0a
001ac
3ff5b
3ffed
0007f
3ff53
000ae
3ff6c
0006e
3ffb7
0002a
3ffec
00006
00001
3fffd
00003
3fffe
00001
// --- phase 196 ---
00000
3fffe
00005
3fff6
00012
3ffe5
00023
3ffdb
0001a
00004
3ffc3
00095
3fef5
00194
3fde2
0028a
3fd4f
00265
3fe86
3ffd0
002a9
3fa1a
009b7
3f239
01199
3eb7d
015b0
3ec06
00d84
0020e
3d3d7
1ac3c
0aed2
3a8ce
038cb
3d9e1
01854
3f25d
00576
00074
3fba9
00677
3f8d5
006d1
3fa37
0046a
3fd04
001b2
3ff55
3fff2
0007b
3ff56
000ac
3ff6d
0006e
3ffb7
0002a
3ffec
00006
00000
3fffd
00002
3fffe
00001
// --- phase 197 ---
00000
3fffe
00005
3fff6
00012
3ffe5
00023
3ffda
0001c
00002
3ffc5
00093
3fef7
00193
3fde1
0028e
3fd49
0026f
3fe77
3ffe3
00295
3fa2f
009a6
3f241
0119e
3eb64
015e4
3ebae
00e0b
00145
3d512
1ad4c
0ac9b
3a94a
038b9
3d9c7
01883
3f228
005aa
00048
3fbcc
0065e
3f8e4
006ca
3fa38
0046e
3fcfe
001b9
3ff4f
3fff8
00077
3ff59
000ab
3ff6e
0006e
3ffb7
0002a
3ffec
00007
00000
3fffd
00002
3ffff
00001
// --- phase 198 ---
00000
3fffe
00005
3fff6
00012
3ffe5
00024
3ffda
0001d
00001
3ffc7
00091
3fef9
00193
3fde0
00291
3fd42
00279
3fe69
3fff5
00280
3fa43
00995
3f24b
011a2
3eb4b
01618
3eb56
00e91
0007c
3d650
1ae58
0aa65
3a9c9
038a5
3d9ae
018b0
3f1f4
005dd
0001b
3fbf0
00645
3f8f4
006c2
3fa39
00471
3fcf8
001bf
3ff48
3fffd
00073
3ff5b
000a9
3ff6e
0006e
3ffb6
0002b
3ffeb
00007
00000
3fffe
00002
3ffff
00001
// --- phase 199 ---
00000
3fffe
00005
3fff6
00012
3ffe4
00024
3ffd9
0001e
3ffff
3ffc9
0008f
3fefb
00191
3fde0
00294
3fd3c
00284
3fe5a
00007
0026b
3fa58
00983
3f255
011a6
3eb34
0164b
3eaff
00f18
3ffb1
3d792
1af5f
0a82f
3aa49
0388f
3d996
018dd
3f1c0
00610
3ffef
3fc13
0062c
3f904
006bb
3fa3a
00474
3fcf3
001c6
3ff42
00002
0006f
3ff5e
000a8
3ff6f
0006e
3ffb6
0002b
3ffeb
00007
00000
3fffe
00002
3ffff
00001
// --- phase 200 ---
00000
3fffe
00005
3fff6
00012
3ffe4
00024
3ffd8
0001f
3fffe
3ffca
0008d
3fefd
00190
3fddf
00296
3fd36
0028e
3fe4c
00019
00256
3fa6e
00971
3f25f
011a9
3eb1d
0167d
3eaa9
00f9f
3fee6
3d8d7
1b063
0a5fa
3aacc
03878
3d97f
01909
3f18c
00642
3ffc2
3fc37
00612
3f914
006b3
3fa3b
00477
3fced
001cc
3ff3c
00007
0006b
3ff61
000a6
3ff70
0006e
3ffb6
0002b
3ffeb
00007
00000
3fffe
00002
3ffff
00001
// --- phase 201 ---
00000
3fffe
00005
3fff6
00012
3ffe4
00025
3ffd8
00020
3fffc
3ffcc
0008b
3fefe
0018f
3fddf
00299
3fd30
00298
3fe3d
0002c
00241
3fa83
0095f
3f269
011ab
3eb06
016af
3ea52
01025
3fe1a
3da20
1b162
0a3c5
3ab50
0385f
3d96a
01934
3f159
00674
3ff96
3fc5a
005f8
3f924
006ab
3fa3d
0047a
3fce8
001d3
3ff36
0000c
00067
3ff63
000a4
3ff70
0006e
3ffb6
0002c
3ffeb
00007
00000
3fffe
00002
3ffff
00001
// --- phase 202 ---
00000
3fffe
00005
3fff6
00012
3ffe4
00025
3ffd7
00021
3fffb
3ffce
00089
3ff00
0018e
3fddf
0029c
3fd2a
002a2
3fe2f
0003e
0022c
3fa99
0094c
3f274
011ad
3eaf0
016e0
3e9fd
010ab
3fd4d
3db6c
1b25c
0a190
3abd7
03844
3d956
0195e
3f127
006a6
3ff6a
3fc7e
005df
3f934
006a3
3fa3f
0047d
3fce3
001d9
3ff30
00012
00063
3ff66
000a3
3ff71
0006d
3ffb6
0002c
3ffea
00008
3ffff
3fffe
00002
3ffff
00001
// --- phase 203 ---
00000
3fffe
00005
3fff6
00012
3ffe4
00025
3ffd7
00022
3fffa
3ffd0
00087
3ff02
0018d
3fdde
0029f
3fd24
002ac
3fe20
00051
00217
3faae
00939
3f280
011af
3eadb
01711
3e9a8
01131
3fc80
3dcbb
1b353
09f5c
3ac60
03828
3d943
01987
3f0f5
006d8
3ff3d
3fca1
005c5
3f945
0069b
3fa41
0047f
3fcdd
001df
3ff2a
00017
0005f
3ff69
000a1
3ff72
0006d
3ffb6
0002c
3ffea
00008
3ffff
3fffe
00002
3ffff
00001
// --- phase 204 ---
00000
3fffe
00005
3fff6
00012
3ffe4
00026
3ffd6
00023
3fff8
3ffd2
00085
3ff04
0018c
3fdde
002a1
3fd1e
002b6
3fe12
00063
00201
3fac4
00926
3f28c
011b0
3eac6
01741
3e953
011b7
3fbb2
3de0d
1b445
09d29
3acea
0380a
3d931
019b0
3f0c4
0070a
3ff11
3fcc5
005ab
3f956
00692
3fa43
00482
3fcd8
001e5
3ff24
0001c
0005b
3ff6b
000a0
3ff73
0006d
3ffb6
0002c
3ffea
00008
3ffff
3fffe
00002
3ffff
00001
// --- phase 205 ---
00000
3fffe
00005
3fff6
00012
3ffe4
00026
3ffd5
00024
3fff7
3ffd4
00082
3ff06
0018a
3fdde
002a4
3fd18
002c0
3fe04
00075
001ec
3fadb
00912
3f298
011b0
3eab2
01770
3e8ff
0123d
3fae3
3df63
1b533
09af6
3ad77
037ea
3d921
019d7
3f093
0073b
3fee5
3fce9
00590
3f966
0068a
3fa45
00484
3fcd3
001eb
3ff1e
00021
00057
3ff6e
0009e
3ff74
0006d
3ffb6
0002d
3ffea
00008
3ffff
3fffe
00002
3ffff
00001
// --- phase 206 ---
00000
3fffe
00005
3fff6
00012
3ffe3
00026
3ffd5
00025
3fff5
3ffd6
00080
3ff08
00189
3fdde
002a6
3fd12
002ca
3fdf5
00088
001d6
3faf1
008fe
3f2a5
011b0
3ea9f
0179f
3e8ac
012c2
3fa14
3e0bc
1b61c
098c4
3ae06
037c9
3d912
019fe
3f063
0076b
3feb9
3fd0d
00576
3f978
00681
3fa47
00486
3fccf
001f1
3ff18
00026
00054
3ff71
0009c
3ff74
0006d
3ffb5
0002d
3ffe9
00009
3ffff
3fffe
00002
3ffff
00001
// --- phase 207 ---
00000
3fffe
00005
3fff6
00012
3ffe3
00027
3ffd4
00026
3fff4
3ffd8
0007e
3ff0b
00187
3fdde
002a9
3fd0d
002d3
3fde7
0009a
001c1
3fb08
008ea
3f2b3
011af
3ea8c
017cd
3e859
01348
3f944
3e218
1b701
09693
3ae96
037a6
3d904
01a23
3f034
0079c
3fe8e
3fd30
0055b
3f989
00678
3fa4a
00488
3fcca
001f7
3ff12
0002b
00050
3ff74
0009b
3ff75
0006c
3ffb5
0002d
3ffe9
00009
3ffff
3fffe
00002
3ffff
00001
// --- phase 208 ---
00000
3ffff
00004
3fff6
00012
3ffe3
00027
3ffd3
00027
3fff2
3ffda
0007c
3ff0d
00186
3fdde
002ab
3fd07
002dd
3fdd9
000ad
001ab
3fb1e
008d6
3f2c0
011ae
3ea7a
017fa
3e806
013cd
3f874
3e378
1b7e1
09462
3af29
03781
3d8f7
01a48
3f005
007cc
3fe62
3fd54
00541
3f99a
0066e
3fa4d
0048a
3fcc5
001fd
3ff0c
00031
0004c
3ff76
00099
3ff76
0006c
3ffb5
0002d
3ffe9
00009
3ffff
3fffe
00002
3ffff
00001
// --- phase 209 ---
00000
3ffff
00004
3fff6
00012
3ffe3
00027
3ffd3
00028
3fff1
3ffdc
0007a
3ff0f
00184
3fdde
002ad
3fd02
002e7
3fdcb
000bf
00195
3fb35
008c1
3f2cf
011ac
3ea69
01827
3e7b4
01451
3f7a3
3e4db
1b8be
09232
3afbd
0375a
3d8ec
01a6c
3efd6
007fc
3fe36
3fd78
00526
3f9ac
00665
3fa50
0048c
3fcc1
00203
3ff06
00036
00048
3ff79
00097
3ff77
0006c
3ffb5
0002d
3ffe9
00009
3fffe
3fffe
00002
3ffff
00001
// --- phase 210 ---
00000
3ffff
00004
3fff6
00012
3ffe3
00028
3ffd2
00029
3ffef
3ffde
00077
3ff11
00183
3fdde
002af
3fcfc
002f0
3fdbd
000d2
0017f
3fb4d
008ac
3f2dd
011aa
3ea58
01853
3e763
014d6
3f6d1
3e641
1b995
09003
3b053
03733
3d8e2
01a8f
3efa8
0082b
3fe0b
3fd9c
0050b
3f9be
0065b
3fa53
0048d
3fcbc
00208
3ff01
0003b
00044
3ff7c
00095
3ff78
0006c
3ffb5
0002e
3ffe8
00009
3fffe
3ffff
00002
3ffff
00001
// --- phase 211 ---
00000
3ffff
00004
3fff6
00012
3ffe3
00028
3ffd2
0002a
3ffee
3ffdf
00075
3ff13
00181
3fddf
002b1
3fcf7
002fa
3fdaf
000e4
00169
3fb64
00896
3f2ec
011a7
3ea48
0187e
3e713
0155a
3f5ff
3e7aa
1ba69
08dd5
3b0eb
03709
3d8d9
01ab1
3ef7b
0085b
3fde0
3fdc0
004f0
3f9d0
00651
3fa56
0048f
3fcb8
0020e
3fefb
00040
00040
3ff7f
00094
3ff79
0006b
3ffb5
0002e
3ffe8
0000a
3fffe
3ffff
00002
3ffff
00001
// --- phase 212 ---
00000
3ffff
00004
3fff6
00012
3ffe3
00028
3ffd1
0002b
3ffec
3ffe1
00073
3ff16
0017f
3fddf
002b3
3fcf2
00303
3fda1
000f7
00153
3fb7b
00880
3f2fc
011a4
3ea39
018a9
3e6c3
015de
3f52d
3e917
1bb37
08ba7
3b185
036de
3d8d2
01ad2
3ef4f
00889
3fdb5
3fde4
004d5
3f9e2
00647
3fa5a
00490
3fcb4
00214
3fef5
00045
0003c
3ff82
00092
3ff7a
0006b
3ffb5
0002e
3ffe8
0000a
3fffe
3ffff
00002
3ffff
00001
// --- phase 213 ---
00000
3ffff
00004
3fff6
00012
3ffe3
00029
3ffd0
0002c
3ffeb
3ffe3
00070
3ff18
0017e
3fddf
002b5
3fcec
0030c
3fd93
00109
0013d
3fb93
0086a
3f30c
011a0
3ea2a
018d3
3e673
01661
3f45a
3ea87
1bc02
0897b
3b221
036b1
3d8cb
01af3
3ef23
008b8
3fd8a
3fe08
004ba
3f9f4
0063d
3fa5d
00491
3fcb0
00219
3feef
0004a
00038
3ff84
00090
3ff7a
0006b
3ffb5
0002e
3ffe8
0000a
3fffe
3ffff
00002
3ffff
00000
// --- phase 214 ---
00000
3ffff
00004
3fff6
00012
3ffe3
00029
3ffd0
0002d
3ffe9
3ffe5
0006e
3ff1a
0017c
3fde0
002b7
3fce7
00315
3fd85
0011c
00127
3fbab
00854
3f31c
0119b
3ea1c
018fc
3e624
016e5
3f386
3ebfa
1bcc7
0874f
3b2be
03683
3d8c6
01b12
3eef7
008e6
3fd5f
3fe2c
0049e
3fa06
00633
3fa61
00492
3fcac
0021e
3feea
0004f
00034
3ff87
0008e
3ff7b
0006a
3ffb5
0002e
3ffe7
0000a
3fffe
3ffff
00002
3ffff
00000
// --- phase 215 ---
00000
3ffff
00004
3fff6
00012
3ffe2
00029
3ffcf
0002e
3ffe8
3ffe7
0006c
3ff1d
0017a
3fde0
002b9
3fce2
0031f
3fd77
0012e
00111
3fbc3
0083d
3f32d
01196
3ea0e
01925
3e5d6
01767
3f2b3
3ed70
1bd89
08524
3b35d
03653
3d8c2
01b31
3eecd
00914
3fd34
3fe50
00483
3fa19
00628
3fa65
00493
3fca8
00224
3fee4
00054
00030
3ff8a
0008d
3ff7c
0006a
3ffb5
0002f
3ffe7
0000a
3fffe
3ffff
00002
3ffff
00000
// --- phase 216 ---
00000
3ffff
00004
3fff6
00012
3ffe2
00029
3ffcf
0002f
3ffe6
3ffe9
00069
3ff1f
00178
3fde1
002ba
3fcde
00328
3fd69
00141
000fb
3fbdb
00826
3f33e
01190
3ea01
0194d
3e589
017ea
3f1df
3eee9
1be46
082fb
3b3fe
03621
3d8c0
01b4e
3eea2
00941
3fd09
3fe74
00467
3fa2c
0061d
3fa69
00493
3fca4
00229
3fedf
00059
0002c
3ff8d
0008b
3ff7d
0006a
3ffb5
0002f
3ffe7
0000b
3fffd
3ffff
00002
3ffff
00000
// --- phase 217 ---
00000
3ffff
00004
3fff6
00012
3ffe2
0002a
3ffce
00030
3ffe5
3ffeb
00067
3ff21
00176
3fde2
002bc
3fcd9
00331
3fd5c
00153
000e4
3fbf4
0080f
3f350
0118a
3e9f5
01974
3e53c
0186c
3f10a
3f065
1befe
080d2
3b4a1
035ee
3d8be
01b6b
3ee79
0096e
3fcdf
3fe98
0044c
3fa3f
00612
3fa6d
00494
3fca1
0022e
3fed9
0005e
00028
3ff90
00089
3ff7e
00069
3ffb5
0002f
3ffe7
0000b
3fffd
3ffff
00002
3ffff
00000
// --- phase 218 ---
00000
3ffff
00004
3fff6
00012
3ffe2
0002a
3ffce
00031
3ffe3
3ffed
00065
3ff24
00174
3fde2
002bd
3fcd4
00339
3fd4e
00166
000ce
3fc0c
007f8
3f362
01183
3e9ea
0199a
3e4f0
018ee
3f035
3f1e5
1bfb1
07eab
3b545
035ba
3d8be
01b87
3ee50
0099b
3fcb5
3febc
00430
3fa52
00607
3fa72
00494
3fc9d
00233
3fed4
00063
00024
3ff93
00087
3ff7f
00069
3ffb5
0002f
3ffe7
0000b
3fffd
3ffff
00002
3ffff
00000
// --- phase 219 ---
00000
3ffff
00004
3fff6
00012
3ffe2
0002a
3ffcd
00032
3ffe2
3ffef
00062
3ff26
00172
3fde3
002bf
3fccf
00342
3fd40
00178
000b7
3fc25
007e0
3f374
0117c
3e9df
019c0
3e4a4
0196f
3ef60
3f367
1c061
07c84
3b5ea
03584
3d8bf
01ba1
3ee28
009c7
3fc8b
3fee0
00414
3fa65
005fc
3fa77
00495
3fc9a
00238
3fecf
00068
00020
3ff96
00085
3ff80
00068
3ffb5
0002f
3ffe6
0000b
3fffd
3ffff
00001
3ffff
00000
// --- phase 220 ---
00000
3ffff
00004
3fff6
00012
3ffe2
0002a
3ffcc
00033
3ffe0
3fff1
00060
3ff29
00170
3fde4
002c0
3fccb
0034b
3fd33
0018b
000a1
3fc3e
007c8
3f387
01174
3e9d5
019e5
3e459
019f0
3ee8b
3f4ed
1c10b
07a5f
3b692
0354c
3d8c2
01bbb
3ee00
009f3
3fc61
3ff04
003f8
3fa78
005f1
3fa7b
00495
3fc96
0023d
3fec9
0006c
0001c
3ff98
00084
3ff81
00068
3ffb5
0002f
3ffe6
0000b
3fffd
3ffff
00001
3ffff
00000
// --- phase 221 ---
00000
3ffff
00004
3fff6
00012
3ffe2
0002b
3ffcc
00034
3ffdf
3fff4
0005d
3ff2c
0016e
3fde5
002c1
3fcc7
00354
3fd25
0019d
0008a
3fc57
007af
3f39b
0116b
3e9cb
01a09
3e40f
01a70
3edb5
3f676
1c1b1
0783b
3b73b
03513
3d8c5
01bd4
3edd9
00a1f
3fc37
3ff27
003dc
3fa8c
005e5
3fa80
00495
3fc93
00242
3fec4
00071
00018
3ff9b
00082
3ff82
00068
3ffb5
00030
3ffe6
0000b
3fffd
00000
00001
3ffff
00000
// --- phase 222 ---
00000
3ffff
00004
3fff7
00012
3ffe2
0002b
3ffcb
00035
3ffdd
3fff6
0005b
3ff2e
0016c
3fde6
002c2
3fcc2
0035c
3fd18
001af
00073
3fc70
00797
3f3ae
01162
3e9c2
01a2c
3e3c6
01af0
3ecdf
3f801
1c252
07618
3b7e5
034d9
3d8ca
01bec
3edb3
00a4a
3fc0e
3ff4b
003c0
3fa9f
005d9
3fa86
00494
3fc90
00247
3febf
00076
00014
3ff9e
00080
3ff83
00067
3ffb5
00030
3ffe6
0000c
3fffd
00000
00001
3ffff
00000
// --- phase 223 ---
00000
3ffff
00004
3fff7
00012
3ffe2
0002b
3ffcb
00036
3ffdc
3fff8
00058
3ff31
00169
3fde7
002c3
3fcbe
00365
3fd0b
001c2
0005d
3fc89
0077e
3f3c2
01158
3e9ba
01a4f
3e37d
01b6f
3ec09
3f990
1c2ef
073f7
3b891
0349d
3d8d0
01c03
3ed8d
00a75
3fbe4
3ff6f
003a4
3fab3
005cd
3fa8b
00494
3fc8d
0024b
3feba
0007b
00010
3ffa1
0007e
3ff84
00067
3ffb5
00030
3ffe6
0000c
3fffd
00000
00001
3ffff
00000
// --- phase 224 ---
00000
3ffff
00004
3fff7
00012
3ffe2
0002b
3ffca
00037
3ffda
3fffa
00056
3ff33
00167
3fde8
002c4
3fcba
0036d
3fcfd
001d4
00046
3fca3
00764
3f3d7
0114e
3e9b3
01a71
3e335
01bee
3eb33
3fb22
1c387
071d6
3b93f
0345f
3d8d7
01c1a
3ed68
00a9f
3fbbb
3ff93
00388
3fac7
005c1
3fa90
00494
3fc8a
00250
3feb4
00080
0000c
3ffa4
0007c
3ff85
00066
3ffb5
00030
3ffe5
0000c
3fffc
00000
00001
3ffff
00000
// --- phase 225 ---
00000
3ffff
00004
3fff7
00012
3ffe2
0002c
3ffca
00038
3ffd9
3fffc
00053
3ff36
00165
3fde9
002c5
3fcb6
00375
3fcf0
001e6
0002f
3fcbd
0074b
3f3ec
01143
3e9ac
01a92
3e2ee
01c6c
3ea5c
3fcb7
1c41b
06fb7
3b9ed
03420
3d8df
01c2f
3ed43
00ac9
3fb92
3ffb7
0036c
3fadb
005b5
3fa96
00493
3fc88
00254
3feaf
00085
00008
3ffa7
0007a
3ff86
00066
3ffb5
00030
3ffe5
0000c
3fffc
00000
00001
3ffff
00000
// --- phase 226 ---
00000
3ffff
00004
3fff7
00012
3ffe2
0002c
3ffc9
00039
3ffd7
3fffe
00051
3ff39
00162
3fdeb
002c6
3fcb2
0037d
3fce3
001f9
00018
3fcd6
00731
3f401
01138
3e9a6
01ab3
3e2a8
01cea
3e985
3fe4e
1c4a9
06d9a
3ba9e
033e0
3d8e9
01c43
3ed1f
00af3
3fb69
3ffda
0034f
3faef
005a9
3fa9c
00492
3fc85
00259
3feaa
00089
00004
3ffaa
00078
3ff88
00065
3ffb6
00030
3ffe5
0000c
3fffc
00000
00001
3ffff
00000
// --- phase 227 ---
00000
3ffff
00004
3fff7
00012
3ffe2
0002c
3ffc9
0003a
3ffd6
00000
0004e
3ff3c
00160
3fdec
002c7
3fcae
00385
3fcd6
0020b
00001
3fcf0
00717
3f417
0112c
3e9a1
01ad2
3e262
01d67
3e8af
3ffe9
1c534
06b7d
3bb50
0339e
3d8f4
01c57
3ecfc
00b1c
3fb41
3fffe
00333
3fb04
0059c
3faa2
00491
3fc83
0025d
3fea5
0008e
00000
3ffad
00076
3ff89
00065
3ffb6
00030
3ffe5
0000d
3fffc
00000
00001
3ffff
00000
// --- phase 228 ---
00000
3ffff
00004
3fff7
00012
3ffe2
0002c
3ffc8
0003b
3ffd4
00002
0004c
3ff3e
0015d
3fdee
002c7
3fcaa
0038d
3fcc9
0021d
3ffea
3fd0a
006fd
3f42e
01120
3e99c
01af1
3e21d
01de4
3e7d8
00187
1c5b9
06962
3bc03
0335a
3d900
01c69
3ecda
00b45
3fb18
00022
00317
3fb18
0058f
3faa8
00490
3fc80
00262
3fea0
00093
3fffc
3ffb0
00074
3ff8a
00064
3ffb6
00030
3ffe5
0000d
3fffc
00000
00001
3ffff
00000
// --- phase 229 ---
00000
3ffff
00004
3fff7
00012
3ffe1
0002d
3ffc8
0003c
3ffd3
00004
00049
3ff41
0015b
3fdef
002c8
3fca7
00395
3fcbc
0022f
3ffd3
3fd24
006e2
3f444
01113
3e998
01b0f
3e1d9
01e60
3e701
00327
1c63a
06749
3bcb7
03316
3d90d
01c7b
3ecb8
00b6d
3faf0
00045
002fa
3fb2d
00582
3faae
0048f
3fc7e
00266
3fe9c
00097
3fff8
3ffb3
00072
3ff8b
00064
3ffb6
00030
3ffe5
0000d
3fffc
00000
00001
3ffff
00000
// --- phase 230 ---
00000
3ffff
00004
3fff7
00012
3ffe1
0002d
3ffc7
0003c
3ffd1
00006
00046
3ff44
00158
3fdf1
002c8
3fca3
0039d
3fcaf
00242
3ffbc
3fd3f
006c8
3f45b
01105
3e995
01b2c
3e196
01edb
3e62a
004cb
1c6b6
06531
3bd6d
032d0
3d91b
01c8c
3ec97
00b95
3fac8
00069
002de
3fb41
00575
3fab5
0048e
3fc7c
0026a
3fe97
0009c
3fff5
3ffb5
00070
3ff8c
00063
3ffb6
00031
3ffe4
0000d
3fffc
00000
00001
3ffff
00000
// --- phase 231 ---
00000
3ffff
00004
3fff7
00012
3ffe1
0002d
3ffc7
0003d
3ffd0
00008
00044
3ff47
00156
3fdf2
002c9
3fca0
003a5
3fca3
00254
3ffa5
3fd59
006ac
3f473
010f7
3e992
01b49
3e153
01f56
3e553
00671
1c72d
0631a
3be25
03288
3d92b
01c9b
3ec76
00bbc
3faa1
0008c
002c1
3fb56
00568
3fabb
0048c
3fc7a
0026e
3fe92
000a1
3fff1
3ffb8
0006e
3ff8d
00063
3ffb6
00031
3ffe4
0000d
3fffc
00000
00001
3ffff
00000
// --- phase 232 ---
00000
3ffff
00003
3fff7
00012
3ffe1
0002d
3ffc6
0003e
3ffce
0000a
00041
3ff4a
00153
3fdf4
002c9
3fc9c
003ac
3fc96
00266
3ff8e
3fd74
00691
3f48b
010e8
3e991
01b65
3e112
01fd0
3e47c
0081a
1c7a0
06105
3bedd
0323f
3d93c
01caa
3ec57
00be3
3fa79
000af
002a4
3fb6b
0055b
3fac2
0048b
3fc78
00272
3fe8d
000a5
3ffed
3ffbb
0006c
3ff8e
00062
3ffb6
00031
3ffe4
0000d
3fffb
00000
00001
3ffff
00000
// --- phase 233 ---
00000
3ffff
00003
3fff7
00012
3ffe1
0002d
3ffc6
0003f
3ffcd
0000c
0003f
3ff4d
00150
3fdf6
002c9
3fc99
003b4
3fc8a
00278
3ff77
3fd8e
00676
3f4a3
010d9
3e98f
01b7f
3e0d1
02049
3e3a5
009c6
1c80e
05ef2
3bf97
031f5
3d94e
01cb8
3ec37
00c0a
3fa52
000d3
00288
3fb80
0054d
3fac9
00489
3fc76
00276
3fe89
000aa
3ffe9
3ffbe
0006a
3ff8f
00062
3ffb6
00031
3ffe4
0000d
3fffb
00000
00001
3ffff
00000
// --- phase 234 ---
00000
3ffff
00003
3fff7
00012
3ffe1
0002e
3ffc5
00040
3ffcb
0000f
0003c
3ff50
0014e
3fdf8
002c9
3fc96
003bb
3fc7d
0028a
3ff60
3fda9
0065a
3f4bb
010c9
3e98f
01b99
3e091
020c2
3e2ce
00b75
1c877
05ce0
3c052
031a9
3d961
01cc5
3ec19
00c30
3fa2b
000f6
0026b
3fb95
00540
3fad0
00487
3fc74
00279
3fe84
000ae
3ffe5
3ffc1
00068
3ff91
00061
3ffb7
00031
3ffe4
0000e
3fffb
00001
00001
3ffff
00000
// --- phase 235 ---
00000
3ffff
00003
3fff7
00012
3ffe1
0002e
3ffc5
00041
3ffca
00011
00039
3ff53
0014b
3fdf9
002c9
3fc93
003c2
3fc71
0029c
3ff49
3fdc4
0063e
3f4d4
010b9
3e98f
01bb3
3e052
0213a
3e1f7
00d27
1c8dc
05ad0
3c10e
0315d
3d975
01cd1
3ebfb
00c56
3fa05
00119
0024e
3fbaa
00532
3fad7
00485
3fc73
0027d
3fe7f
000b3
3ffe1
3ffc4
00066
3ff92
00060
3ffb7
00031
3ffe4
0000e
3fffb
00001
00001
3ffff
00000
// --- phase 236 ---
00000
3ffff
00003
3fff7
00012
3ffe1
0002e
3ffc4
00042
3ffc8
00013
00037
3ff56
00148
3fdfb
002c9
3fc90
003c9
3fc65
002ad
3ff32
3fddf
00621
3f4ee
010a8
3e990
01bcb
3e013
021b1
3e120
00edb
1c93c
058c2
3c1cb
0310e
3d98a
01cdc
3ebde
00c7b
3f9de
0013c
00231
3fbc0
00524
3fade
00483
3fc71
00281
3fe7b
000b7
3ffdd
3ffc7
00064
3ff93
00060
3ffb7
00031
3ffe3
0000e
3fffb
00001
00001
3ffff
00000
// --- phase 237 ---
00000
3ffff
00003
3fff7
00012
3ffe1
0002e
3ffc4
00043
3ffc7
00015
00034
3ff59
00145
3fdfd
002c9
3fc8d
003d0
3fc58
002bf
3ff1b
3fdfa
00605
3f508
01097
3e992
01be3
3dfd6
02228
3e049
01092
1c997
056b5
3c28a
030bf
3d9a1
01ce6
3ebc1
00ca0
3f9b8
0015f
00215
3fbd5
00516
3fae6
00481
3fc70
00284
3fe77
000bc
3ffda
3ffca
00062
3ff94
0005f
3ffb7
00031
3ffe3
0000e
3fffb
00001
00001
3ffff
00000
// --- phase 238 ---
00000
3ffff
00003
3fff7
00012
3ffe1
0002e
3ffc3
00044
3ffc5
00017
00031
3ff5c
00142
3fe00
002c9
3fc8a
003d7
3fc4c
002d1
3ff04
3fe16
005e8
3f522
01085
3e994
01bf9
3df99
0229e
3df73
0124c
1c9ed
054aa
3c349
0306e
3d9b9
01cf0
3eba6
00cc4
3f992
00182
001f8
3fbeb
00508
3faee
0047e
3fc6f
00288
3fe72
000c0
3ffd6
3ffcd
00060
3ff96
0005f
3ffb7
00031
3ffe3
0000e
3fffb
00001
00001
3ffff
00000
// --- phase 239 ---
00000
3ffff
00003
3fff8
00012
3ffe1
0002f
3ffc3
00045
3ffc4
00019
0002e
3ff5f
0013f
3fe02
002c8
3fc88
003de
3fc40
002e3
3feec
3fe31
005cb
3f53c
01072
3e997
01c0f
3df5e
02313
3de9d
01409
1ca3f
052a1
3c40a
0301c
3d9d2
01cf8
3eb8b
00ce8
3f96c
001a4
001db
3fc00
004fa
3faf5
0047c
3fc6e
0028b
3fe6e
000c4
3ffd2
3ffd0
0005e
3ff97
0005e
3ffb8
00031
3ffe3
0000e
3fffb
00001
00001
3ffff
00000
// --- phase 240 ---
00000
3ffff
00003
3fff8
00012
3ffe1
0002f
3ffc2
00046
3ffc2
0001b
0002c
3ff62
0013c
3fe04
002c8
3fc85
003e5
3fc34
002f4
3fed5
3fe4c
005ae
3f557
0105f
3e99b
01c24
3df23
02387
3ddc7
015c8
1ca8b
05099
3c4cc
02fc8
3d9ec
01cff
3eb70
00d0c
3f947
001c7
001be
3fc16
004eb
3fafd
00479
3fc6d
0028e
3fe6a
000c9
3ffce
3ffd3
0005c
3ff98
0005d
3ffb8
00031
3ffe3
0000e
3fffa
00001
00001
3ffff
00000
// --- phase 241 ---
00000
3ffff
00003
3fff8
00012
3ffe1
0002f
3ffc2
00047
3ffc1
0001d
00029
3ff65
00139
3fe06
002c7
3fc83
003eb
3fc29
00306
3febe
3fe68
00591
3f573
0104c
3e9a0
01c39
3dee9
023fb
3dcf1
0178a
1cad3
04e94
3c58f
02f74
3da07
01d06
3eb57
00d2f
3f922
001e9
001a1
3fc2c
004dd
3fb05
00476
3fc6c
00291
3fe65
000cd
3ffca
3ffd6
0005a
3ff99
0005d
3ffb8
00031
3ffe3
0000f
3fffa
00001
00001
3ffff
00000
// --- phase 242 ---
00000
00000
00003
3fff8
00011
3ffe1
0002f
3ffc1
00047
3ffc0
0001f
00026
3ff68
00136
3fe09
002c7
3fc80
003f2
3fc1d
00317
3fea7
3fe84
00573
3f58f
01037
3e9a5
01c4c
3deb0
0246e
3dc1b
0194e
1cb17
04c90
3c653
02f1e
3da23
01d0b
3eb3e
00d51
3f8fd
0020c
00184
3fc42
004ce
3fb0e
00473
3fc6b
00295
3fe61
000d1
3ffc7
3ffd9
00058
3ff9a
0005c
3ffb8
00031
3ffe3
0000f
3fffa
00001
00001
3ffff
00000
// --- phase 243 ---
00000
00000
00003
3fff8
00011
3ffe1
0002f
3ffc1
00048
3ffbe
00022
00023
3ff6c
00132
3fe0b
002c6
3fc7e
003f8
3fc11
00329
3fe90
3fe9f
00555
3f5ab
01023
3e9ab
01c5f
3de78
024e0
3db46
01b15
1cb55
04a8e
3c718
02ec7
3da40
01d10
3eb25
00d73
3f8d8
0022e
00168
3fc58
004bf
3fb16
00470
3fc6a
00298
3fe5d
000d5
3ffc3
3ffdc
00056
3ff9c
0005c
3ffb8
00031
3ffe3
0000f
3fffa
00001
00000
3ffff
00000
// --- phase 244 ---
00000
00000
00003
3fff8
00011
3ffe1
0002f
3ffc1
00049
3ffbd
00024
00021
3ff6f
0012f
3fe0e
002c5
3fc7c
003fe
3fc06
0033a
3fe79
3febb
00537
3f5c7
0100d
3e9b1
01c70
3de41
02551
3da71
01cdf
1cb8f
0488e
3c7dd
02e6e
3da5f
01d14
3eb0e
00d95
3f8b4
00250
0014b
3fc6e
004b0
3fb1e
0046d
3fc6a
0029a
3fe59
000da
3ffbf
3ffdf
00054
3ff9d
0005b
3ffb9
00031
3ffe3
0000f
3fffa
00001
00000
3ffff
00000
// --- phase 245 ---
00000
00000
00003
3fff8
00011
3ffe1
0002f
3ffc0
0004a
3ffbb
00026
0001e
3ff72
0012c
3fe10
002c4
3fc7a
00405
3fbfb
0034b
3fe62
3fed7
00519
3f5e4
00ff8
3e9b9
01c81
3de0a
025c1
3d99c
01eab
1cbc4
04690
3c8a4
02e15
3da7f
01d17
3eaf7
00db6
3f890
00272
0012e
3fc84
004a1
3fb27
00469
3fc69
0029d
3fe55
000de
3ffbc
3ffe1
00052
3ff9e
0005a
3ffb9
00031
3ffe2
0000f
3fffa
00001
00000
3ffff
00000
// --- phase 246 ---
00000
00000
00003
3fff8
00011
3ffe1
00030
3ffc0
0004b
3ffba
00028
0001b
3ff75
00129
3fe13
002c3
3fc78
0040b
3fbef
0035c
3fe4b
3fef3
004fa
3f601
00fe1
3e9c1
01c91
3ddd5
02630
3d8c8
0207a
1cbf4
04494
3c96c
02dba
3da9f
01d19
3eae0
00dd6
3f86c
00294
00111
3fc9a
00492
3fb30
00466
3fc69
002a0
3fe51
000e2
3ffb8
3ffe4
00050
3ffa0
00059
3ffb9
00031
3ffe2
0000f
3fffa
00001
00000
3ffff
00000
// --- phase 247 ---
00000
00000
00003
3fff8
00011
3ffe1
00030
3ffbf
0004c
3ffb8
0002a
00018
3ff79
00125
3fe16
002c2
3fc76
00410
3fbe4
0036e
3fe33
3ff0f
004db
3f61f
00fcb
3e9c9
01ca0
3dda1
0269f
3d7f4
0224b
1cc1f
0429a
3ca34
02d5e
3dac1
01d1a
3eacb
00df6
3f849
002b6
000f4
3fcb0
00482
3fb39
00462
3fc69
002a3
3fe4d
000e6
3ffb4
3ffe7
0004e
3ffa1
00059
3ffb9
00031
3ffe2
0000f
3fffa
00002
00000
3ffff
00000
// --- phase 248 ---
00000
00000
00003
3fff8
00011
3ffe1
00030
3ffbf
0004c
3ffb7
0002c
00015
3ff7c
00122
3fe18
002c1
3fc75
00416
3fbd9
0037f
3fe1c
3ff2b
004bd
3f63c
00fb3
3e9d3
01cae
3dd6d
0270c
3d720
0241f
1cc45
040a2
3cafe
02d01
3dae4
01d1a
3eab6
00e16
3f826
002d7
000d7
3fcc7
00473
3fb42
0045e
3fc69
002a5
3fe4a
000ea
3ffb1
3ffea
0004c
3ffa2
00058
3ffba
00031
3ffe2
00010
3fffa
00002
00000
3ffff
00000
// --- phase 249 ---
00000
00000
00003
3fff8
00011
3ffe1
00030
3ffbe
0004d
3ffb5
0002e
00013
3ff7f
0011e
3fe1b
002c0
3fc73
0041c
3fbce
00390
3fe05
3ff47
0049d
3f65b
00f9b
3e9dd
01cbc
3dd3b
02779
3d64d
025f6
1cc67
03eac
3cbc8
02ca3
3db08
01d19
3eaa2
00e35
3f803
002f9
000bb
3fcdd
00463
3fb4b
0045a
3fc69
002a8
3fe46
000ee
3ffad
3ffed
0004a
3ffa4
00057
3ffba
00031
3ffe2
00010
3fffa
00002
00000
3ffff
00000
// --- phase 250 ---
00000
00000
00002
3fff8
00011
3ffe1
00030
3ffbe
0004e
3ffb4
00030
00010
3ff83
0011b
3fe1e
002bf
3fc72
00421
3fbc3
003a0
3fdee
3ff64
0047e
3f679
00f83
3e9e8
01cc8
3dd0a
027e5
3d57a
027ce
1cc84
03cb8
3cc93
02c44
3db2d
01d17
3ea8f
00e54
3f7e0
0031a
0009e
3fcf4
00454
3fb54
00456
3fc69
002aa
3fe42
000f2
3ffa9
3fff0
00048
3ffa5
00057
3ffba
00031
3ffe2
00010
3fff9
00002
00000
3ffff
00000
// --- phase 251 ---
00000
00000
00002
3fff8
00011
3ffe1
00030
3ffbe
0004f
3ffb3
00033
0000d
3ff86
00117
3fe21
002bd
3fc70
00427
3fbb9
003b1
3fdd7
3ff80
0045f
3f698
00f6a
3e9f3
01cd4
3dcd9
02850
3d4a8
029a9
1cc9c
03ac6
3cd5f
02be3
3db53
01d14
3ea7c
00e72
3f7be
0033b
00081
3fd0a
00444
3fb5e
00452
3fc69
002ac
3fe3f
000f6
3ffa6
3fff3
00046
3ffa6
00056
3ffbb
00031
3ffe2
00010
3fff9
00002
00000
3ffff
00000
// --- phase 252 ---
00000
00000
00002
3fff9
00011
3ffe1
00030
3ffbd
00050
3ffb1
00035
0000a
3ff8a
00114
3fe24
002bc
3fc6f
0042c
3fbae
003c2
3fdc0
3ff9c
0043f
3f6b8
00f50
3ea00
01cdf
3dcaa
028b9
3d3d6
02b87
1ccaf
038d6
3ce2c
02b82
3db7a
01d11
3ea6a
00e8f
3f79c
0035c
00064
3fd21
00434
3fb67
0044e
3fc69
002af
3fe3b
000fa
3ffa2
3fff6
00043
3ffa8
00055
3ffbb
00031
3ffe2
00010
3fff9
00002
00000
3ffff
00000
// --- phase 253 ---
00000
00000
00002
3fff9
00011
3ffe1
00030
3ffbd
00051
3ffb0
00037
00007
3ff8d
00110
3fe27
002ba
3fc6e
00431
3fba4
003d3
3fda9
3ffb9
0041f
3f6d7
00f36
3ea0d
01ce8
3dc7b
02922
3d305
02d67
1ccbe
036e9
3cef9
02b1f
3dba3
01d0c
3ea59
00eac
3f77a
0037d
00048
3fd37
00424
3fb71
00449
3fc6a
002b1
3fe38
000fe
3ff9f
3fff9
00041
3ffa9
00054
3ffbb
00031
3ffe2
00010
3fff9
00002
00000
00000
00000
// --- phase 254 ---
00000
00000
00002
3fff9
00010
3ffe2
00030
3ffbd
00051
3ffae
00039
00004
3ff90
0010d
3fe2a
002b8
3fc6d
00436
3fb99
003e3
3fd93
3ffd5
003ff
3f6f7
00f1c
3ea1b
01cf1
3dc4e
0298a
3d235
02f49
1ccc7
034fd
3cfc7
02abb
3dbcc
01d07
3ea48
00ec9
3f759
0039e
0002b
3fd4e
00414
3fb7b
00445
3fc6a
002b3
3fe34
00101
3ff9b
3fffc
0003f
3ffaa
00054
3ffbc
00031
3ffe2
00010
3fff9
00002
00000
00000
00000
// --- phase 255 ---
00000
00000
00002
3fff9
00010
3ffe2
00031
3ffbc
00052
3ffad
0003b
00001
3ff94
00109
3fe2e
002b7
3fc6c
0043b
3fb8f
003f3
3fd7c
3fff2
003df
3f717
00f01
3ea29
01cf9
3dc22
029f1
3d165
0312e
1cccc
03314
3d096
02a57
3dbf6
01d01
3ea38
00ee5
3f738
003bf
0000e
3fd65
00404
3fb85
00440
3fc6b
002b5
3fe31
00105
3ff97
3ffff
0003d
3ffac
00053
3ffbc
00031
3ffe2
00010
3fff9
00002
00000
00000
00000
// --- phase 256 (sentinel = phase 0) ---
00000
00000
00002
3fff9
00010
3ffe2
00031
3ffbc
00053
3ffac
0003d
3ffff
3ff97
00105
3fe31
002b5
3fc6b
00440
3fb85
00404
3fd65
0000e
003bf
3f738
00ee5
3ea38
01d01
3dbf6
02a57
3d096
03314
1cccc
0312e
3d165
029f1
3dc22
01cf9
3ea29
00f01
3f717
003df
3fff2
3fd7c
003f3
3fb8f
0043b
3fc6c
002b7
3fe2e
00109
3ff94
00001
0003b
3ffad
00052
3ffbc
00031
3ffe2
00010
3fff9
00002
00000
00000
00000
